facility_id,facility_type,zone,lead_time_days,medicine,month,stock_on_hand,consumption,resupply,days_of_stock,stockout
ETH001,Health Centre,SNNPR,21,Oxytocin,2024-01,72.0,27,0,80.0,0
ETH001,Health Centre,SNNPR,21,Oxytocin,2024-02,44.0,28,0,47.1,0
ETH001,Health Centre,SNNPR,21,Oxytocin,2024-03,24.0,20,0,36.0,0
ETH001,Health Centre,SNNPR,21,Oxytocin,2024-04,68.0,25,69,81.6,0
ETH001,Health Centre,SNNPR,21,Oxytocin,2024-05,40.0,28,0,42.9,0
ETH001,Health Centre,SNNPR,21,Oxytocin,2024-07,47.0,24,57,58.8,0
ETH001,Health Centre,SNNPR,21,Oxytocin,2024-08,30.0,17,0,52.9,0
ETH001,Health Centre,SNNPR,21,Oxytocin,2024-09,5.0,25,0,6.0,0
ETH001,Health Centre,SNNPR,21,Oxytocin,2024-10,35.0,28,58,37.5,0
ETH001,Health Centre,SNNPR,21,Oxytocin,2024-11,74.0,24,63,92.5,0
ETH001,Health Centre,SNNPR,21,ORS/Zinc,2024-01,133.0,18,0,180.0,0
ETH001,Health Centre,SNNPR,21,ORS/Zinc,2024-02,106.0,27,0,117.8,0
ETH001,Health Centre,SNNPR,21,ORS/Zinc,2024-03,79.0,27,0,87.8,0
ETH001,Health Centre,SNNPR,21,ORS/Zinc,2024-05,22.0,25,0,26.4,0
ETH001,Health Centre,SNNPR,21,ORS/Zinc,2024-06,89.0,21,88,127.1,0
ETH001,Health Centre,SNNPR,21,ORS/Zinc,2024-08,25.0,31,0,24.2,0
ETH001,Health Centre,SNNPR,21,ORS/Zinc,2024-09,86.0,28,89,92.1,0
ETH001,Health Centre,SNNPR,21,ORS/Zinc,2024-10,70.0,16,0,131.2,0
ETH001,Health Centre,SNNPR,21,ORS/Zinc,2024-11,36.0,34,0,31.8,0
ETH001,Health Centre,SNNPR,21,ORS/Zinc,2024-12,18.0,18,0,30.0,0
ETH001,Health Centre,SNNPR,21,Artemether-Lumefantrine,2024-01,141.0,18,0,180.0,0
ETH001,Health Centre,SNNPR,21,Artemether-Lumefantrine,2024-02,123.0,18,0,180.0,0
ETH001,Health Centre,SNNPR,21,Artemether-Lumefantrine,2024-03,99.0,24,0,123.8,0
ETH001,Health Centre,SNNPR,21,Artemether-Lumefantrine,2024-04,80.0,19,0,126.3,0
ETH001,Health Centre,SNNPR,21,Artemether-Lumefantrine,2024-05,52.0,28,0,55.7,0
ETH001,Health Centre,SNNPR,21,Artemether-Lumefantrine,2024-06,5.0,47,0,3.2,0
ETH001,Health Centre,SNNPR,21,Artemether-Lumefantrine,2024-08,21.0,37,0,17.0,0
ETH001,Health Centre,SNNPR,21,Artemether-Lumefantrine,2024-09,0.0,21,0,0.0,1
ETH001,Health Centre,SNNPR,21,Artemether-Lumefantrine,2024-10,0.0,0,0,0.0,1
ETH001,Health Centre,SNNPR,21,Artemether-Lumefantrine,2024-11,36.0,25,61,43.2,0
ETH001,Health Centre,SNNPR,21,Artemether-Lumefantrine,2024-12,69.0,26,59,79.6,0
ETH001,Health Centre,SNNPR,21,Magnesium Sulphate,2024-01,118.0,20,0,177.0,0
ETH001,Health Centre,SNNPR,21,Magnesium Sulphate,2024-03,64.0,25,0,76.8,0
ETH001,Health Centre,SNNPR,21,Magnesium Sulphate,2024-04,43.0,21,0,61.4,0
ETH001,Health Centre,SNNPR,21,Magnesium Sulphate,2024-05,25.0,18,0,41.7,0
ETH001,Health Centre,SNNPR,21,Magnesium Sulphate,2024-06,6.0,19,0,9.5,0
ETH001,Health Centre,SNNPR,21,Magnesium Sulphate,2024-07,77.0,24,95,96.2,0
ETH001,Health Centre,SNNPR,21,Magnesium Sulphate,2024-08,65.0,12,0,162.5,0
ETH001,Health Centre,SNNPR,21,Magnesium Sulphate,2024-09,45.0,20,0,67.5,0
ETH001,Health Centre,SNNPR,21,Magnesium Sulphate,2024-11,47.0,33,48,42.7,0
ETH001,Health Centre,SNNPR,21,Magnesium Sulphate,2024-12,21.0,26,0,24.2,0
ETH002,Hospital,Oromia,37,Oxytocin,2024-01,254.0,102,0,74.7,0
ETH002,Hospital,Oromia,37,Oxytocin,2024-02,160.0,94,0,51.1,0
ETH002,Hospital,Oromia,37,Oxytocin,2024-03,71.0,89,0,23.9,0
ETH002,Hospital,Oromia,37,Oxytocin,2024-04,0.0,71,0,0.0,1
ETH002,Hospital,Oromia,37,Oxytocin,2024-05,0.0,0,0,0.0,1
ETH002,Hospital,Oromia,37,Oxytocin,2024-06,288.0,91,379,94.9,0
ETH002,Hospital,Oromia,37,Oxytocin,2024-07,189.0,99,0,57.3,0
ETH002,Hospital,Oromia,37,Oxytocin,2024-08,105.0,84,0,37.5,0
ETH002,Hospital,Oromia,37,Oxytocin,2024-10,0.0,3,0,0.0,1
ETH002,Hospital,Oromia,37,Oxytocin,2024-11,145.0,99,244,43.9,0
ETH002,Hospital,Oromia,37,Oxytocin,2024-12,53.0,92,0,17.3,0
ETH002,Hospital,Oromia,37,ORS/Zinc,2024-01,345.0,80,0,129.4,0
ETH002,Hospital,Oromia,37,ORS/Zinc,2024-02,256.0,89,0,86.3,0
ETH002,Hospital,Oromia,37,ORS/Zinc,2024-03,157.0,99,0,47.6,0
ETH002,Hospital,Oromia,37,ORS/Zinc,2024-05,0.0,49,0,0.0,1
ETH002,Hospital,Oromia,37,ORS/Zinc,2024-06,0.0,0,0,0.0,1
ETH002,Hospital,Oromia,37,ORS/Zinc,2024-07,291.0,85,376,102.7,0
ETH002,Hospital,Oromia,37,ORS/Zinc,2024-08,183.0,108,0,50.8,0
ETH002,Hospital,Oromia,37,ORS/Zinc,2024-09,86.0,97,0,26.6,0
ETH002,Hospital,Oromia,37,ORS/Zinc,2024-10,0.0,86,0,0.0,1
ETH002,Hospital,Oromia,37,ORS/Zinc,2024-11,230.0,94,324,73.4,0
ETH002,Hospital,Oromia,37,ORS/Zinc,2024-12,135.0,95,0,42.6,0
ETH002,Hospital,Oromia,37,Artemether-Lumefantrine,2024-01,269.0,84,0,96.1,0
ETH002,Hospital,Oromia,37,Artemether-Lumefantrine,2024-02,166.0,103,0,48.3,0
ETH002,Hospital,Oromia,37,Artemether-Lumefantrine,2024-03,71.0,95,0,22.4,0
ETH002,Hospital,Oromia,37,Artemether-Lumefantrine,2024-04,0.0,71,0,0.0,1
ETH002,Hospital,Oromia,37,Artemether-Lumefantrine,2024-06,0.0,0,0,0.0,1
ETH002,Hospital,Oromia,37,Artemether-Lumefantrine,2024-07,0.0,0,0,0.0,1
ETH002,Hospital,Oromia,37,Artemether-Lumefantrine,2024-08,0.0,0,0,0.0,1
ETH002,Hospital,Oromia,37,Artemether-Lumefantrine,2024-09,263.0,135,398,58.4,0
ETH002,Hospital,Oromia,37,Artemether-Lumefantrine,2024-10,162.0,101,0,48.1,0
ETH002,Hospital,Oromia,37,Artemether-Lumefantrine,2024-12,0.0,82,0,0.0,1
ETH002,Hospital,Oromia,37,Magnesium Sulphate,2024-02,214.0,89,0,72.1,0
ETH002,Hospital,Oromia,37,Magnesium Sulphate,2024-03,122.0,92,0,39.8,0
ETH002,Hospital,Oromia,37,Magnesium Sulphate,2024-04,28.0,94,0,8.9,0
ETH002,Hospital,Oromia,37,Magnesium Sulphate,2024-05,151.0,90,213,50.3,0
ETH002,Hospital,Oromia,37,Magnesium Sulphate,2024-06,74.0,77,0,28.8,0
ETH002,Hospital,Oromia,37,Magnesium Sulphate,2024-07,0.0,74,0,0.0,1
ETH002,Hospital,Oromia,37,Magnesium Sulphate,2024-08,164.0,81,245,60.7,0
ETH002,Hospital,Oromia,37,Magnesium Sulphate,2024-09,75.0,89,0,25.3,0
ETH002,Hospital,Oromia,37,Magnesium Sulphate,2024-10,0.0,75,0,0.0,1
ETH002,Hospital,Oromia,37,Magnesium Sulphate,2024-11,202.0,91,293,66.6,0
ETH002,Hospital,Oromia,37,Magnesium Sulphate,2024-12,116.0,86,0,40.5,0
ETH003,Health Post,SNNPR,13,Oxytocin,2024-01,28.0,5,0,168.0,0
ETH003,Health Post,SNNPR,13,Oxytocin,2024-02,25.0,3,0,180.0,0
ETH003,Health Post,SNNPR,13,Oxytocin,2024-03,20.0,5,0,120.0,0
ETH003,Health Post,SNNPR,13,Oxytocin,2024-04,12.0,8,0,45.0,0
ETH003,Health Post,SNNPR,13,Oxytocin,2024-05,11.0,1,0,180.0,0
ETH003,Health Post,SNNPR,13,Oxytocin,2024-06,4.0,7,0,17.1,0
ETH003,Health Post,SNNPR,13,Oxytocin,2024-07,0.0,4,0,0.0,1
ETH003,Health Post,SNNPR,13,Oxytocin,2024-08,13.0,5,18,78.0,0
ETH003,Health Post,SNNPR,13,Oxytocin,2024-09,7.0,6,0,35.0,0
ETH003,Health Post,SNNPR,13,Oxytocin,2024-10,20.0,8,21,75.0,0
ETH003,Health Post,SNNPR,13,Oxytocin,2024-11,15.0,5,0,90.0,0
ETH003,Health Post,SNNPR,13,Oxytocin,2024-12,12.0,3,0,120.0,0
ETH003,Health Post,SNNPR,13,ORS/Zinc,2024-01,15.0,13,0,34.6,0
ETH003,Health Post,SNNPR,13,ORS/Zinc,2024-02,7.0,8,0,26.2,0
ETH003,Health Post,SNNPR,13,ORS/Zinc,2024-03,16.0,8,17,60.0,0
ETH003,Health Post,SNNPR,13,ORS/Zinc,2024-04,12.0,4,0,90.0,0
ETH003,Health Post,SNNPR,13,ORS/Zinc,2024-05,6.0,6,0,30.0,0
ETH003,Health Post,SNNPR,13,ORS/Zinc,2024-06,0.0,6,0,0.0,1
ETH003,Health Post,SNNPR,13,ORS/Zinc,2024-07,14.0,6,20,70.0,0
ETH003,Health Post,SNNPR,13,ORS/Zinc,2024-09,9.0,9,12,30.0,0
ETH003,Health Post,SNNPR,13,ORS/Zinc,2024-10,24.0,5,20,144.0,0
ETH003,Health Post,SNNPR,13,ORS/Zinc,2024-11,13.0,11,0,35.5,0
ETH003,Health Post,SNNPR,13,ORS/Zinc,2024-12,8.0,5,0,48.0,0
ETH003,Health Post,SNNPR,13,Artemether-Lumefantrine,2024-01,25.0,4,0,180.0,0
ETH003,Health Post,SNNPR,13,Artemether-Lumefantrine,2024-02,21.0,4,0,157.5,0
ETH003,Health Post,SNNPR,13,Artemether-Lumefantrine,2024-03,20.0,1,0,180.0,0
ETH003,Health Post,SNNPR,13,Artemether-Lumefantrine,2024-04,19.0,1,0,180.0,0
ETH003,Health Post,SNNPR,13,Artemether-Lumefantrine,2024-05,12.0,7,0,51.4,0
ETH003,Health Post,SNNPR,13,Artemether-Lumefantrine,2024-06,5.0,7,0,21.4,0
ETH003,Health Post,SNNPR,13,Artemether-Lumefantrine,2024-07,2.0,3,0,20.0,0
ETH003,Health Post,SNNPR,13,Artemether-Lumefantrine,2024-08,0.0,2,0,0.0,1
ETH003,Health Post,SNNPR,13,Artemether-Lumefantrine,2024-10,14.0,2,0,180.0,0
ETH003,Health Post,SNNPR,13,Artemether-Lumefantrine,2024-11,8.0,6,0,40.0,0
ETH003,Health Post,SNNPR,13,Artemether-Lumefantrine,2024-12,19.0,1,12,180.0,0
ETH003,Health Post,SNNPR,13,Magnesium Sulphate,2024-01,10.0,7,0,42.9,0
ETH003,Health Post,SNNPR,13,Magnesium Sulphate,2024-02,6.0,4,0,45.0,0
ETH003,Health Post,SNNPR,13,Magnesium Sulphate,2024-03,0.0,6,0,0.0,1
ETH003,Health Post,SNNPR,13,Magnesium Sulphate,2024-04,0.0,0,0,0.0,1
ETH003,Health Post,SNNPR,13,Magnesium Sulphate,2024-05,0.0,0,0,0.0,1
ETH003,Health Post,SNNPR,13,Magnesium Sulphate,2024-06,12.0,5,17,72.0,0
ETH003,Health Post,SNNPR,13,Magnesium Sulphate,2024-07,3.0,9,0,10.0,0
ETH003,Health Post,SNNPR,13,Magnesium Sulphate,2024-09,8.0,6,0,40.0,0
ETH003,Health Post,SNNPR,13,Magnesium Sulphate,2024-10,14.0,5,11,84.0,0
ETH003,Health Post,SNNPR,13,Magnesium Sulphate,2024-11,7.0,7,0,30.0,0
ETH003,Health Post,SNNPR,13,Magnesium Sulphate,2024-12,3.0,4,0,22.5,0
ETH004,Health Centre,SNNPR,26,Oxytocin,2024-01,122.0,23,0,159.1,0
ETH004,Health Centre,SNNPR,26,Oxytocin,2024-02,106.0,16,0,180.0,0
ETH004,Health Centre,SNNPR,26,Oxytocin,2024-03,87.0,19,0,137.4,0
ETH004,Health Centre,SNNPR,26,Oxytocin,2024-04,67.0,20,0,100.5,0
ETH004,Health Centre,SNNPR,26,Oxytocin,2024-05,36.0,31,0,34.8,0
ETH004,Health Centre,SNNPR,26,Oxytocin,2024-06,60.0,28,52,64.3,0
ETH004,Health Centre,SNNPR,26,Oxytocin,2024-07,36.0,24,0,45.0,0
ETH004,Health Centre,SNNPR,26,Oxytocin,2024-08,18.0,18,0,30.0,0
ETH004,Health Centre,SNNPR,26,Oxytocin,2024-09,45.0,20,47,67.5,0
ETH004,Health Centre,SNNPR,26,Oxytocin,2024-10,13.0,32,0,12.2,0
ETH004,Health Centre,SNNPR,26,Oxytocin,2024-11,62.0,29,78,64.1,0
ETH004,Health Centre,SNNPR,26,Oxytocin,2024-12,40.0,22,0,54.5,0
ETH004,Health Centre,SNNPR,26,ORS/Zinc,2024-01,70.0,29,0,72.4,0
ETH004,Health Centre,SNNPR,26,ORS/Zinc,2024-02,41.0,29,0,42.4,0
ETH004,Health Centre,SNNPR,26,ORS/Zinc,2024-03,18.0,23,0,23.5,0
ETH004,Health Centre,SNNPR,26,ORS/Zinc,2024-04,0.0,18,0,0.0,1
ETH004,Health Centre,SNNPR,26,ORS/Zinc,2024-05,0.0,0,0,0.0,1
ETH004,Health Centre,SNNPR,26,ORS/Zinc,2024-06,40.0,27,67,44.4,0
ETH004,Health Centre,SNNPR,26,ORS/Zinc,2024-07,15.0,25,0,18.0,0
ETH004,Health Centre,SNNPR,26,ORS/Zinc,2024-08,0.0,15,0,0.0,1
ETH004,Health Centre,SNNPR,26,ORS/Zinc,2024-09,39.0,31,70,37.7,0
ETH004,Health Centre,SNNPR,26,ORS/Zinc,2024-10,66.0,35,62,56.6,0
ETH004,Health Centre,SNNPR,26,ORS/Zinc,2024-11,43.0,23,0,56.1,0
ETH004,Health Centre,SNNPR,26,ORS/Zinc,2024-12,19.0,24,0,23.8,0
ETH004,Health Centre,SNNPR,26,Artemether-Lumefantrine,2024-01,91.0,17,0,160.6,0
ETH004,Health Centre,SNNPR,26,Artemether-Lumefantrine,2024-03,44.0,21,0,62.9,0
ETH004,Health Centre,SNNPR,26,Artemether-Lumefantrine,2024-04,14.0,30,0,14.0,0
ETH004,Health Centre,SNNPR,26,Artemether-Lumefantrine,2024-05,52.0,21,59,74.3,0
ETH004,Health Centre,SNNPR,26,Artemether-Lumefantrine,2024-06,22.0,30,0,22.0,0
ETH004,Health Centre,SNNPR,26,Artemether-Lumefantrine,2024-07,79.0,38,95,62.4,0
ETH004,Health Centre,SNNPR,26,Artemether-Lumefantrine,2024-09,11.0,34,0,9.7,0
ETH004,Health Centre,SNNPR,26,Artemether-Lumefantrine,2024-10,68.0,21,78,97.1,0
ETH004,Health Centre,SNNPR,26,Artemether-Lumefantrine,2024-11,42.0,26,0,48.5,0
ETH004,Health Centre,SNNPR,26,Artemether-Lumefantrine,2024-12,14.0,28,0,15.0,0
ETH004,Health Centre,SNNPR,26,Magnesium Sulphate,2024-01,80.0,26,0,92.3,0
ETH004,Health Centre,SNNPR,26,Magnesium Sulphate,2024-02,55.0,25,0,66.0,0
ETH004,Health Centre,SNNPR,26,Magnesium Sulphate,2024-03,37.0,18,0,61.7,0
ETH004,Health Centre,SNNPR,26,Magnesium Sulphate,2024-04,83.0,28,74,88.9,0
ETH004,Health Centre,SNNPR,26,Magnesium Sulphate,2024-05,65.0,18,0,108.3,0
ETH004,Health Centre,SNNPR,26,Magnesium Sulphate,2024-06,50.0,15,0,100.0,0
ETH004,Health Centre,SNNPR,26,Magnesium Sulphate,2024-07,24.0,26,0,27.7,0
ETH004,Health Centre,SNNPR,26,Magnesium Sulphate,2024-08,56.0,24,56,70.0,0
ETH004,Health Centre,SNNPR,26,Magnesium Sulphate,2024-09,32.0,24,0,40.0,0
ETH004,Health Centre,SNNPR,26,Magnesium Sulphate,2024-10,95.0,23,86,123.9,0
ETH004,Health Centre,SNNPR,26,Magnesium Sulphate,2024-11,73.0,22,0,99.5,0
ETH004,Health Centre,SNNPR,26,Magnesium Sulphate,2024-12,44.0,29,0,45.5,0
ETH005,Health Post,Tigray,10,Oxytocin,2024-01,15.0,6,0,75.0,0
ETH005,Health Post,Tigray,10,Oxytocin,2024-02,13.0,2,0,180.0,0
ETH005,Health Post,Tigray,10,Oxytocin,2024-03,9.0,4,0,67.5,0
ETH005,Health Post,Tigray,10,Oxytocin,2024-04,2.0,7,0,8.6,0
ETH005,Health Post,Tigray,10,Oxytocin,2024-05,22.0,4,24,165.0,0
ETH005,Health Post,Tigray,10,Oxytocin,2024-06,16.0,6,0,80.0,0
ETH005,Health Post,Tigray,10,Oxytocin,2024-08,0.0,7,0,0.0,1
ETH005,Health Post,Tigray,10,Oxytocin,2024-09,15.0,4,19,112.5,0
ETH005,Health Post,Tigray,10,Oxytocin,2024-10,8.0,7,0,34.3,0
ETH005,Health Post,Tigray,10,Oxytocin,2024-11,4.0,4,0,30.0,0
ETH005,Health Post,Tigray,10,Oxytocin,2024-12,1.0,3,0,10.0,0
ETH005,Health Post,Tigray,10,ORS/Zinc,2024-01,28.0,5,0,168.0,0
ETH005,Health Post,Tigray,10,ORS/Zinc,2024-02,21.0,7,0,90.0,0
ETH005,Health Post,Tigray,10,ORS/Zinc,2024-03,12.0,9,0,40.0,0
ETH005,Health Post,Tigray,10,ORS/Zinc,2024-04,8.0,4,0,60.0,0
ETH005,Health Post,Tigray,10,ORS/Zinc,2024-05,16.0,9,17,53.3,0
ETH005,Health Post,Tigray,10,ORS/Zinc,2024-06,12.0,4,0,90.0,0
ETH005,Health Post,Tigray,10,ORS/Zinc,2024-07,3.0,9,0,10.0,0
ETH005,Health Post,Tigray,10,ORS/Zinc,2024-08,20.0,1,18,180.0,0
ETH005,Health Post,Tigray,10,ORS/Zinc,2024-10,9.0,6,0,45.0,0
ETH005,Health Post,Tigray,10,ORS/Zinc,2024-11,17.0,7,15,72.9,0
ETH005,Health Post,Tigray,10,ORS/Zinc,2024-12,10.0,7,0,42.9,0
ETH005,Health Post,Tigray,10,Artemether-Lumefantrine,2024-01,13.0,4,0,97.5,0
ETH005,Health Post,Tigray,10,Artemether-Lumefantrine,2024-02,9.0,4,0,67.5,0
ETH005,Health Post,Tigray,10,Artemether-Lumefantrine,2024-03,20.0,4,15,150.0,0
ETH005,Health Post,Tigray,10,Artemether-Lumefantrine,2024-04,13.0,7,0,55.7,0
ETH005,Health Post,Tigray,10,Artemether-Lumefantrine,2024-06,0.0,7,0,0.0,1
ETH005,Health Post,Tigray,10,Artemether-Lumefantrine,2024-07,5.0,16,21,9.4,0
ETH005,Health Post,Tigray,10,Artemether-Lumefantrine,2024-08,16.0,6,17,80.0,0
ETH005,Health Post,Tigray,10,Artemether-Lumefantrine,2024-09,8.0,8,0,30.0,0
ETH005,Health Post,Tigray,10,Artemether-Lumefantrine,2024-10,0.0,8,0,0.0,1
ETH005,Health Post,Tigray,10,Artemether-Lumefantrine,2024-11,0.0,0,0,0.0,1
ETH005,Health Post,Tigray,10,Artemether-Lumefantrine,2024-12,0.0,0,0,0.0,1
ETH005,Health Post,Tigray,10,Magnesium Sulphate,2024-01,17.0,5,0,102.0,0
ETH005,Health Post,Tigray,10,Magnesium Sulphate,2024-02,12.0,5,0,72.0,0
ETH005,Health Post,Tigray,10,Magnesium Sulphate,2024-03,1.0,11,0,2.7,0
ETH005,Health Post,Tigray,10,Magnesium Sulphate,2024-04,17.0,5,21,102.0,0
ETH005,Health Post,Tigray,10,Magnesium Sulphate,2024-05,13.0,4,0,97.5,0
ETH005,Health Post,Tigray,10,Magnesium Sulphate,2024-06,6.0,7,0,25.7,0
ETH005,Health Post,Tigray,10,Magnesium Sulphate,2024-07,0.0,6,0,0.0,1
ETH005,Health Post,Tigray,10,Magnesium Sulphate,2024-08,10.0,5,15,60.0,0
ETH005,Health Post,Tigray,10,Magnesium Sulphate,2024-09,6.0,4,0,45.0,0
ETH005,Health Post,Tigray,10,Magnesium Sulphate,2024-10,21.0,8,23,78.8,0
ETH005,Health Post,Tigray,10,Magnesium Sulphate,2024-11,15.0,6,0,75.0,0
ETH006,Health Post,Oromia,13,Oxytocin,2024-01,25.0,6,0,125.0,0
ETH006,Health Post,Oromia,13,Oxytocin,2024-02,19.0,6,0,95.0,0
ETH006,Health Post,Oromia,13,Oxytocin,2024-03,12.0,7,0,51.4,0
ETH006,Health Post,Oromia,13,Oxytocin,2024-04,7.0,5,0,42.0,0
ETH006,Health Post,Oromia,13,Oxytocin,2024-05,19.0,8,20,71.2,0
ETH006,Health Post,Oromia,13,Oxytocin,2024-06,14.0,5,0,84.0,0
ETH006,Health Post,Oromia,13,Oxytocin,2024-07,7.0,7,0,30.0,0
ETH006,Health Post,Oromia,13,Oxytocin,2024-08,3.0,4,0,22.5,0
ETH006,Health Post,Oromia,13,Oxytocin,2024-09,0.0,3,0,0.0,1
ETH006,Health Post,Oromia,13,Oxytocin,2024-10,9.0,10,19,27.0,0
ETH006,Health Post,Oromia,13,Oxytocin,2024-11,0.0,9,0,0.0,1
ETH006,Health Post,Oromia,13,Oxytocin,2024-12,21.0,8,29,78.8,0
ETH006,Health Post,Oromia,13,ORS/Zinc,2024-01,29.0,9,0,96.7,0
ETH006,Health Post,Oromia,13,ORS/Zinc,2024-02,23.0,6,0,115.0,0
ETH006,Health Post,Oromia,13,ORS/Zinc,2024-03,16.0,7,0,68.6,0
ETH006,Health Post,Oromia,13,ORS/Zinc,2024-04,13.0,3,0,130.0,0
ETH006,Health Post,Oromia,13,ORS/Zinc,2024-05,3.0,10,0,9.0,0
ETH006,Health Post,Oromia,13,ORS/Zinc,2024-06,14.0,4,15,105.0,0
ETH006,Health Post,Oromia,13,ORS/Zinc,2024-07,11.0,3,0,110.0,0
ETH006,Health Post,Oromia,13,ORS/Zinc,2024-08,1.0,10,0,3.0,0
ETH006,Health Post,Oromia,13,ORS/Zinc,2024-09,0.0,1,0,0.0,1
ETH006,Health Post,Oromia,13,ORS/Zinc,2024-10,10.0,8,18,37.5,0
ETH006,Health Post,Oromia,13,ORS/Zinc,2024-11,5.0,5,0,30.0,0
ETH006,Health Post,Oromia,13,ORS/Zinc,2024-12,0.0,5,0,0.0,1
ETH006,Health Post,Oromia,13,Artemether-Lumefantrine,2024-02,20.0,5,0,120.0,0
ETH006,Health Post,Oromia,13,Artemether-Lumefantrine,2024-03,14.0,6,0,70.0,0
ETH006,Health Post,Oromia,13,Artemether-Lumefantrine,2024-04,7.0,7,0,30.0,0
ETH006,Health Post,Oromia,13,Artemether-Lumefantrine,2024-05,17.0,12,22,42.5,0
ETH006,Health Post,Oromia,13,Artemether-Lumefantrine,2024-06,8.0,9,0,26.7,0
ETH006,Health Post,Oromia,13,Artemether-Lumefantrine,2024-08,14.0,4,0,105.0,0
ETH006,Health Post,Oromia,13,Artemether-Lumefantrine,2024-09,9.0,5,0,54.0,0
ETH006,Health Post,Oromia,13,Artemether-Lumefantrine,2024-10,2.0,7,0,8.6,0
ETH006,Health Post,Oromia,13,Artemether-Lumefantrine,2024-11,19.0,3,20,180.0,0
ETH006,Health Post,Oromia,13,Magnesium Sulphate,2024-01,21.0,6,0,105.0,0
ETH006,Health Post,Oromia,13,Magnesium Sulphate,2024-02,18.0,3,0,180.0,0
ETH006,Health Post,Oromia,13,Magnesium Sulphate,2024-03,8.0,10,0,24.0,0
ETH006,Health Post,Oromia,13,Magnesium Sulphate,2024-04,12.0,7,11,51.4,0
ETH006,Health Post,Oromia,13,Magnesium Sulphate,2024-06,0.0,3,0,0.0,1
ETH006,Health Post,Oromia,13,Magnesium Sulphate,2024-07,17.0,9,26,56.7,0
ETH006,Health Post,Oromia,13,Magnesium Sulphate,2024-08,14.0,3,0,140.0,0
ETH006,Health Post,Oromia,13,Magnesium Sulphate,2024-09,11.0,3,0,110.0,0
ETH006,Health Post,Oromia,13,Magnesium Sulphate,2024-10,8.0,3,0,80.0,0
ETH006,Health Post,Oromia,13,Magnesium Sulphate,2024-11,3.0,5,0,18.0,0
ETH006,Health Post,Oromia,13,Magnesium Sulphate,2024-12,16.0,5,18,96.0,0
ETH007,Health Centre,Amhara,27,Oxytocin,2024-01,87.0,25,0,104.4,0
ETH007,Health Centre,Amhara,27,Oxytocin,2024-02,64.0,23,0,83.5,0
ETH007,Health Centre,Amhara,27,Oxytocin,2024-04,6.0,34,0,5.3,0
ETH007,Health Centre,Amhara,27,Oxytocin,2024-05,48.0,20,62,72.0,0
ETH007,Health Centre,Amhara,27,Oxytocin,2024-06,25.0,23,0,32.6,0
ETH007,Health Centre,Amhara,27,Oxytocin,2024-08,50.0,22,0,68.2,0
ETH007,Health Centre,Amhara,27,Oxytocin,2024-09,31.0,19,0,48.9,0
ETH007,Health Centre,Amhara,27,Oxytocin,2024-10,68.0,23,60,88.7,0
ETH007,Health Centre,Amhara,27,Oxytocin,2024-11,43.0,25,0,51.6,0
ETH007,Health Centre,Amhara,27,Oxytocin,2024-12,21.0,22,0,28.6,0
ETH007,Health Centre,Amhara,27,ORS/Zinc,2024-01,90.0,34,0,79.4,0
ETH007,Health Centre,Amhara,27,ORS/Zinc,2024-02,68.0,22,0,92.7,0
ETH007,Health Centre,Amhara,27,ORS/Zinc,2024-03,44.0,24,0,55.0,0
ETH007,Health Centre,Amhara,27,ORS/Zinc,2024-04,24.0,20,0,36.0,0
ETH007,Health Centre,Amhara,27,ORS/Zinc,2024-05,4.0,20,0,6.0,0
ETH007,Health Centre,Amhara,27,ORS/Zinc,2024-07,18.0,33,0,16.4,0
ETH007,Health Centre,Amhara,27,ORS/Zinc,2024-08,62.0,23,67,80.9,0
ETH007,Health Centre,Amhara,27,ORS/Zinc,2024-10,25.0,16,0,46.9,0
ETH007,Health Centre,Amhara,27,ORS/Zinc,2024-11,0.0,25,0,0.0,1
ETH007,Health Centre,Amhara,27,ORS/Zinc,2024-12,45.0,20,65,67.5,0
ETH007,Health Centre,Amhara,27,Artemether-Lumefantrine,2024-01,45.0,23,0,58.7,0
ETH007,Health Centre,Amhara,27,Artemether-Lumefantrine,2024-02,22.0,23,0,28.7,0
ETH007,Health Centre,Amhara,27,Artemether-Lumefantrine,2024-03,55.0,23,56,71.7,0
ETH007,Health Centre,Amhara,27,Artemether-Lumefantrine,2024-04,37.0,18,0,61.7,0
ETH007,Health Centre,Amhara,27,Artemether-Lumefantrine,2024-05,12.0,25,0,14.4,0
ETH007,Health Centre,Amhara,27,Artemether-Lumefantrine,2024-06,48.0,24,60,60.0,0
ETH007,Health Centre,Amhara,27,Artemether-Lumefantrine,2024-07,23.0,25,0,27.6,0
ETH007,Health Centre,Amhara,27,Artemether-Lumefantrine,2024-08,0.0,23,0,0.0,1
ETH007,Health Centre,Amhara,27,Artemether-Lumefantrine,2024-09,43.0,37,80,34.9,0
ETH007,Health Centre,Amhara,27,Artemether-Lumefantrine,2024-10,25.0,18,0,41.7,0
ETH007,Health Centre,Amhara,27,Artemether-Lumefantrine,2024-11,61.0,33,69,55.5,0
ETH007,Health Centre,Amhara,27,Artemether-Lumefantrine,2024-12,40.0,21,0,57.1,0
ETH007,Health Centre,Amhara,27,Magnesium Sulphate,2024-01,125.0,23,0,163.0,0
ETH007,Health Centre,Amhara,27,Magnesium Sulphate,2024-04,52.0,31,0,50.3,0
ETH007,Health Centre,Amhara,27,Magnesium Sulphate,2024-05,30.0,22,0,40.9,0
ETH007,Health Centre,Amhara,27,Magnesium Sulphate,2024-06,55.0,22,47,75.0,0
ETH007,Health Centre,Amhara,27,Magnesium Sulphate,2024-07,29.0,26,0,33.5,0
ETH007,Health Centre,Amhara,27,Magnesium Sulphate,2024-08,74.0,24,69,92.5,0
ETH007,Health Centre,Amhara,27,Magnesium Sulphate,2024-09,60.0,14,0,128.6,0
ETH007,Health Centre,Amhara,27,Magnesium Sulphate,2024-10,44.0,16,0,82.5,0
ETH007,Health Centre,Amhara,27,Magnesium Sulphate,2024-11,16.0,28,0,17.1,0
ETH007,Health Centre,Amhara,27,Magnesium Sulphate,2024-12,83.0,30,97,83.0,0
ETH008,Health Centre,Amhara,17,Oxytocin,2024-01,102.0,30,0,102.0,0
ETH008,Health Centre,Amhara,17,Oxytocin,2024-02,83.0,19,0,131.1,0
ETH008,Health Centre,Amhara,17,Oxytocin,2024-03,64.0,19,0,101.1,0
ETH008,Health Centre,Amhara,17,Oxytocin,2024-04,36.0,28,0,38.6,0
ETH008,Health Centre,Amhara,17,Oxytocin,2024-07,42.0,28,0,45.0,0
ETH008,Health Centre,Amhara,17,Oxytocin,2024-08,19.0,23,0,24.8,0
ETH008,Health Centre,Amhara,17,Oxytocin,2024-09,69.0,22,72,94.1,0
ETH008,Health Centre,Amhara,17,Oxytocin,2024-10,48.0,21,0,68.6,0
ETH008,Health Centre,Amhara,17,Oxytocin,2024-12,1.0,23,0,1.3,0
ETH008,Health Centre,Amhara,17,ORS/Zinc,2024-01,59.0,25,0,70.8,0
ETH008,Health Centre,Amhara,17,ORS/Zinc,2024-02,37.0,22,0,50.5,0
ETH008,Health Centre,Amhara,17,ORS/Zinc,2024-03,15.0,22,0,20.5,0
ETH008,Health Centre,Amhara,17,ORS/Zinc,2024-04,0.0,15,0,0.0,1
ETH008,Health Centre,Amhara,17,ORS/Zinc,2024-06,83.0,20,103,124.5,0
ETH008,Health Centre,Amhara,17,ORS/Zinc,2024-07,54.0,29,0,55.9,0
ETH008,Health Centre,Amhara,17,ORS/Zinc,2024-08,25.0,29,0,25.9,0
ETH008,Health Centre,Amhara,17,ORS/Zinc,2024-09,94.0,20,89,141.0,0
ETH008,Health Centre,Amhara,17,ORS/Zinc,2024-10,70.0,24,0,87.5,0
ETH008,Health Centre,Amhara,17,ORS/Zinc,2024-11,49.0,21,0,70.0,0
ETH008,Health Centre,Amhara,17,ORS/Zinc,2024-12,24.0,25,0,28.8,0
ETH008,Health Centre,Amhara,17,Artemether-Lumefantrine,2024-01,90.0,28,0,96.4,0
ETH008,Health Centre,Amhara,17,Artemether-Lumefantrine,2024-03,42.0,20,0,63.0,0
ETH008,Health Centre,Amhara,17,Artemether-Lumefantrine,2024-04,17.0,25,0,20.4,0
ETH008,Health Centre,Amhara,17,Artemether-Lumefantrine,2024-05,87.0,20,90,130.5,0
ETH008,Health Centre,Amhara,17,Artemether-Lumefantrine,2024-06,54.0,33,0,49.1,0
ETH008,Health Centre,Amhara,17,Artemether-Lumefantrine,2024-07,17.0,37,0,13.8,0
ETH008,Health Centre,Amhara,17,Artemether-Lumefantrine,2024-08,0.0,17,0,0.0,1
ETH008,Health Centre,Amhara,17,Artemether-Lumefantrine,2024-09,0.0,0,0,0.0,1
ETH008,Health Centre,Amhara,17,Artemether-Lumefantrine,2024-10,52.0,15,67,104.0,0
ETH008,Health Centre,Amhara,17,Artemether-Lumefantrine,2024-11,25.0,27,0,27.8,0
ETH008,Health Centre,Amhara,17,Artemether-Lumefantrine,2024-12,79.0,26,80,91.2,0
ETH008,Health Centre,Amhara,17,Magnesium Sulphate,2024-01,45.0,19,0,71.1,0
ETH008,Health Centre,Amhara,17,Magnesium Sulphate,2024-02,20.0,25,0,24.0,0
ETH008,Health Centre,Amhara,17,Magnesium Sulphate,2024-03,72.0,27,79,80.0,0
ETH008,Health Centre,Amhara,17,Magnesium Sulphate,2024-04,46.0,26,0,53.1,0
ETH008,Health Centre,Amhara,17,Magnesium Sulphate,2024-06,89.0,25,84,106.8,0
ETH008,Health Centre,Amhara,17,Magnesium Sulphate,2024-07,60.0,29,0,62.1,0
ETH008,Health Centre,Amhara,17,Magnesium Sulphate,2024-08,38.0,22,0,51.8,0
ETH008,Health Centre,Amhara,17,Magnesium Sulphate,2024-09,95.0,13,70,180.0,0
ETH008,Health Centre,Amhara,17,Magnesium Sulphate,2024-10,73.0,22,0,99.5,0
ETH008,Health Centre,Amhara,17,Magnesium Sulphate,2024-11,53.0,20,0,79.5,0
ETH008,Health Centre,Amhara,17,Magnesium Sulphate,2024-12,24.0,29,0,24.8,0
ETH009,Health Centre,Tigray,15,Oxytocin,2024-01,128.0,22,0,174.5,0
ETH009,Health Centre,Tigray,15,Oxytocin,2024-02,97.0,31,0,93.9,0
ETH009,Health Centre,Tigray,15,Oxytocin,2024-03,73.0,24,0,91.2,0
ETH009,Health Centre,Tigray,15,Oxytocin,2024-04,52.0,21,0,74.3,0
ETH009,Health Centre,Tigray,15,Oxytocin,2024-05,18.0,34,0,15.9,0
ETH009,Health Centre,Tigray,15,Oxytocin,2024-06,76.0,16,74,142.5,0
ETH009,Health Centre,Tigray,15,Oxytocin,2024-07,58.0,18,0,96.7,0
ETH009,Health Centre,Tigray,15,Oxytocin,2024-08,39.0,19,0,61.6,0
ETH009,Health Centre,Tigray,15,Oxytocin,2024-09,68.0,26,55,78.5,0
ETH009,Health Centre,Tigray,15,Oxytocin,2024-10,41.0,27,0,45.6,0
ETH009,Health Centre,Tigray,15,Oxytocin,2024-11,16.0,25,0,19.2,0
ETH009,Health Centre,Tigray,15,Oxytocin,2024-12,45.0,23,52,58.7,0
ETH009,Health Centre,Tigray,15,ORS/Zinc,2024-01,132.0,24,0,165.0,0
ETH009,Health Centre,Tigray,15,ORS/Zinc,2024-02,113.0,19,0,178.4,0
ETH009,Health Centre,Tigray,15,ORS/Zinc,2024-03,88.0,25,0,105.6,0
ETH009,Health Centre,Tigray,15,ORS/Zinc,2024-04,53.0,35,0,45.4,0
ETH009,Health Centre,Tigray,15,ORS/Zinc,2024-05,30.0,23,0,39.1,0
ETH009,Health Centre,Tigray,15,ORS/Zinc,2024-07,64.0,16,0,120.0,0
ETH009,Health Centre,Tigray,15,ORS/Zinc,2024-08,39.0,25,0,46.8,0
ETH009,Health Centre,Tigray,15,ORS/Zinc,2024-10,76.0,23,75,99.1,0
ETH009,Health Centre,Tigray,15,ORS/Zinc,2024-11,53.0,23,0,69.1,0
ETH009,Health Centre,Tigray,15,ORS/Zinc,2024-12,22.0,31,0,21.3,0
ETH009,Health Centre,Tigray,15,Artemether-Lumefantrine,2024-01,118.0,16,0,180.0,0
ETH009,Health Centre,Tigray,15,Artemether-Lumefantrine,2024-02,83.0,35,0,71.1,0
ETH009,Health Centre,Tigray,15,Artemether-Lumefantrine,2024-04,42.0,18,0,70.0,0
ETH009,Health Centre,Tigray,15,Artemether-Lumefantrine,2024-05,16.0,26,0,18.5,0
ETH009,Health Centre,Tigray,15,Artemether-Lumefantrine,2024-06,78.0,32,94,73.1,0
ETH009,Health Centre,Tigray,15,Artemether-Lumefantrine,2024-07,33.0,45,0,22.0,0
ETH009,Health Centre,Tigray,15,Artemether-Lumefantrine,2024-08,51.0,35,53,43.7,0
ETH009,Health Centre,Tigray,15,Artemether-Lumefantrine,2024-09,19.0,32,0,17.8,0
ETH009,Health Centre,Tigray,15,Artemether-Lumefantrine,2024-10,0.0,19,0,0.0,1
ETH009,Health Centre,Tigray,15,Artemether-Lumefantrine,2024-11,56.0,29,85,57.9,0
ETH009,Health Centre,Tigray,15,Artemether-Lumefantrine,2024-12,28.0,28,0,30.0,0
ETH009,Health Centre,Tigray,15,Magnesium Sulphate,2024-01,122.0,29,0,126.2,0
ETH009,Health Centre,Tigray,15,Magnesium Sulphate,2024-02,93.0,29,0,96.2,0
ETH009,Health Centre,Tigray,15,Magnesium Sulphate,2024-03,60.0,33,0,54.5,0
ETH009,Health Centre,Tigray,15,Magnesium Sulphate,2024-04,43.0,17,0,75.9,0
ETH009,Health Centre,Tigray,15,Magnesium Sulphate,2024-05,21.0,22,0,28.6,0
ETH009,Health Centre,Tigray,15,Magnesium Sulphate,2024-06,6.0,15,0,12.0,0
ETH009,Health Centre,Tigray,15,Magnesium Sulphate,2024-07,74.0,24,92,92.5,0
ETH009,Health Centre,Tigray,15,Magnesium Sulphate,2024-08,50.0,24,0,62.5,0
ETH009,Health Centre,Tigray,15,Magnesium Sulphate,2024-09,28.0,22,0,38.2,0
ETH009,Health Centre,Tigray,15,Magnesium Sulphate,2024-10,53.0,28,53,56.8,0
ETH009,Health Centre,Tigray,15,Magnesium Sulphate,2024-11,33.0,20,0,49.5,0
ETH009,Health Centre,Tigray,15,Magnesium Sulphate,2024-12,62.0,31,60,60.0,0
ETH010,Health Centre,Amhara,24,Oxytocin,2024-01,94.0,22,0,128.2,0
ETH010,Health Centre,Amhara,24,Oxytocin,2024-02,70.0,24,0,87.5,0
ETH010,Health Centre,Amhara,24,Oxytocin,2024-03,43.0,27,0,47.8,0
ETH010,Health Centre,Amhara,24,Oxytocin,2024-04,23.0,20,0,34.5,0
ETH010,Health Centre,Amhara,24,Oxytocin,2024-05,100.0,18,95,166.7,0
ETH010,Health Centre,Amhara,24,Oxytocin,2024-06,76.0,24,0,95.0,0
ETH010,Health Centre,Amhara,24,Oxytocin,2024-07,53.0,23,0,69.1,0
ETH010,Health Centre,Amhara,24,Oxytocin,2024-08,25.0,28,0,26.8,0
ETH010,Health Centre,Amhara,24,Oxytocin,2024-09,0.0,25,0,0.0,1
ETH010,Health Centre,Amhara,24,Oxytocin,2024-10,66.0,23,89,86.1,0
ETH010,Health Centre,Amhara,24,Oxytocin,2024-11,39.0,27,0,43.3,0
ETH010,Health Centre,Amhara,24,Oxytocin,2024-12,20.0,19,0,31.6,0
ETH010,Health Centre,Amhara,24,ORS/Zinc,2024-01,43.0,24,0,53.8,0
ETH010,Health Centre,Amhara,24,ORS/Zinc,2024-02,16.0,27,0,17.8,0
ETH010,Health Centre,Amhara,24,ORS/Zinc,2024-03,0.0,16,0,0.0,1
ETH010,Health Centre,Amhara,24,ORS/Zinc,2024-04,78.0,21,99,111.4,0
ETH010,Health Centre,Amhara,24,ORS/Zinc,2024-05,55.0,23,0,71.7,0
ETH010,Health Centre,Amhara,24,ORS/Zinc,2024-06,33.0,22,0,45.0,0
ETH010,Health Centre,Amhara,24,ORS/Zinc,2024-07,16.0,17,0,28.2,0
ETH010,Health Centre,Amhara,24,ORS/Zinc,2024-08,51.0,19,54,80.5,0
ETH010,Health Centre,Amhara,24,ORS/Zinc,2024-09,27.0,24,0,33.8,0
ETH010,Health Centre,Amhara,24,ORS/Zinc,2024-10,2.0,25,0,2.4,0
ETH010,Health Centre,Amhara,24,ORS/Zinc,2024-11,60.0,27,85,66.7,0
ETH010,Health Centre,Amhara,24,ORS/Zinc,2024-12,36.0,24,0,45.0,0
ETH010,Health Centre,Amhara,24,Artemether-Lumefantrine,2024-02,87.0,12,0,180.0,0
ETH010,Health Centre,Amhara,24,Artemether-Lumefantrine,2024-03,66.0,21,0,94.3,0
ETH010,Health Centre,Amhara,24,Artemether-Lumefantrine,2024-04,33.0,33,0,30.0,0
ETH010,Health Centre,Amhara,24,Artemether-Lumefantrine,2024-05,50.0,28,45,53.6,0
ETH010,Health Centre,Amhara,24,Artemether-Lumefantrine,2024-06,8.0,42,0,5.7,0
ETH010,Health Centre,Amhara,24,Artemether-Lumefantrine,2024-07,0.0,8,0,0.0,1
ETH010,Health Centre,Amhara,24,Artemether-Lumefantrine,2024-08,64.0,34,98,56.5,0
ETH010,Health Centre,Amhara,24,Artemether-Lumefantrine,2024-09,29.0,35,0,24.9,0
ETH010,Health Centre,Amhara,24,Artemether-Lumefantrine,2024-10,4.0,25,0,4.8,0
ETH010,Health Centre,Amhara,24,Artemether-Lumefantrine,2024-11,0.0,4,0,0.0,1
ETH010,Health Centre,Amhara,24,Artemether-Lumefantrine,2024-12,74.0,34,108,65.3,0
ETH010,Health Centre,Amhara,24,Magnesium Sulphate,2024-01,106.0,28,0,113.6,0
ETH010,Health Centre,Amhara,24,Magnesium Sulphate,2024-02,82.0,24,0,102.5,0
ETH010,Health Centre,Amhara,24,Magnesium Sulphate,2024-03,59.0,23,0,77.0,0
ETH010,Health Centre,Amhara,24,Magnesium Sulphate,2024-04,36.0,23,0,47.0,0
ETH010,Health Centre,Amhara,24,Magnesium Sulphate,2024-05,17.0,19,0,26.8,0
ETH010,Health Centre,Amhara,24,Magnesium Sulphate,2024-06,1.0,16,0,1.9,0
ETH010,Health Centre,Amhara,24,Magnesium Sulphate,2024-08,20.0,34,0,17.6,0
ETH010,Health Centre,Amhara,24,Magnesium Sulphate,2024-09,1.0,19,0,1.6,0
ETH010,Health Centre,Amhara,24,Magnesium Sulphate,2024-10,58.0,25,82,69.6,0
ETH010,Health Centre,Amhara,24,Magnesium Sulphate,2024-11,34.0,24,0,42.5,0
ETH011,Health Centre,SNNPR,19,Oxytocin,2024-01,53.0,27,0,58.9,0
ETH011,Health Centre,SNNPR,19,Oxytocin,2024-02,26.0,27,0,28.9,0
ETH011,Health Centre,SNNPR,19,Oxytocin,2024-03,0.0,26,0,0.0,1
ETH011,Health Centre,SNNPR,19,Oxytocin,2024-04,0.0,0,0,0.0,1
ETH011,Health Centre,SNNPR,19,Oxytocin,2024-05,58.0,21,79,82.9,0
ETH011,Health Centre,SNNPR,19,Oxytocin,2024-06,27.0,31,0,26.1,0
ETH011,Health Centre,SNNPR,19,Oxytocin,2024-08,43.0,16,0,80.6,0
ETH011,Health Centre,SNNPR,19,Oxytocin,2024-09,18.0,25,0,21.6,0
ETH011,Health Centre,SNNPR,19,Oxytocin,2024-10,0.0,18,0,0.0,1
ETH011,Health Centre,SNNPR,19,Oxytocin,2024-11,56.0,24,80,70.0,0
ETH011,Health Centre,SNNPR,19,ORS/Zinc,2024-01,95.0,25,0,114.0,0
ETH011,Health Centre,SNNPR,19,ORS/Zinc,2024-02,81.0,14,0,173.6,0
ETH011,Health Centre,SNNPR,19,ORS/Zinc,2024-03,55.0,26,0,63.5,0
ETH011,Health Centre,SNNPR,19,ORS/Zinc,2024-04,34.0,21,0,48.6,0
ETH011,Health Centre,SNNPR,19,ORS/Zinc,2024-05,68.0,29,63,70.3,0
ETH011,Health Centre,SNNPR,19,ORS/Zinc,2024-06,40.0,28,0,42.9,0
ETH011,Health Centre,SNNPR,19,ORS/Zinc,2024-07,15.0,25,0,18.0,0
ETH011,Health Centre,SNNPR,19,ORS/Zinc,2024-08,0.0,15,0,0.0,1
ETH011,Health Centre,SNNPR,19,ORS/Zinc,2024-09,66.0,35,101,56.6,0
ETH011,Health Centre,SNNPR,19,ORS/Zinc,2024-10,46.0,20,0,69.0,0
ETH011,Health Centre,SNNPR,19,ORS/Zinc,2024-11,22.0,24,0,27.5,0
ETH011,Health Centre,SNNPR,19,ORS/Zinc,2024-12,52.0,25,55,62.4,0
ETH011,Health Centre,SNNPR,19,Artemether-Lumefantrine,2024-01,80.0,20,0,120.0,0
ETH011,Health Centre,SNNPR,19,Artemether-Lumefantrine,2024-03,34.0,19,0,53.7,0
ETH011,Health Centre,SNNPR,19,Artemether-Lumefantrine,2024-04,93.0,23,82,121.3,0
ETH011,Health Centre,SNNPR,19,Artemether-Lumefantrine,2024-06,34.0,39,0,26.2,0
ETH011,Health Centre,SNNPR,19,Artemether-Lumefantrine,2024-07,68.0,30,64,68.0,0
ETH011,Health Centre,SNNPR,19,Artemether-Lumefantrine,2024-08,33.0,35,0,28.3,0
ETH011,Health Centre,SNNPR,19,Artemether-Lumefantrine,2024-09,62.0,30,59,62.0,0
ETH011,Health Centre,SNNPR,19,Artemether-Lumefantrine,2024-10,33.0,29,0,34.1,0
ETH011,Health Centre,SNNPR,19,Artemether-Lumefantrine,2024-11,89.0,26,82,102.7,0
ETH011,Health Centre,SNNPR,19,Artemether-Lumefantrine,2024-12,72.0,17,0,127.1,0
ETH011,Health Centre,SNNPR,19,Magnesium Sulphate,2024-01,42.0,28,0,45.0,0
ETH011,Health Centre,SNNPR,19,Magnesium Sulphate,2024-02,19.0,23,0,24.8,0
ETH011,Health Centre,SNNPR,19,Magnesium Sulphate,2024-04,60.0,16,0,112.5,0
ETH011,Health Centre,SNNPR,19,Magnesium Sulphate,2024-05,32.0,28,0,34.3,0
ETH011,Health Centre,SNNPR,19,Magnesium Sulphate,2024-06,56.0,34,58,49.4,0
ETH011,Health Centre,SNNPR,19,Magnesium Sulphate,2024-07,29.0,27,0,32.2,0
ETH011,Health Centre,SNNPR,19,Magnesium Sulphate,2024-08,9.0,20,0,13.5,0
ETH011,Health Centre,SNNPR,19,Magnesium Sulphate,2024-09,62.0,21,74,88.6,0
ETH011,Health Centre,SNNPR,19,Magnesium Sulphate,2024-10,43.0,19,0,67.9,0
ETH011,Health Centre,SNNPR,19,Magnesium Sulphate,2024-12,71.0,22,67,96.8,0
ETH012,Hospital,Amhara,42,Oxytocin,2024-01,313.0,94,0,99.9,0
ETH012,Hospital,Amhara,42,Oxytocin,2024-03,118.0,93,0,38.1,0
ETH012,Hospital,Amhara,42,Oxytocin,2024-04,33.0,85,0,11.6,0
ETH012,Hospital,Amhara,42,Oxytocin,2024-06,0.0,0,0,0.0,1
ETH012,Hospital,Amhara,42,Oxytocin,2024-07,265.0,95,360,83.7,0
ETH012,Hospital,Amhara,42,Oxytocin,2024-08,179.0,86,0,62.4,0
ETH012,Hospital,Amhara,42,Oxytocin,2024-10,0.0,70,0,0.0,1
ETH012,Hospital,Amhara,42,Oxytocin,2024-11,0.0,0,0,0.0,1
ETH012,Hospital,Amhara,42,Oxytocin,2024-12,132.0,91,223,43.5,0
ETH012,Hospital,Amhara,42,ORS/Zinc,2024-01,492.0,106,0,139.2,0
ETH012,Hospital,Amhara,42,ORS/Zinc,2024-03,328.0,76,0,129.5,0
ETH012,Hospital,Amhara,42,ORS/Zinc,2024-04,232.0,96,0,72.5,0
ETH012,Hospital,Amhara,42,ORS/Zinc,2024-05,154.0,78,0,59.2,0
ETH012,Hospital,Amhara,42,ORS/Zinc,2024-06,69.0,85,0,24.4,0
ETH012,Hospital,Amhara,42,ORS/Zinc,2024-07,0.0,69,0,0.0,1
ETH012,Hospital,Amhara,42,ORS/Zinc,2024-08,241.0,94,335,76.9,0
ETH012,Hospital,Amhara,42,ORS/Zinc,2024-10,86.0,79,0,32.7,0
ETH012,Hospital,Amhara,42,ORS/Zinc,2024-11,0.0,86,0,0.0,1
ETH012,Hospital,Amhara,42,ORS/Zinc,2024-12,149.0,84,233,53.2,0
ETH012,Hospital,Amhara,42,Artemether-Lumefantrine,2024-02,166.0,99,0,50.3,0
ETH012,Hospital,Amhara,42,Artemether-Lumefantrine,2024-03,74.0,92,0,24.1,0
ETH012,Hospital,Amhara,42,Artemether-Lumefantrine,2024-04,1.0,73,0,0.4,0
ETH012,Hospital,Amhara,42,Artemether-Lumefantrine,2024-05,0.0,1,0,0.0,1
ETH012,Hospital,Amhara,42,Artemether-Lumefantrine,2024-06,0.0,0,0,0.0,1
ETH012,Hospital,Amhara,42,Artemether-Lumefantrine,2024-07,133.0,142,275,28.1,0
ETH012,Hospital,Amhara,42,Artemether-Lumefantrine,2024-08,0.0,133,0,0.0,1
ETH012,Hospital,Amhara,42,Artemether-Lumefantrine,2024-10,38.0,88,0,13.0,0
ETH012,Hospital,Amhara,42,Artemether-Lumefantrine,2024-11,209.0,92,263,68.2,0
ETH012,Hospital,Amhara,42,Artemether-Lumefantrine,2024-12,119.0,90,0,39.7,0
ETH012,Hospital,Amhara,42,Magnesium Sulphate,2024-01,325.0,85,0,114.7,0
ETH012,Hospital,Amhara,42,Magnesium Sulphate,2024-03,156.0,73,0,64.1,0
ETH012,Hospital,Amhara,42,Magnesium Sulphate,2024-04,65.0,91,0,21.4,0
ETH012,Hospital,Amhara,42,Magnesium Sulphate,2024-06,116.0,88,204,39.5,0
ETH012,Hospital,Amhara,42,Magnesium Sulphate,2024-07,15.0,101,0,4.5,0
ETH012,Hospital,Amhara,42,Magnesium Sulphate,2024-09,90.0,82,0,32.9,0
ETH012,Hospital,Amhara,42,Magnesium Sulphate,2024-10,0.0,90,0,0.0,1
ETH012,Hospital,Amhara,42,Magnesium Sulphate,2024-11,195.0,79,274,74.1,0
ETH013,Health Centre,Tigray,17,Oxytocin,2024-01,90.0,24,0,112.5,0
ETH013,Health Centre,Tigray,17,Oxytocin,2024-02,66.0,24,0,82.5,0
ETH013,Health Centre,Tigray,17,Oxytocin,2024-03,45.0,21,0,64.3,0
ETH013,Health Centre,Tigray,17,Oxytocin,2024-04,20.0,25,0,24.0,0
ETH013,Health Centre,Tigray,17,Oxytocin,2024-06,51.0,30,0,51.0,0
ETH013,Health Centre,Tigray,17,Oxytocin,2024-07,28.0,23,0,36.5,0
ETH013,Health Centre,Tigray,17,Oxytocin,2024-08,69.0,25,66,82.8,0
ETH013,Health Centre,Tigray,17,Oxytocin,2024-09,46.0,23,0,60.0,0
ETH013,Health Centre,Tigray,17,Oxytocin,2024-10,13.0,33,0,11.8,0
ETH013,Health Centre,Tigray,17,Oxytocin,2024-11,0.0,13,0,0.0,1
ETH013,Health Centre,Tigray,17,Oxytocin,2024-12,62.0,29,91,64.1,0
ETH013,Health Centre,Tigray,17,ORS/Zinc,2024-01,51.0,24,0,63.8,0
ETH013,Health Centre,Tigray,17,ORS/Zinc,2024-02,33.0,18,0,55.0,0
ETH013,Health Centre,Tigray,17,ORS/Zinc,2024-03,13.0,20,0,19.5,0
ETH013,Health Centre,Tigray,17,ORS/Zinc,2024-04,47.0,22,56,64.1,0
ETH013,Health Centre,Tigray,17,ORS/Zinc,2024-05,29.0,18,0,48.3,0
ETH013,Health Centre,Tigray,17,ORS/Zinc,2024-06,4.0,25,0,4.8,0
ETH013,Health Centre,Tigray,17,ORS/Zinc,2024-08,47.0,25,72,56.4,0
ETH013,Health Centre,Tigray,17,ORS/Zinc,2024-09,35.0,12,0,87.5,0
ETH013,Health Centre,Tigray,17,ORS/Zinc,2024-10,70.0,21,56,100.0,0
ETH013,Health Centre,Tigray,17,ORS/Zinc,2024-12,22.0,23,0,28.7,0
ETH013,Health Centre,Tigray,17,Artemether-Lumefantrine,2024-01,105.0,29,0,108.6,0
ETH013,Health Centre,Tigray,17,Artemether-Lumefantrine,2024-02,82.0,23,0,107.0,0
ETH013,Health Centre,Tigray,17,Artemether-Lumefantrine,2024-03,59.0,23,0,77.0,0
ETH013,Health Centre,Tigray,17,Artemether-Lumefantrine,2024-04,26.0,33,0,23.6,0
ETH013,Health Centre,Tigray,17,Artemether-Lumefantrine,2024-05,79.0,27,80,87.8,0
ETH013,Health Centre,Tigray,17,Artemether-Lumefantrine,2024-06,38.0,41,0,27.8,0
ETH013,Health Centre,Tigray,17,Artemether-Lumefantrine,2024-07,0.0,38,0,0.0,1
ETH013,Health Centre,Tigray,17,Artemether-Lumefantrine,2024-08,25.0,40,65,18.8,0
ETH013,Health Centre,Tigray,17,Artemether-Lumefantrine,2024-09,73.0,40,88,54.8,0
ETH013,Health Centre,Tigray,17,Artemether-Lumefantrine,2024-10,44.0,29,0,45.5,0
ETH013,Health Centre,Tigray,17,Artemether-Lumefantrine,2024-11,12.0,32,0,11.2,0
ETH013,Health Centre,Tigray,17,Artemether-Lumefantrine,2024-12,51.0,24,63,63.8,0
ETH013,Health Centre,Tigray,17,Magnesium Sulphate,2024-01,114.0,22,0,155.5,0
ETH013,Health Centre,Tigray,17,Magnesium Sulphate,2024-02,97.0,17,0,171.2,0
ETH013,Health Centre,Tigray,17,Magnesium Sulphate,2024-04,49.0,24,0,61.2,0
ETH013,Health Centre,Tigray,17,Magnesium Sulphate,2024-05,20.0,29,0,20.7,0
ETH013,Health Centre,Tigray,17,Magnesium Sulphate,2024-06,52.0,25,57,62.4,0
ETH013,Health Centre,Tigray,17,Magnesium Sulphate,2024-07,31.0,21,0,44.3,0
ETH013,Health Centre,Tigray,17,Magnesium Sulphate,2024-08,1.0,30,0,1.0,0
ETH013,Health Centre,Tigray,17,Magnesium Sulphate,2024-09,65.0,24,88,81.2,0
ETH013,Health Centre,Tigray,17,Magnesium Sulphate,2024-10,41.0,24,0,51.2,0
ETH013,Health Centre,Tigray,17,Magnesium Sulphate,2024-11,17.0,24,0,21.2,0
ETH013,Health Centre,Tigray,17,Magnesium Sulphate,2024-12,0.0,17,0,0.0,1
ETH014,Health Centre,Amhara,14,Oxytocin,2024-01,63.0,18,0,105.0,0
ETH014,Health Centre,Amhara,14,Oxytocin,2024-02,42.0,21,0,60.0,0
ETH014,Health Centre,Amhara,14,Oxytocin,2024-03,22.0,20,0,33.0,0
ETH014,Health Centre,Amhara,14,Oxytocin,2024-04,0.0,22,0,0.0,1
ETH014,Health Centre,Amhara,14,Oxytocin,2024-05,90.0,24,114,112.5,0
ETH014,Health Centre,Amhara,14,Oxytocin,2024-06,61.0,29,0,63.1,0
ETH014,Health Centre,Amhara,14,Oxytocin,2024-07,45.0,16,0,84.4,0
ETH014,Health Centre,Amhara,14,Oxytocin,2024-08,10.0,35,0,8.6,0
ETH014,Health Centre,Amhara,14,Oxytocin,2024-09,39.0,33,62,35.5,0
ETH014,Health Centre,Amhara,14,Oxytocin,2024-10,20.0,19,0,31.6,0
ETH014,Health Centre,Amhara,14,Oxytocin,2024-11,61.0,25,66,73.2,0
ETH014,Health Centre,Amhara,14,Oxytocin,2024-12,43.0,18,0,71.7,0
ETH014,Health Centre,Amhara,14,ORS/Zinc,2024-01,111.0,26,0,128.1,0
ETH014,Health Centre,Amhara,14,ORS/Zinc,2024-02,81.0,30,0,81.0,0
ETH014,Health Centre,Amhara,14,ORS/Zinc,2024-03,50.0,31,0,48.4,0
ETH014,Health Centre,Amhara,14,ORS/Zinc,2024-04,31.0,19,0,48.9,0
ETH014,Health Centre,Amhara,14,ORS/Zinc,2024-07,21.0,28,0,22.5,0
ETH014,Health Centre,Amhara,14,ORS/Zinc,2024-08,63.0,19,61,99.5,0
ETH014,Health Centre,Amhara,14,ORS/Zinc,2024-09,42.0,21,0,60.0,0
ETH014,Health Centre,Amhara,14,ORS/Zinc,2024-10,19.0,23,0,24.8,0
ETH014,Health Centre,Amhara,14,ORS/Zinc,2024-11,0.0,19,0,0.0,1
ETH014,Health Centre,Amhara,14,ORS/Zinc,2024-12,0.0,0,0,0.0,1
ETH014,Health Centre,Amhara,14,Artemether-Lumefantrine,2024-01,112.0,22,0,152.7,0
ETH014,Health Centre,Amhara,14,Artemether-Lumefantrine,2024-02,91.0,21,0,130.0,0
ETH014,Health Centre,Amhara,14,Artemether-Lumefantrine,2024-03,73.0,18,0,121.7,0
ETH014,Health Centre,Amhara,14,Artemether-Lumefantrine,2024-04,54.0,19,0,85.3,0
ETH014,Health Centre,Amhara,14,Artemether-Lumefantrine,2024-07,0.0,34,0,0.0,1
ETH014,Health Centre,Amhara,14,Artemether-Lumefantrine,2024-08,18.0,37,55,14.6,0
ETH014,Health Centre,Amhara,14,Artemether-Lumefantrine,2024-09,0.0,18,0,0.0,1
ETH014,Health Centre,Amhara,14,Artemether-Lumefantrine,2024-10,77.0,27,104,85.6,0
ETH014,Health Centre,Amhara,14,Artemether-Lumefantrine,2024-11,53.0,24,0,66.2,0
ETH014,Health Centre,Amhara,14,Artemether-Lumefantrine,2024-12,23.0,30,0,23.0,0
ETH014,Health Centre,Amhara,14,Magnesium Sulphate,2024-01,65.0,27,0,72.2,0
ETH014,Health Centre,Amhara,14,Magnesium Sulphate,2024-02,33.0,32,0,30.9,0
ETH014,Health Centre,Amhara,14,Magnesium Sulphate,2024-03,56.0,27,50,62.2,0
ETH014,Health Centre,Amhara,14,Magnesium Sulphate,2024-04,37.0,19,0,58.4,0
ETH014,Health Centre,Amhara,14,Magnesium Sulphate,2024-05,17.0,20,0,25.5,0
ETH014,Health Centre,Amhara,14,Magnesium Sulphate,2024-06,60.0,19,62,94.7,0
ETH014,Health Centre,Amhara,14,Magnesium Sulphate,2024-07,37.0,23,0,48.3,0
ETH014,Health Centre,Amhara,14,Magnesium Sulphate,2024-08,59.0,33,55,53.6,0
ETH014,Health Centre,Amhara,14,Magnesium Sulphate,2024-10,9.0,29,0,9.3,0
ETH014,Health Centre,Amhara,14,Magnesium Sulphate,2024-12,61.0,16,0,114.4,0
ETH015,Health Post,SNNPR,11,Oxytocin,2024-02,12.0,7,0,51.4,0
ETH015,Health Post,SNNPR,11,Oxytocin,2024-03,10.0,2,0,150.0,0
ETH015,Health Post,SNNPR,11,Oxytocin,2024-04,3.0,7,0,12.9,0
ETH015,Health Post,SNNPR,11,Oxytocin,2024-05,14.0,7,18,60.0,0
ETH015,Health Post,SNNPR,11,Oxytocin,2024-06,6.0,8,0,22.5,0
ETH015,Health Post,SNNPR,11,Oxytocin,2024-07,8.0,10,12,24.0,0
ETH015,Health Post,SNNPR,11,Oxytocin,2024-09,10.0,8,0,37.5,0
ETH015,Health Post,SNNPR,11,Oxytocin,2024-10,6.0,4,0,45.0,0
ETH015,Health Post,SNNPR,11,Oxytocin,2024-11,10.0,8,12,37.5,0
ETH015,Health Post,SNNPR,11,Oxytocin,2024-12,3.0,7,0,12.9,0
ETH015,Health Post,SNNPR,11,ORS/Zinc,2024-01,9.0,12,0,22.5,0
ETH015,Health Post,SNNPR,11,ORS/Zinc,2024-02,15.0,7,13,64.3,0
ETH015,Health Post,SNNPR,11,ORS/Zinc,2024-03,9.0,6,0,45.0,0
ETH015,Health Post,SNNPR,11,ORS/Zinc,2024-04,19.0,3,13,180.0,0
ETH015,Health Post,SNNPR,11,ORS/Zinc,2024-05,15.0,4,0,112.5,0
ETH015,Health Post,SNNPR,11,ORS/Zinc,2024-06,6.0,9,0,20.0,0
ETH015,Health Post,SNNPR,11,ORS/Zinc,2024-07,2.0,4,0,15.0,0
ETH015,Health Post,SNNPR,11,ORS/Zinc,2024-09,11.0,2,0,165.0,0
ETH015,Health Post,SNNPR,11,ORS/Zinc,2024-10,6.0,5,0,36.0,0
ETH015,Health Post,SNNPR,11,ORS/Zinc,2024-12,0.0,0,0,0.0,1
ETH015,Health Post,SNNPR,11,Artemether-Lumefantrine,2024-01,21.0,4,0,157.5,0
ETH015,Health Post,SNNPR,11,Artemether-Lumefantrine,2024-02,16.0,5,0,96.0,0
ETH015,Health Post,SNNPR,11,Artemether-Lumefantrine,2024-03,4.0,12,0,10.0,0
ETH015,Health Post,SNNPR,11,Artemether-Lumefantrine,2024-04,14.0,7,17,60.0,0
ETH015,Health Post,SNNPR,11,Artemether-Lumefantrine,2024-05,2.0,12,0,5.0,0
ETH015,Health Post,SNNPR,11,Artemether-Lumefantrine,2024-06,9.0,9,16,30.0,0
ETH015,Health Post,SNNPR,11,Artemether-Lumefantrine,2024-07,16.0,10,17,48.0,0
ETH015,Health Post,SNNPR,11,Artemether-Lumefantrine,2024-08,4.0,12,0,10.0,0
ETH015,Health Post,SNNPR,11,Artemether-Lumefantrine,2024-09,1.0,17,14,1.8,0
ETH015,Health Post,SNNPR,11,Artemether-Lumefantrine,2024-10,17.0,5,21,102.0,0
ETH015,Health Post,SNNPR,11,Artemether-Lumefantrine,2024-11,11.0,6,0,55.0,0
ETH015,Health Post,SNNPR,11,Artemether-Lumefantrine,2024-12,8.0,3,0,80.0,0
ETH015,Health Post,SNNPR,11,Magnesium Sulphate,2024-01,17.0,2,0,180.0,0
ETH015,Health Post,SNNPR,11,Magnesium Sulphate,2024-02,13.0,4,0,97.5,0
ETH015,Health Post,SNNPR,11,Magnesium Sulphate,2024-03,10.0,3,0,100.0,0
ETH015,Health Post,SNNPR,11,Magnesium Sulphate,2024-04,0.0,10,0,0.0,1
ETH015,Health Post,SNNPR,11,Magnesium Sulphate,2024-05,20.0,2,22,180.0,0
ETH015,Health Post,SNNPR,11,Magnesium Sulphate,2024-06,14.0,6,0,70.0,0
ETH015,Health Post,SNNPR,11,Magnesium Sulphate,2024-07,10.0,4,0,75.0,0
ETH015,Health Post,SNNPR,11,Magnesium Sulphate,2024-08,5.0,5,0,30.0,0
ETH015,Health Post,SNNPR,11,Magnesium Sulphate,2024-10,10.0,5,0,60.0,0
ETH015,Health Post,SNNPR,11,Magnesium Sulphate,2024-11,5.0,5,0,30.0,0
ETH015,Health Post,SNNPR,11,Magnesium Sulphate,2024-12,0.0,5,0,0.0,1
ETH016,Health Centre,Amhara,29,Oxytocin,2024-01,72.0,18,0,120.0,0
ETH016,Health Centre,Amhara,29,Oxytocin,2024-03,21.0,21,0,30.0,0
ETH016,Health Centre,Amhara,29,Oxytocin,2024-04,60.0,24,63,75.0,0
ETH016,Health Centre,Amhara,29,Oxytocin,2024-05,41.0,19,0,64.7,0
ETH016,Health Centre,Amhara,29,Oxytocin,2024-06,11.0,30,0,11.0,0
ETH016,Health Centre,Amhara,29,Oxytocin,2024-08,25.0,15,0,50.0,0
ETH016,Health Centre,Amhara,29,Oxytocin,2024-09,67.0,24,66,83.8,0
ETH016,Health Centre,Amhara,29,Oxytocin,2024-10,45.0,22,0,61.4,0
ETH016,Health Centre,Amhara,29,Oxytocin,2024-11,20.0,25,0,24.0,0
ETH016,Health Centre,Amhara,29,ORS/Zinc,2024-01,74.0,22,0,100.9,0
ETH016,Health Centre,Amhara,29,ORS/Zinc,2024-02,48.0,26,0,55.4,0
ETH016,Health Centre,Amhara,29,ORS/Zinc,2024-03,23.0,25,0,27.6,0
ETH016,Health Centre,Amhara,29,ORS/Zinc,2024-04,78.0,34,89,68.8,0
ETH016,Health Centre,Amhara,29,ORS/Zinc,2024-06,19.0,29,0,19.7,0
ETH016,Health Centre,Amhara,29,ORS/Zinc,2024-07,0.0,19,0,0.0,1
ETH016,Health Centre,Amhara,29,ORS/Zinc,2024-09,50.0,26,0,57.7,0
ETH016,Health Centre,Amhara,29,ORS/Zinc,2024-10,29.0,21,0,41.4,0
ETH016,Health Centre,Amhara,29,ORS/Zinc,2024-11,68.0,17,56,120.0,0
ETH016,Health Centre,Amhara,29,ORS/Zinc,2024-12,50.0,18,0,83.3,0
ETH016,Health Centre,Amhara,29,Artemether-Lumefantrine,2024-01,124.0,24,0,155.0,0
ETH016,Health Centre,Amhara,29,Artemether-Lumefantrine,2024-02,106.0,18,0,176.7,0
ETH016,Health Centre,Amhara,29,Artemether-Lumefantrine,2024-03,75.0,31,0,72.6,0
ETH016,Health Centre,Amhara,29,Artemether-Lumefantrine,2024-04,54.0,21,0,77.1,0
ETH016,Health Centre,Amhara,29,Artemether-Lumefantrine,2024-05,33.0,21,0,47.1,0
ETH016,Health Centre,Amhara,29,Artemether-Lumefantrine,2024-06,65.0,36,68,54.2,0
ETH016,Health Centre,Amhara,29,Artemether-Lumefantrine,2024-07,30.0,35,0,25.7,0
ETH016,Health Centre,Amhara,29,Artemether-Lumefantrine,2024-08,41.0,41,52,30.0,0
ETH016,Health Centre,Amhara,29,Artemether-Lumefantrine,2024-09,6.0,35,0,5.1,0
ETH016,Health Centre,Amhara,29,Artemether-Lumefantrine,2024-10,62.0,22,78,84.5,0
ETH016,Health Centre,Amhara,29,Artemether-Lumefantrine,2024-11,44.0,18,0,73.3,0
ETH016,Health Centre,Amhara,29,Artemether-Lumefantrine,2024-12,20.0,24,0,25.0,0
ETH016,Health Centre,Amhara,29,Magnesium Sulphate,2024-01,54.0,21,0,77.1,0
ETH016,Health Centre,Amhara,29,Magnesium Sulphate,2024-02,34.0,20,0,51.0,0
ETH016,Health Centre,Amhara,29,Magnesium Sulphate,2024-03,12.0,22,0,16.4,0
ETH016,Health Centre,Amhara,29,Magnesium Sulphate,2024-04,34.0,29,51,35.2,0
ETH016,Health Centre,Amhara,29,Magnesium Sulphate,2024-05,17.0,17,0,30.0,0
ETH016,Health Centre,Amhara,29,Magnesium Sulphate,2024-07,22.0,26,0,25.4,0
ETH016,Health Centre,Amhara,29,Magnesium Sulphate,2024-08,0.0,22,0,0.0,1
ETH016,Health Centre,Amhara,29,Magnesium Sulphate,2024-09,26.0,39,65,20.0,0
ETH016,Health Centre,Amhara,29,Magnesium Sulphate,2024-10,6.0,20,0,9.0,0
ETH016,Health Centre,Amhara,29,Magnesium Sulphate,2024-11,0.0,6,0,0.0,1
ETH016,Health Centre,Amhara,29,Magnesium Sulphate,2024-12,70.0,23,93,91.3,0
ETH017,Health Post,Tigray,9,Oxytocin,2024-01,27.0,6,0,135.0,0
ETH017,Health Post,Tigray,9,Oxytocin,2024-02,22.0,5,0,132.0,0
ETH017,Health Post,Tigray,9,Oxytocin,2024-03,18.0,4,0,135.0,0
ETH017,Health Post,Tigray,9,Oxytocin,2024-04,12.0,6,0,60.0,0
ETH017,Health Post,Tigray,9,Oxytocin,2024-06,17.0,10,18,51.0,0
ETH017,Health Post,Tigray,9,Oxytocin,2024-07,12.0,5,0,72.0,0
ETH017,Health Post,Tigray,9,Oxytocin,2024-08,11.0,1,0,180.0,0
ETH017,Health Post,Tigray,9,Oxytocin,2024-09,5.0,6,0,25.0,0
ETH017,Health Post,Tigray,9,Oxytocin,2024-10,4.0,1,0,120.0,0
ETH017,Health Post,Tigray,9,Oxytocin,2024-11,15.0,5,16,90.0,0
ETH017,Health Post,Tigray,9,Oxytocin,2024-12,11.0,4,0,82.5,0
ETH017,Health Post,Tigray,9,ORS/Zinc,2024-02,4.0,11,0,10.9,0
ETH017,Health Post,Tigray,9,ORS/Zinc,2024-03,0.0,4,0,0.0,1
ETH017,Health Post,Tigray,9,ORS/Zinc,2024-04,12.0,8,20,45.0,0
ETH017,Health Post,Tigray,9,ORS/Zinc,2024-05,7.0,5,0,42.0,0
ETH017,Health Post,Tigray,9,ORS/Zinc,2024-06,18.0,6,17,90.0,0
ETH017,Health Post,Tigray,9,ORS/Zinc,2024-07,13.0,5,0,78.0,0
ETH017,Health Post,Tigray,9,ORS/Zinc,2024-08,9.0,4,0,67.5,0
ETH017,Health Post,Tigray,9,ORS/Zinc,2024-09,13.0,6,10,65.0,0
ETH017,Health Post,Tigray,9,ORS/Zinc,2024-10,7.0,6,0,35.0,0
ETH017,Health Post,Tigray,9,Artemether-Lumefantrine,2024-01,28.0,6,0,140.0,0
ETH017,Health Post,Tigray,9,Artemether-Lumefantrine,2024-02,19.0,9,0,63.3,0
ETH017,Health Post,Tigray,9,Artemether-Lumefantrine,2024-04,6.0,7,0,25.7,0
ETH017,Health Post,Tigray,9,Artemether-Lumefantrine,2024-05,0.0,6,0,0.0,1
ETH017,Health Post,Tigray,9,Artemether-Lumefantrine,2024-06,0.0,0,0,0.0,1
ETH017,Health Post,Tigray,9,Artemether-Lumefantrine,2024-07,0.0,0,0,0.0,1
ETH017,Health Post,Tigray,9,Artemether-Lumefantrine,2024-08,14.0,10,24,42.0,0
ETH017,Health Post,Tigray,9,Artemether-Lumefantrine,2024-09,4.0,10,0,12.0,0
ETH017,Health Post,Tigray,9,Artemether-Lumefantrine,2024-10,0.0,4,0,0.0,1
ETH017,Health Post,Tigray,9,Artemether-Lumefantrine,2024-11,7.0,6,13,35.0,0
ETH017,Health Post,Tigray,9,Artemether-Lumefantrine,2024-12,23.0,6,22,115.0,0
ETH017,Health Post,Tigray,9,Magnesium Sulphate,2024-01,25.0,11,0,68.2,0
ETH017,Health Post,Tigray,9,Magnesium Sulphate,2024-02,17.0,8,0,63.8,0
ETH017,Health Post,Tigray,9,Magnesium Sulphate,2024-03,8.0,9,0,26.7,0
ETH017,Health Post,Tigray,9,Magnesium Sulphate,2024-04,2.0,6,0,10.0,0
ETH017,Health Post,Tigray,9,Magnesium Sulphate,2024-05,0.0,2,0,0.0,1
ETH017,Health Post,Tigray,9,Magnesium Sulphate,2024-06,0.0,0,0,0.0,1
ETH017,Health Post,Tigray,9,Magnesium Sulphate,2024-07,24.0,4,28,180.0,0
ETH017,Health Post,Tigray,9,Magnesium Sulphate,2024-08,17.0,7,0,72.9,0
ETH017,Health Post,Tigray,9,Magnesium Sulphate,2024-09,10.0,7,0,42.9,0
ETH017,Health Post,Tigray,9,Magnesium Sulphate,2024-10,4.0,6,0,20.0,0
ETH017,Health Post,Tigray,9,Magnesium Sulphate,2024-11,11.0,8,15,41.2,0
ETH017,Health Post,Tigray,9,Magnesium Sulphate,2024-12,6.0,5,0,36.0,0
ETH018,Health Centre,Tigray,17,Oxytocin,2024-01,51.0,22,0,69.5,0
ETH018,Health Centre,Tigray,17,Oxytocin,2024-02,20.0,31,0,19.4,0
ETH018,Health Centre,Tigray,17,Oxytocin,2024-03,59.0,21,60,84.3,0
ETH018,Health Centre,Tigray,17,Oxytocin,2024-04,31.0,28,0,33.2,0
ETH018,Health Centre,Tigray,17,Oxytocin,2024-05,56.0,26,51,64.6,0
ETH018,Health Centre,Tigray,17,Oxytocin,2024-06,27.0,29,0,27.9,0
ETH018,Health Centre,Tigray,17,Oxytocin,2024-07,75.0,28,76,80.4,0
ETH018,Health Centre,Tigray,17,Oxytocin,2024-08,55.0,20,0,82.5,0
ETH018,Health Centre,Tigray,17,Oxytocin,2024-09,35.0,20,0,52.5,0
ETH018,Health Centre,Tigray,17,Oxytocin,2024-12,16.0,26,0,18.5,0
ETH018,Health Centre,Tigray,17,ORS/Zinc,2024-01,73.0,30,0,73.0,0
ETH018,Health Centre,Tigray,17,ORS/Zinc,2024-02,50.0,23,0,65.2,0
ETH018,Health Centre,Tigray,17,ORS/Zinc,2024-03,30.0,20,0,45.0,0
ETH018,Health Centre,Tigray,17,ORS/Zinc,2024-04,9.0,21,0,12.9,0
ETH018,Health Centre,Tigray,17,ORS/Zinc,2024-05,0.0,9,0,0.0,1
ETH018,Health Centre,Tigray,17,ORS/Zinc,2024-06,82.0,20,102,123.0,0
ETH018,Health Centre,Tigray,17,ORS/Zinc,2024-07,60.0,22,0,81.8,0
ETH018,Health Centre,Tigray,17,ORS/Zinc,2024-09,11.0,23,0,14.3,0
ETH018,Health Centre,Tigray,17,ORS/Zinc,2024-10,79.0,24,92,98.8,0
ETH018,Health Centre,Tigray,17,ORS/Zinc,2024-11,60.0,19,0,94.7,0
ETH018,Health Centre,Tigray,17,ORS/Zinc,2024-12,36.0,24,0,45.0,0
ETH018,Health Centre,Tigray,17,Artemether-Lumefantrine,2024-01,82.0,26,0,94.6,0
ETH018,Health Centre,Tigray,17,Artemether-Lumefantrine,2024-03,48.0,13,0,110.8,0
ETH018,Health Centre,Tigray,17,Artemether-Lumefantrine,2024-04,20.0,28,0,21.4,0
ETH018,Health Centre,Tigray,17,Artemether-Lumefantrine,2024-05,0.0,20,0,0.0,1
ETH018,Health Centre,Tigray,17,Artemether-Lumefantrine,2024-06,38.0,35,73,32.6,0
ETH018,Health Centre,Tigray,17,Artemether-Lumefantrine,2024-07,6.0,32,0,5.6,0
ETH018,Health Centre,Tigray,17,Artemether-Lumefantrine,2024-08,0.0,6,0,0.0,1
ETH018,Health Centre,Tigray,17,Artemether-Lumefantrine,2024-09,45.0,46,91,29.3,0
ETH018,Health Centre,Tigray,17,Artemether-Lumefantrine,2024-10,23.0,22,0,31.4,0
ETH018,Health Centre,Tigray,17,Artemether-Lumefantrine,2024-11,65.0,20,62,97.5,0
ETH018,Health Centre,Tigray,17,Artemether-Lumefantrine,2024-12,43.0,22,0,58.6,0
ETH018,Health Centre,Tigray,17,Magnesium Sulphate,2024-02,66.0,33,0,60.0,0
ETH018,Health Centre,Tigray,17,Magnesium Sulphate,2024-03,43.0,23,0,56.1,0
ETH018,Health Centre,Tigray,17,Magnesium Sulphate,2024-04,20.0,23,0,26.1,0
ETH018,Health Centre,Tigray,17,Magnesium Sulphate,2024-05,61.0,27,68,67.8,0
ETH018,Health Centre,Tigray,17,Magnesium Sulphate,2024-06,31.0,30,0,31.0,0
ETH018,Health Centre,Tigray,17,Magnesium Sulphate,2024-07,53.0,23,45,69.1,0
ETH018,Health Centre,Tigray,17,Magnesium Sulphate,2024-08,29.0,24,0,36.2,0
ETH018,Health Centre,Tigray,17,Magnesium Sulphate,2024-09,4.0,25,0,4.8,0
ETH018,Health Centre,Tigray,17,Magnesium Sulphate,2024-11,70.0,23,93,91.3,0
ETH018,Health Centre,Tigray,17,Magnesium Sulphate,2024-12,51.0,19,0,80.5,0
ETH019,Health Post,SNNPR,10,Oxytocin,2024-01,22.0,2,0,180.0,0
ETH019,Health Post,SNNPR,10,Oxytocin,2024-03,8.0,3,0,80.0,0
ETH019,Health Post,SNNPR,10,Oxytocin,2024-04,17.0,8,17,63.8,0
ETH019,Health Post,SNNPR,10,Oxytocin,2024-05,12.0,5,0,72.0,0
ETH019,Health Post,SNNPR,10,Oxytocin,2024-06,11.0,1,0,180.0,0
ETH019,Health Post,SNNPR,10,Oxytocin,2024-08,10.0,10,11,30.0,0
ETH019,Health Post,SNNPR,10,Oxytocin,2024-10,3.0,3,0,30.0,0
ETH019,Health Post,SNNPR,10,Oxytocin,2024-11,15.0,4,16,112.5,0
ETH019,Health Post,SNNPR,10,Oxytocin,2024-12,12.0,3,0,120.0,0
ETH019,Health Post,SNNPR,10,ORS/Zinc,2024-01,34.0,2,0,180.0,0
ETH019,Health Post,SNNPR,10,ORS/Zinc,2024-02,27.0,7,0,115.7,0
ETH019,Health Post,SNNPR,10,ORS/Zinc,2024-03,22.0,5,0,132.0,0
ETH019,Health Post,SNNPR,10,ORS/Zinc,2024-04,16.0,6,0,80.0,0
ETH019,Health Post,SNNPR,10,ORS/Zinc,2024-05,7.0,9,0,23.3,0
ETH019,Health Post,SNNPR,10,ORS/Zinc,2024-06,0.0,7,0,0.0,1
ETH019,Health Post,SNNPR,10,ORS/Zinc,2024-07,10.0,5,15,60.0,0
ETH019,Health Post,SNNPR,10,ORS/Zinc,2024-08,2.0,8,0,7.5,0
ETH019,Health Post,SNNPR,10,ORS/Zinc,2024-09,0.0,2,0,0.0,1
ETH019,Health Post,SNNPR,10,ORS/Zinc,2024-10,24.0,5,29,144.0,0
ETH019,Health Post,SNNPR,10,ORS/Zinc,2024-11,20.0,4,0,150.0,0
ETH019,Health Post,SNNPR,10,ORS/Zinc,2024-12,17.0,3,0,170.0,0
ETH019,Health Post,SNNPR,10,Artemether-Lumefantrine,2024-01,16.0,6,0,80.0,0
ETH019,Health Post,SNNPR,10,Artemether-Lumefantrine,2024-02,11.0,5,0,66.0,0
ETH019,Health Post,SNNPR,10,Artemether-Lumefantrine,2024-03,5.0,6,0,25.0,0
ETH019,Health Post,SNNPR,10,Artemether-Lumefantrine,2024-04,18.0,8,21,67.5,0
ETH019,Health Post,SNNPR,10,Artemether-Lumefantrine,2024-05,10.0,8,0,37.5,0
ETH019,Health Post,SNNPR,10,Artemether-Lumefantrine,2024-06,0.0,10,0,0.0,1
ETH019,Health Post,SNNPR,10,Artemether-Lumefantrine,2024-07,0.0,0,0,0.0,1
ETH019,Health Post,SNNPR,10,Artemether-Lumefantrine,2024-08,9.0,7,16,38.6,0
ETH019,Health Post,SNNPR,10,Artemether-Lumefantrine,2024-09,16.0,6,13,80.0,0
ETH019,Health Post,SNNPR,10,Artemether-Lumefantrine,2024-10,14.0,2,0,180.0,0
ETH019,Health Post,SNNPR,10,Artemether-Lumefantrine,2024-11,4.0,10,0,12.0,0
ETH019,Health Post,SNNPR,10,Magnesium Sulphate,2024-02,27.0,4,0,180.0,0
ETH019,Health Post,SNNPR,10,Magnesium Sulphate,2024-03,22.0,5,0,132.0,0
ETH019,Health Post,SNNPR,10,Magnesium Sulphate,2024-04,18.0,4,0,135.0,0
ETH019,Health Post,SNNPR,10,Magnesium Sulphate,2024-05,16.0,2,0,180.0,0
ETH019,Health Post,SNNPR,10,Magnesium Sulphate,2024-06,8.0,8,0,30.0,0
ETH019,Health Post,SNNPR,10,Magnesium Sulphate,2024-07,4.0,4,0,30.0,0
ETH019,Health Post,SNNPR,10,Magnesium Sulphate,2024-08,12.0,7,15,51.4,0
ETH019,Health Post,SNNPR,10,Magnesium Sulphate,2024-09,7.0,5,0,42.0,0
ETH019,Health Post,SNNPR,10,Magnesium Sulphate,2024-10,0.0,7,0,0.0,1
ETH019,Health Post,SNNPR,10,Magnesium Sulphate,2024-11,20.0,7,27,85.7,0
ETH020,Health Post,SNNPR,11,Oxytocin,2024-01,17.0,6,0,85.0,0
ETH020,Health Post,SNNPR,11,Oxytocin,2024-02,13.0,4,0,97.5,0
ETH020,Health Post,SNNPR,11,Oxytocin,2024-03,9.0,4,0,67.5,0
ETH020,Health Post,SNNPR,11,Oxytocin,2024-04,16.0,12,19,40.0,0
ETH020,Health Post,SNNPR,11,Oxytocin,2024-05,13.0,3,0,130.0,0
ETH020,Health Post,SNNPR,11,Oxytocin,2024-06,7.0,6,0,35.0,0
ETH020,Health Post,SNNPR,11,Oxytocin,2024-07,24.0,4,21,180.0,0
ETH020,Health Post,SNNPR,11,Oxytocin,2024-08,17.0,7,0,72.9,0
ETH020,Health Post,SNNPR,11,Oxytocin,2024-09,14.0,3,0,140.0,0
ETH020,Health Post,SNNPR,11,Oxytocin,2024-10,9.0,5,0,54.0,0
ETH020,Health Post,SNNPR,11,Oxytocin,2024-11,5.0,4,0,37.5,0
ETH020,Health Post,SNNPR,11,Oxytocin,2024-12,11.0,5,11,66.0,0
ETH020,Health Post,SNNPR,11,ORS/Zinc,2024-01,18.0,6,0,90.0,0
ETH020,Health Post,SNNPR,11,ORS/Zinc,2024-02,14.0,4,0,105.0,0
ETH020,Health Post,SNNPR,11,ORS/Zinc,2024-03,8.0,6,0,40.0,0
ETH020,Health Post,SNNPR,11,ORS/Zinc,2024-04,20.0,8,20,75.0,0
ETH020,Health Post,SNNPR,11,ORS/Zinc,2024-05,18.0,2,0,180.0,0
ETH020,Health Post,SNNPR,11,ORS/Zinc,2024-06,10.0,8,0,37.5,0
ETH020,Health Post,SNNPR,11,ORS/Zinc,2024-07,6.0,4,0,45.0,0
ETH020,Health Post,SNNPR,11,ORS/Zinc,2024-08,17.0,7,18,72.9,0
ETH020,Health Post,SNNPR,11,ORS/Zinc,2024-10,1.0,11,0,2.7,0
ETH020,Health Post,SNNPR,11,ORS/Zinc,2024-11,17.0,7,23,72.9,0
ETH020,Health Post,SNNPR,11,ORS/Zinc,2024-12,11.0,6,0,55.0,0
ETH020,Health Post,SNNPR,11,Artemether-Lumefantrine,2024-01,18.0,3,0,180.0,0
ETH020,Health Post,SNNPR,11,Artemether-Lumefantrine,2024-02,8.0,10,0,24.0,0
ETH020,Health Post,SNNPR,11,Artemether-Lumefantrine,2024-03,0.0,8,0,0.0,1
ETH020,Health Post,SNNPR,11,Artemether-Lumefantrine,2024-04,6.0,7,13,25.7,0
ETH020,Health Post,SNNPR,11,Artemether-Lumefantrine,2024-05,20.0,8,22,75.0,0
ETH020,Health Post,SNNPR,11,Artemether-Lumefantrine,2024-06,11.0,9,0,36.7,0
ETH020,Health Post,SNNPR,11,Artemether-Lumefantrine,2024-08,13.0,11,23,35.5,0
ETH020,Health Post,SNNPR,11,Artemether-Lumefantrine,2024-09,6.0,7,0,25.7,0
ETH020,Health Post,SNNPR,11,Artemether-Lumefantrine,2024-10,18.0,6,18,90.0,0
ETH020,Health Post,SNNPR,11,Artemether-Lumefantrine,2024-11,14.0,4,0,105.0,0
ETH020,Health Post,SNNPR,11,Magnesium Sulphate,2024-01,14.0,5,0,84.0,0
ETH020,Health Post,SNNPR,11,Magnesium Sulphate,2024-02,11.0,3,0,110.0,0
ETH020,Health Post,SNNPR,11,Magnesium Sulphate,2024-03,8.0,3,0,80.0,0
ETH020,Health Post,SNNPR,11,Magnesium Sulphate,2024-04,1.0,7,0,4.3,0
ETH020,Health Post,SNNPR,11,Magnesium Sulphate,2024-05,14.0,5,18,84.0,0
ETH020,Health Post,SNNPR,11,Magnesium Sulphate,2024-06,8.0,6,0,40.0,0
ETH020,Health Post,SNNPR,11,Magnesium Sulphate,2024-07,13.0,8,13,48.8,0
ETH020,Health Post,SNNPR,11,Magnesium Sulphate,2024-08,11.0,2,0,165.0,0
ETH020,Health Post,SNNPR,11,Magnesium Sulphate,2024-10,22.0,3,19,180.0,0
ETH020,Health Post,SNNPR,11,Magnesium Sulphate,2024-12,7.0,8,0,26.2,0
ETH021,Health Centre,Oromia,27,Oxytocin,2024-01,94.0,35,0,80.6,0
ETH021,Health Centre,Oromia,27,Oxytocin,2024-02,62.0,32,0,58.1,0
ETH021,Health Centre,Oromia,27,Oxytocin,2024-03,37.0,25,0,44.4,0
ETH021,Health Centre,Oromia,27,Oxytocin,2024-05,63.0,24,0,78.8,0
ETH021,Health Centre,Oromia,27,Oxytocin,2024-06,35.0,28,0,37.5,0
ETH021,Health Centre,Oromia,27,Oxytocin,2024-07,18.0,17,0,31.8,0
ETH021,Health Centre,Oromia,27,Oxytocin,2024-08,0.0,18,0,0.0,1
ETH021,Health Centre,Oromia,27,Oxytocin,2024-09,0.0,0,0,0.0,1
ETH021,Health Centre,Oromia,27,Oxytocin,2024-11,57.0,32,0,53.4,0
ETH021,Health Centre,Oromia,27,Oxytocin,2024-12,34.0,23,0,44.3,0
ETH021,Health Centre,Oromia,27,ORS/Zinc,2024-02,57.0,20,0,85.5,0
ETH021,Health Centre,Oromia,27,ORS/Zinc,2024-04,21.0,11,0,57.3,0
ETH021,Health Centre,Oromia,27,ORS/Zinc,2024-05,87.0,23,89,113.5,0
ETH021,Health Centre,Oromia,27,ORS/Zinc,2024-06,66.0,21,0,94.3,0
ETH021,Health Centre,Oromia,27,ORS/Zinc,2024-07,46.0,20,0,69.0,0
ETH021,Health Centre,Oromia,27,ORS/Zinc,2024-08,14.0,32,0,13.1,0
ETH021,Health Centre,Oromia,27,ORS/Zinc,2024-09,0.0,14,0,0.0,1
ETH021,Health Centre,Oromia,27,ORS/Zinc,2024-10,0.0,0,0,0.0,1
ETH021,Health Centre,Oromia,27,ORS/Zinc,2024-11,65.0,16,81,121.9,0
ETH021,Health Centre,Oromia,27,ORS/Zinc,2024-12,41.0,24,0,51.2,0
ETH021,Health Centre,Oromia,27,Artemether-Lumefantrine,2024-01,52.0,15,0,104.0,0
ETH021,Health Centre,Oromia,27,Artemether-Lumefantrine,2024-02,30.0,22,0,40.9,0
ETH021,Health Centre,Oromia,27,Artemether-Lumefantrine,2024-03,11.0,19,0,17.4,0
ETH021,Health Centre,Oromia,27,Artemether-Lumefantrine,2024-04,61.0,23,73,79.6,0
ETH021,Health Centre,Oromia,27,Artemether-Lumefantrine,2024-05,44.0,17,0,77.6,0
ETH021,Health Centre,Oromia,27,Artemether-Lumefantrine,2024-06,18.0,26,0,20.8,0
ETH021,Health Centre,Oromia,27,Artemether-Lumefantrine,2024-07,83.0,34,99,73.2,0
ETH021,Health Centre,Oromia,27,Artemether-Lumefantrine,2024-08,50.0,33,0,45.5,0
ETH021,Health Centre,Oromia,27,Artemether-Lumefantrine,2024-10,2.0,24,0,2.5,0
ETH021,Health Centre,Oromia,27,Artemether-Lumefantrine,2024-11,77.0,21,96,110.0,0
ETH021,Health Centre,Oromia,27,Artemether-Lumefantrine,2024-12,58.0,19,0,91.6,0
ETH021,Health Centre,Oromia,27,Magnesium Sulphate,2024-02,89.0,26,0,102.7,0
ETH021,Health Centre,Oromia,27,Magnesium Sulphate,2024-03,61.0,28,0,65.4,0
ETH021,Health Centre,Oromia,27,Magnesium Sulphate,2024-04,34.0,27,0,37.8,0
ETH021,Health Centre,Oromia,27,Magnesium Sulphate,2024-05,22.0,12,0,55.0,0
ETH021,Health Centre,Oromia,27,Magnesium Sulphate,2024-06,56.0,27,61,62.2,0
ETH021,Health Centre,Oromia,27,Magnesium Sulphate,2024-07,31.0,25,0,37.2,0
ETH021,Health Centre,Oromia,27,Magnesium Sulphate,2024-08,79.0,23,71,103.0,0
ETH021,Health Centre,Oromia,27,Magnesium Sulphate,2024-09,52.0,27,0,57.8,0
ETH021,Health Centre,Oromia,27,Magnesium Sulphate,2024-10,29.0,23,0,37.8,0
ETH021,Health Centre,Oromia,27,Magnesium Sulphate,2024-11,84.0,27,82,93.3,0
ETH021,Health Centre,Oromia,27,Magnesium Sulphate,2024-12,58.0,26,0,66.9,0
ETH022,Health Centre,Oromia,18,Oxytocin,2024-02,42.0,23,0,54.8,0
ETH022,Health Centre,Oromia,18,Oxytocin,2024-03,18.0,24,0,22.5,0
ETH022,Health Centre,Oromia,18,Oxytocin,2024-05,30.0,30,60,30.0,0
ETH022,Health Centre,Oromia,18,Oxytocin,2024-06,74.0,18,62,123.3,0
ETH022,Health Centre,Oromia,18,Oxytocin,2024-07,55.0,19,0,86.8,0
ETH022,Health Centre,Oromia,18,Oxytocin,2024-08,36.0,19,0,56.8,0
ETH022,Health Centre,Oromia,18,Oxytocin,2024-09,19.0,17,0,33.5,0
ETH022,Health Centre,Oromia,18,Oxytocin,2024-10,68.0,24,73,85.0,0
ETH022,Health Centre,Oromia,18,Oxytocin,2024-11,46.0,22,0,62.7,0
ETH022,Health Centre,Oromia,18,ORS/Zinc,2024-02,22.0,26,0,25.4,0
ETH022,Health Centre,Oromia,18,ORS/Zinc,2024-03,55.0,26,59,63.5,0
ETH022,Health Centre,Oromia,18,ORS/Zinc,2024-07,29.0,19,0,45.8,0
ETH022,Health Centre,Oromia,18,ORS/Zinc,2024-08,55.0,22,48,75.0,0
ETH022,Health Centre,Oromia,18,ORS/Zinc,2024-09,30.0,25,0,36.0,0
ETH022,Health Centre,Oromia,18,ORS/Zinc,2024-10,64.0,26,60,73.8,0
ETH022,Health Centre,Oromia,18,ORS/Zinc,2024-11,45.0,19,0,71.1,0
ETH022,Health Centre,Oromia,18,ORS/Zinc,2024-12,27.0,18,0,45.0,0
ETH022,Health Centre,Oromia,18,Artemether-Lumefantrine,2024-01,84.0,22,0,114.5,0
ETH022,Health Centre,Oromia,18,Artemether-Lumefantrine,2024-02,66.0,18,0,110.0,0
ETH022,Health Centre,Oromia,18,Artemether-Lumefantrine,2024-03,42.0,24,0,52.5,0
ETH022,Health Centre,Oromia,18,Artemether-Lumefantrine,2024-04,17.0,25,0,20.4,0
ETH022,Health Centre,Oromia,18,Artemether-Lumefantrine,2024-05,0.0,17,0,0.0,1
ETH022,Health Centre,Oromia,18,Artemether-Lumefantrine,2024-06,62.0,34,96,54.7,0
ETH022,Health Centre,Oromia,18,Artemether-Lumefantrine,2024-07,11.0,51,0,6.5,0
ETH022,Health Centre,Oromia,18,Artemether-Lumefantrine,2024-08,73.0,33,95,66.4,0
ETH022,Health Centre,Oromia,18,Artemether-Lumefantrine,2024-09,29.0,44,0,19.8,0
ETH022,Health Centre,Oromia,18,Artemether-Lumefantrine,2024-10,79.0,24,74,98.8,0
ETH022,Health Centre,Oromia,18,Artemether-Lumefantrine,2024-11,47.0,32,0,44.1,0
ETH022,Health Centre,Oromia,18,Artemether-Lumefantrine,2024-12,27.0,20,0,40.5,0
ETH022,Health Centre,Oromia,18,Magnesium Sulphate,2024-01,123.0,22,0,167.7,0
ETH022,Health Centre,Oromia,18,Magnesium Sulphate,2024-02,101.0,22,0,137.7,0
ETH022,Health Centre,Oromia,18,Magnesium Sulphate,2024-03,76.0,25,0,91.2,0
ETH022,Health Centre,Oromia,18,Magnesium Sulphate,2024-04,49.0,27,0,54.4,0
ETH022,Health Centre,Oromia,18,Magnesium Sulphate,2024-05,28.0,21,0,40.0,0
ETH022,Health Centre,Oromia,18,Magnesium Sulphate,2024-06,69.0,26,67,79.6,0
ETH022,Health Centre,Oromia,18,Magnesium Sulphate,2024-07,38.0,31,0,36.8,0
ETH022,Health Centre,Oromia,18,Magnesium Sulphate,2024-08,19.0,19,0,30.0,0
ETH022,Health Centre,Oromia,18,Magnesium Sulphate,2024-09,0.0,19,0,0.0,1
ETH022,Health Centre,Oromia,18,Magnesium Sulphate,2024-10,41.0,25,66,49.2,0
ETH022,Health Centre,Oromia,18,Magnesium Sulphate,2024-11,22.0,19,0,34.7,0
ETH022,Health Centre,Oromia,18,Magnesium Sulphate,2024-12,61.0,19,58,96.3,0
ETH023,Health Centre,Amhara,26,Oxytocin,2024-01,76.0,28,0,81.4,0
ETH023,Health Centre,Amhara,26,Oxytocin,2024-02,52.0,24,0,65.0,0
ETH023,Health Centre,Amhara,26,Oxytocin,2024-04,82.0,22,79,111.8,0
ETH023,Health Centre,Amhara,26,Oxytocin,2024-05,59.0,23,0,77.0,0
ETH023,Health Centre,Amhara,26,Oxytocin,2024-06,27.0,32,0,25.3,0
ETH023,Health Centre,Amhara,26,Oxytocin,2024-07,72.0,25,70,86.4,0
ETH023,Health Centre,Amhara,26,Oxytocin,2024-08,52.0,20,0,78.0,0
ETH023,Health Centre,Amhara,26,Oxytocin,2024-09,29.0,23,0,37.8,0
ETH023,Health Centre,Amhara,26,Oxytocin,2024-10,67.0,20,58,100.5,0
ETH023,Health Centre,Amhara,26,Oxytocin,2024-11,43.0,24,0,53.8,0
ETH023,Health Centre,Amhara,26,Oxytocin,2024-12,16.0,27,0,17.8,0
ETH023,Health Centre,Amhara,26,ORS/Zinc,2024-01,35.0,30,0,35.0,0
ETH023,Health Centre,Amhara,26,ORS/Zinc,2024-03,64.0,29,0,66.2,0
ETH023,Health Centre,Amhara,26,ORS/Zinc,2024-04,42.0,22,0,57.3,0
ETH023,Health Centre,Amhara,26,ORS/Zinc,2024-05,12.0,30,0,12.0,0
ETH023,Health Centre,Amhara,26,ORS/Zinc,2024-06,93.0,20,101,139.5,0
ETH023,Health Centre,Amhara,26,ORS/Zinc,2024-07,69.0,24,0,86.2,0
ETH023,Health Centre,Amhara,26,ORS/Zinc,2024-09,80.0,34,77,70.6,0
ETH023,Health Centre,Amhara,26,ORS/Zinc,2024-10,55.0,25,0,66.0,0
ETH023,Health Centre,Amhara,26,ORS/Zinc,2024-11,36.0,19,0,56.8,0
ETH023,Health Centre,Amhara,26,ORS/Zinc,2024-12,9.0,27,0,10.0,0
ETH023,Health Centre,Amhara,26,Artemether-Lumefantrine,2024-01,47.0,23,0,61.3,0
ETH023,Health Centre,Amhara,26,Artemether-Lumefantrine,2024-02,26.0,21,0,37.1,0
ETH023,Health Centre,Amhara,26,Artemether-Lumefantrine,2024-03,49.0,27,50,54.4,0
ETH023,Health Centre,Amhara,26,Artemether-Lumefantrine,2024-04,30.0,19,0,47.4,0
ETH023,Health Centre,Amhara,26,Artemether-Lumefantrine,2024-05,73.0,24,67,91.2,0
ETH023,Health Centre,Amhara,26,Artemether-Lumefantrine,2024-07,57.0,29,53,59.0,0
ETH023,Health Centre,Amhara,26,Artemether-Lumefantrine,2024-08,28.0,29,0,29.0,0
ETH023,Health Centre,Amhara,26,Artemether-Lumefantrine,2024-09,0.0,28,0,0.0,1
ETH023,Health Centre,Amhara,26,Artemether-Lumefantrine,2024-10,62.0,24,86,77.5,0
ETH023,Health Centre,Amhara,26,Artemether-Lumefantrine,2024-11,35.0,27,0,38.9,0
ETH023,Health Centre,Amhara,26,Artemether-Lumefantrine,2024-12,80.0,23,68,104.3,0
ETH023,Health Centre,Amhara,26,Magnesium Sulphate,2024-01,132.0,25,0,158.4,0
ETH023,Health Centre,Amhara,26,Magnesium Sulphate,2024-03,84.0,24,0,105.0,0
ETH023,Health Centre,Amhara,26,Magnesium Sulphate,2024-04,61.0,23,0,79.6,0
ETH023,Health Centre,Amhara,26,Magnesium Sulphate,2024-06,66.0,17,44,116.5,0
ETH023,Health Centre,Amhara,26,Magnesium Sulphate,2024-08,12.0,27,0,13.3,0
ETH023,Health Centre,Amhara,26,Magnesium Sulphate,2024-09,44.0,17,49,77.6,0
ETH023,Health Centre,Amhara,26,Magnesium Sulphate,2024-10,24.0,20,0,36.0,0
ETH023,Health Centre,Amhara,26,Magnesium Sulphate,2024-11,0.0,24,0,0.0,1
ETH023,Health Centre,Amhara,26,Magnesium Sulphate,2024-12,34.0,27,61,37.8,0
ETH024,Health Post,Tigray,9,Oxytocin,2024-01,25.0,6,0,125.0,0
ETH024,Health Post,Tigray,9,Oxytocin,2024-03,10.0,11,0,27.3,0
ETH024,Health Post,Tigray,9,Oxytocin,2024-04,3.0,7,0,12.9,0
ETH024,Health Post,Tigray,9,Oxytocin,2024-05,16.0,5,18,96.0,0
ETH024,Health Post,Tigray,9,Oxytocin,2024-06,6.0,10,0,18.0,0
ETH024,Health Post,Tigray,9,Oxytocin,2024-07,0.0,6,0,0.0,1
ETH024,Health Post,Tigray,9,Oxytocin,2024-08,0.0,0,0,0.0,1
ETH024,Health Post,Tigray,9,Oxytocin,2024-09,0.0,0,0,0.0,1
ETH024,Health Post,Tigray,9,Oxytocin,2024-10,14.0,3,17,140.0,0
ETH024,Health Post,Tigray,9,Oxytocin,2024-11,7.0,7,0,30.0,0
ETH024,Health Post,Tigray,9,ORS/Zinc,2024-01,24.0,5,0,144.0,0
ETH024,Health Post,Tigray,9,ORS/Zinc,2024-03,7.0,10,0,21.0,0
ETH024,Health Post,Tigray,9,ORS/Zinc,2024-04,22.0,7,22,94.3,0
ETH024,Health Post,Tigray,9,ORS/Zinc,2024-05,12.0,10,0,36.0,0
ETH024,Health Post,Tigray,9,ORS/Zinc,2024-06,7.0,5,0,42.0,0
ETH024,Health Post,Tigray,9,ORS/Zinc,2024-07,22.0,6,21,110.0,0
ETH024,Health Post,Tigray,9,ORS/Zinc,2024-08,17.0,5,0,102.0,0
ETH024,Health Post,Tigray,9,ORS/Zinc,2024-09,13.0,4,0,97.5,0
ETH024,Health Post,Tigray,9,ORS/Zinc,2024-10,6.0,7,0,25.7,0
ETH024,Health Post,Tigray,9,ORS/Zinc,2024-11,0.0,6,0,0.0,1
ETH024,Health Post,Tigray,9,ORS/Zinc,2024-12,13.0,5,18,78.0,0
ETH024,Health Post,Tigray,9,Artemether-Lumefantrine,2024-01,27.0,3,0,180.0,0
ETH024,Health Post,Tigray,9,Artemether-Lumefantrine,2024-02,22.0,5,0,132.0,0
ETH024,Health Post,Tigray,9,Artemether-Lumefantrine,2024-03,17.0,5,0,102.0,0
ETH024,Health Post,Tigray,9,Artemether-Lumefantrine,2024-04,13.0,4,0,97.5,0
ETH024,Health Post,Tigray,9,Artemether-Lumefantrine,2024-05,5.0,8,0,18.8,0
ETH024,Health Post,Tigray,9,Artemether-Lumefantrine,2024-06,0.0,5,0,0.0,1
ETH024,Health Post,Tigray,9,Artemether-Lumefantrine,2024-07,5.0,17,22,8.8,0
ETH024,Health Post,Tigray,9,Artemether-Lumefantrine,2024-08,0.0,5,0,0.0,1
ETH024,Health Post,Tigray,9,Artemether-Lumefantrine,2024-09,8.0,14,22,17.1,0
ETH024,Health Post,Tigray,9,Artemether-Lumefantrine,2024-10,4.0,4,0,30.0,0
ETH024,Health Post,Tigray,9,Artemether-Lumefantrine,2024-11,12.0,6,14,60.0,0
ETH024,Health Post,Tigray,9,Magnesium Sulphate,2024-01,12.0,9,0,40.0,0
ETH024,Health Post,Tigray,9,Magnesium Sulphate,2024-04,6.0,8,0,22.5,0
ETH024,Health Post,Tigray,9,Magnesium Sulphate,2024-05,2.0,4,0,15.0,0
ETH024,Health Post,Tigray,9,Magnesium Sulphate,2024-06,19.0,5,22,114.0,0
ETH024,Health Post,Tigray,9,Magnesium Sulphate,2024-07,12.0,7,0,51.4,0
ETH024,Health Post,Tigray,9,Magnesium Sulphate,2024-09,1.0,6,0,5.0,0
ETH024,Health Post,Tigray,9,Magnesium Sulphate,2024-10,15.0,10,24,45.0,0
ETH024,Health Post,Tigray,9,Magnesium Sulphate,2024-11,8.0,7,0,34.3,0
ETH024,Health Post,Tigray,9,Magnesium Sulphate,2024-12,24.0,2,18,180.0,0
ETH025,Health Centre,SNNPR,16,Oxytocin,2024-01,116.0,25,0,139.2,0
ETH025,Health Centre,SNNPR,16,Oxytocin,2024-02,91.0,25,0,109.2,0
ETH025,Health Centre,SNNPR,16,Oxytocin,2024-03,55.0,36,0,45.8,0
ETH025,Health Centre,SNNPR,16,Oxytocin,2024-04,31.0,24,0,38.8,0
ETH025,Health Centre,SNNPR,16,Oxytocin,2024-06,45.0,21,0,64.3,0
ETH025,Health Centre,SNNPR,16,Oxytocin,2024-07,24.0,21,0,34.3,0
ETH025,Health Centre,SNNPR,16,Oxytocin,2024-08,51.0,27,54,56.7,0
ETH025,Health Centre,SNNPR,16,Oxytocin,2024-10,76.0,30,82,76.0,0
ETH025,Health Centre,SNNPR,16,Oxytocin,2024-11,48.0,28,0,51.4,0
ETH025,Health Centre,SNNPR,16,Oxytocin,2024-12,23.0,25,0,27.6,0
ETH025,Health Centre,SNNPR,16,ORS/Zinc,2024-01,69.0,19,0,108.9,0
ETH025,Health Centre,SNNPR,16,ORS/Zinc,2024-02,46.0,23,0,60.0,0
ETH025,Health Centre,SNNPR,16,ORS/Zinc,2024-04,53.0,24,64,66.2,0
ETH025,Health Centre,SNNPR,16,ORS/Zinc,2024-05,27.0,26,0,31.2,0
ETH025,Health Centre,SNNPR,16,ORS/Zinc,2024-07,79.0,23,96,103.0,0
ETH025,Health Centre,SNNPR,16,ORS/Zinc,2024-08,61.0,18,0,101.7,0
ETH025,Health Centre,SNNPR,16,ORS/Zinc,2024-09,41.0,20,0,61.5,0
ETH025,Health Centre,SNNPR,16,ORS/Zinc,2024-10,14.0,27,0,15.6,0
ETH025,Health Centre,SNNPR,16,ORS/Zinc,2024-11,0.0,14,0,0.0,1
ETH025,Health Centre,SNNPR,16,ORS/Zinc,2024-12,59.0,12,71,147.5,0
ETH025,Health Centre,SNNPR,16,Artemether-Lumefantrine,2024-01,91.0,28,0,97.5,0
ETH025,Health Centre,SNNPR,16,Artemether-Lumefantrine,2024-02,62.0,29,0,64.1,0
ETH025,Health Centre,SNNPR,16,Artemether-Lumefantrine,2024-03,35.0,27,0,38.9,0
ETH025,Health Centre,SNNPR,16,Artemether-Lumefantrine,2024-04,16.0,19,0,25.3,0
ETH025,Health Centre,SNNPR,16,Artemether-Lumefantrine,2024-05,0.0,16,0,0.0,1
ETH025,Health Centre,SNNPR,16,Artemether-Lumefantrine,2024-06,40.0,31,71,38.7,0
ETH025,Health Centre,SNNPR,16,Artemether-Lumefantrine,2024-07,2.0,38,0,1.6,0
ETH025,Health Centre,SNNPR,16,Artemether-Lumefantrine,2024-08,60.0,37,95,48.6,0
ETH025,Health Centre,SNNPR,16,Artemether-Lumefantrine,2024-09,18.0,42,0,12.9,0
ETH025,Health Centre,SNNPR,16,Artemether-Lumefantrine,2024-10,0.0,18,0,0.0,1
ETH025,Health Centre,SNNPR,16,Artemether-Lumefantrine,2024-11,65.0,30,95,65.0,0
ETH025,Health Centre,SNNPR,16,Artemether-Lumefantrine,2024-12,52.0,13,0,120.0,0
ETH025,Health Centre,SNNPR,16,Magnesium Sulphate,2024-01,86.0,27,0,95.6,0
ETH025,Health Centre,SNNPR,16,Magnesium Sulphate,2024-03,32.0,25,0,38.4,0
ETH025,Health Centre,SNNPR,16,Magnesium Sulphate,2024-04,76.0,27,71,84.4,0
ETH025,Health Centre,SNNPR,16,Magnesium Sulphate,2024-05,50.0,26,0,57.7,0
ETH025,Health Centre,SNNPR,16,Magnesium Sulphate,2024-06,23.0,27,0,25.6,0
ETH025,Health Centre,SNNPR,16,Magnesium Sulphate,2024-07,0.0,23,0,0.0,1
ETH025,Health Centre,SNNPR,16,Magnesium Sulphate,2024-08,42.0,29,71,43.4,0
ETH025,Health Centre,SNNPR,16,Magnesium Sulphate,2024-09,16.0,26,0,18.5,0
ETH025,Health Centre,SNNPR,16,Magnesium Sulphate,2024-10,90.0,23,97,117.4,0
ETH025,Health Centre,SNNPR,16,Magnesium Sulphate,2024-11,73.0,17,0,128.8,0
ETH025,Health Centre,SNNPR,16,Magnesium Sulphate,2024-12,52.0,21,0,74.3,0
ETH026,Health Post,Tigray,7,Oxytocin,2024-02,10.0,8,0,37.5,0
ETH026,Health Post,Tigray,7,Oxytocin,2024-03,2.0,8,0,7.5,0
ETH026,Health Post,Tigray,7,Oxytocin,2024-04,0.0,2,0,0.0,1
ETH026,Health Post,Tigray,7,Oxytocin,2024-05,19.0,7,26,81.4,0
ETH026,Health Post,Tigray,7,Oxytocin,2024-06,14.0,5,0,84.0,0
ETH026,Health Post,Tigray,7,Oxytocin,2024-07,6.0,8,0,22.5,0
ETH026,Health Post,Tigray,7,Oxytocin,2024-08,19.0,4,17,142.5,0
ETH026,Health Post,Tigray,7,Oxytocin,2024-09,17.0,2,0,180.0,0
ETH026,Health Post,Tigray,7,Oxytocin,2024-10,15.0,2,0,180.0,0
ETH026,Health Post,Tigray,7,Oxytocin,2024-11,7.0,8,0,26.2,0
ETH026,Health Post,Tigray,7,Oxytocin,2024-12,11.0,7,11,47.1,0
ETH026,Health Post,Tigray,7,ORS/Zinc,2024-01,19.0,4,0,142.5,0
ETH026,Health Post,Tigray,7,ORS/Zinc,2024-02,10.0,9,0,33.3,0
ETH026,Health Post,Tigray,7,ORS/Zinc,2024-03,8.0,2,0,120.0,0
ETH026,Health Post,Tigray,7,ORS/Zinc,2024-04,16.0,5,13,96.0,0
ETH026,Health Post,Tigray,7,ORS/Zinc,2024-05,9.0,7,0,38.6,0
ETH026,Health Post,Tigray,7,ORS/Zinc,2024-06,4.0,5,0,24.0,0
ETH026,Health Post,Tigray,7,ORS/Zinc,2024-07,16.0,6,18,80.0,0
ETH026,Health Post,Tigray,7,ORS/Zinc,2024-08,7.0,9,0,23.3,0
ETH026,Health Post,Tigray,7,ORS/Zinc,2024-09,3.0,4,0,22.5,0
ETH026,Health Post,Tigray,7,ORS/Zinc,2024-10,13.0,4,14,97.5,0
ETH026,Health Post,Tigray,7,ORS/Zinc,2024-11,3.0,10,0,9.0,0
ETH026,Health Post,Tigray,7,ORS/Zinc,2024-12,0.0,3,0,0.0,1
ETH026,Health Post,Tigray,7,Artemether-Lumefantrine,2024-01,11.0,5,0,66.0,0
ETH026,Health Post,Tigray,7,Artemether-Lumefantrine,2024-02,8.0,3,0,80.0,0
ETH026,Health Post,Tigray,7,Artemether-Lumefantrine,2024-03,22.0,7,21,94.3,0
ETH026,Health Post,Tigray,7,Artemether-Lumefantrine,2024-04,20.0,2,0,180.0,0
ETH026,Health Post,Tigray,7,Artemether-Lumefantrine,2024-05,13.0,7,0,55.7,0
ETH026,Health Post,Tigray,7,Artemether-Lumefantrine,2024-06,6.0,7,0,25.7,0
ETH026,Health Post,Tigray,7,Artemether-Lumefantrine,2024-08,14.0,10,0,42.0,0
ETH026,Health Post,Tigray,7,Artemether-Lumefantrine,2024-09,0.0,14,0,0.0,1
ETH026,Health Post,Tigray,7,Artemether-Lumefantrine,2024-10,17.0,9,26,56.7,0
ETH026,Health Post,Tigray,7,Artemether-Lumefantrine,2024-11,13.0,4,0,97.5,0
ETH026,Health Post,Tigray,7,Artemether-Lumefantrine,2024-12,8.0,5,0,48.0,0
ETH026,Health Post,Tigray,7,Magnesium Sulphate,2024-02,16.0,6,0,80.0,0
ETH026,Health Post,Tigray,7,Magnesium Sulphate,2024-03,7.0,9,0,23.3,0
ETH026,Health Post,Tigray,7,Magnesium Sulphate,2024-04,20.0,7,20,85.7,0
ETH026,Health Post,Tigray,7,Magnesium Sulphate,2024-05,12.0,8,0,45.0,0
ETH026,Health Post,Tigray,7,Magnesium Sulphate,2024-06,9.0,3,0,90.0,0
ETH026,Health Post,Tigray,7,Magnesium Sulphate,2024-07,16.0,5,12,96.0,0
ETH026,Health Post,Tigray,7,Magnesium Sulphate,2024-08,9.0,7,0,38.6,0
ETH026,Health Post,Tigray,7,Magnesium Sulphate,2024-09,18.0,5,14,108.0,0
ETH026,Health Post,Tigray,7,Magnesium Sulphate,2024-10,14.0,4,0,105.0,0
ETH026,Health Post,Tigray,7,Magnesium Sulphate,2024-11,9.0,5,0,54.0,0
ETH026,Health Post,Tigray,7,Magnesium Sulphate,2024-12,15.0,8,14,56.2,0
ETH027,Health Centre,Tigray,24,Oxytocin,2024-01,34.0,30,0,34.0,0
ETH027,Health Centre,Tigray,24,Oxytocin,2024-02,9.0,25,0,10.8,0
ETH027,Health Centre,Tigray,24,Oxytocin,2024-03,37.0,20,48,55.5,0
ETH027,Health Centre,Tigray,24,Oxytocin,2024-05,30.0,35,0,25.7,0
ETH027,Health Centre,Tigray,24,Oxytocin,2024-06,57.0,27,54,63.3,0
ETH027,Health Centre,Tigray,24,Oxytocin,2024-07,33.0,24,0,41.2,0
ETH027,Health Centre,Tigray,24,Oxytocin,2024-08,93.0,25,85,111.6,0
ETH027,Health Centre,Tigray,24,Oxytocin,2024-09,69.0,24,0,86.2,0
ETH027,Health Centre,Tigray,24,Oxytocin,2024-10,43.0,26,0,49.6,0
ETH027,Health Centre,Tigray,24,Oxytocin,2024-11,12.0,31,0,11.6,0
ETH027,Health Centre,Tigray,24,Oxytocin,2024-12,52.0,24,64,65.0,0
ETH027,Health Centre,Tigray,24,ORS/Zinc,2024-01,63.0,28,0,67.5,0
ETH027,Health Centre,Tigray,24,ORS/Zinc,2024-02,38.0,25,0,45.6,0
ETH027,Health Centre,Tigray,24,ORS/Zinc,2024-03,78.0,23,63,101.7,0
ETH027,Health Centre,Tigray,24,ORS/Zinc,2024-04,57.0,21,0,81.4,0
ETH027,Health Centre,Tigray,24,ORS/Zinc,2024-05,38.0,19,0,60.0,0
ETH027,Health Centre,Tigray,24,ORS/Zinc,2024-06,11.0,27,0,12.2,0
ETH027,Health Centre,Tigray,24,ORS/Zinc,2024-07,71.0,27,87,78.9,0
ETH027,Health Centre,Tigray,24,ORS/Zinc,2024-09,15.0,25,0,18.0,0
ETH027,Health Centre,Tigray,24,ORS/Zinc,2024-10,67.0,27,79,74.4,0
ETH027,Health Centre,Tigray,24,ORS/Zinc,2024-11,42.0,25,0,50.4,0
ETH027,Health Centre,Tigray,24,ORS/Zinc,2024-12,13.0,29,0,13.4,0
ETH027,Health Centre,Tigray,24,Artemether-Lumefantrine,2024-01,42.0,26,0,48.5,0
ETH027,Health Centre,Tigray,24,Artemether-Lumefantrine,2024-02,18.0,24,0,22.5,0
ETH027,Health Centre,Tigray,24,Artemether-Lumefantrine,2024-04,31.0,20,51,46.5,0
ETH027,Health Centre,Tigray,24,Artemether-Lumefantrine,2024-05,61.0,20,50,91.5,0
ETH027,Health Centre,Tigray,24,Artemether-Lumefantrine,2024-06,21.0,40,0,15.8,0
ETH027,Health Centre,Tigray,24,Artemether-Lumefantrine,2024-07,46.0,39,64,35.4,0
ETH027,Health Centre,Tigray,24,Artemether-Lumefantrine,2024-09,51.0,51,83,30.0,0
ETH027,Health Centre,Tigray,24,Artemether-Lumefantrine,2024-10,32.0,19,0,50.5,0
ETH027,Health Centre,Tigray,24,Artemether-Lumefantrine,2024-11,80.0,18,66,133.3,0
ETH027,Health Centre,Tigray,24,Artemether-Lumefantrine,2024-12,49.0,31,0,47.4,0
ETH027,Health Centre,Tigray,24,Magnesium Sulphate,2024-01,112.0,23,0,146.1,0
ETH027,Health Centre,Tigray,24,Magnesium Sulphate,2024-02,83.0,29,0,85.9,0
ETH027,Health Centre,Tigray,24,Magnesium Sulphate,2024-03,64.0,19,0,101.1,0
ETH027,Health Centre,Tigray,24,Magnesium Sulphate,2024-05,25.0,18,0,41.7,0
ETH027,Health Centre,Tigray,24,Magnesium Sulphate,2024-06,56.0,26,57,64.6,0
ETH027,Health Centre,Tigray,24,Magnesium Sulphate,2024-07,29.0,27,0,32.2,0
ETH027,Health Centre,Tigray,24,Magnesium Sulphate,2024-08,64.0,21,56,91.4,0
ETH027,Health Centre,Tigray,24,Magnesium Sulphate,2024-09,37.0,27,0,41.1,0
ETH027,Health Centre,Tigray,24,Magnesium Sulphate,2024-10,62.0,20,45,93.0,0
ETH027,Health Centre,Tigray,24,Magnesium Sulphate,2024-12,12.0,26,0,13.8,0
ETH028,Health Centre,Amhara,26,Oxytocin,2024-01,119.0,23,0,155.2,0
ETH028,Health Centre,Amhara,26,Oxytocin,2024-02,91.0,28,0,97.5,0
ETH028,Health Centre,Amhara,26,Oxytocin,2024-03,57.0,34,0,50.3,0
ETH028,Health Centre,Amhara,26,Oxytocin,2024-04,43.0,14,0,92.1,0
ETH028,Health Centre,Amhara,26,Oxytocin,2024-05,19.0,24,0,23.8,0
ETH028,Health Centre,Amhara,26,Oxytocin,2024-06,70.0,27,78,77.8,0
ETH028,Health Centre,Amhara,26,Oxytocin,2024-07,40.0,30,0,40.0,0
ETH028,Health Centre,Amhara,26,Oxytocin,2024-08,13.0,27,0,14.4,0
ETH028,Health Centre,Amhara,26,Oxytocin,2024-09,39.0,27,53,43.3,0
ETH028,Health Centre,Amhara,26,Oxytocin,2024-10,64.0,23,48,83.5,0
ETH028,Health Centre,Amhara,26,Oxytocin,2024-11,42.0,22,0,57.3,0
ETH028,Health Centre,Amhara,26,ORS/Zinc,2024-01,114.0,30,0,114.0,0
ETH028,Health Centre,Amhara,26,ORS/Zinc,2024-02,98.0,16,0,180.0,0
ETH028,Health Centre,Amhara,26,ORS/Zinc,2024-03,75.0,23,0,97.8,0
ETH028,Health Centre,Amhara,26,ORS/Zinc,2024-04,42.0,33,0,38.2,0
ETH028,Health Centre,Amhara,26,ORS/Zinc,2024-05,15.0,27,0,16.7,0
ETH028,Health Centre,Amhara,26,ORS/Zinc,2024-06,90.0,25,100,108.0,0
ETH028,Health Centre,Amhara,26,ORS/Zinc,2024-07,64.0,26,0,73.8,0
ETH028,Health Centre,Amhara,26,ORS/Zinc,2024-08,46.0,18,0,76.7,0
ETH028,Health Centre,Amhara,26,ORS/Zinc,2024-09,23.0,23,0,30.0,0
ETH028,Health Centre,Amhara,26,ORS/Zinc,2024-10,4.0,19,0,6.3,0
ETH028,Health Centre,Amhara,26,ORS/Zinc,2024-12,51.0,15,66,102.0,0
ETH028,Health Centre,Amhara,26,Artemether-Lumefantrine,2024-01,66.0,19,0,104.2,0
ETH028,Health Centre,Amhara,26,Artemether-Lumefantrine,2024-02,39.0,27,0,43.3,0
ETH028,Health Centre,Amhara,26,Artemether-Lumefantrine,2024-03,9.0,30,0,9.0,0
ETH028,Health Centre,Amhara,26,Artemether-Lumefantrine,2024-04,53.0,27,71,58.9,0
ETH028,Health Centre,Amhara,26,Artemether-Lumefantrine,2024-05,28.0,25,0,33.6,0
ETH028,Health Centre,Amhara,26,Artemether-Lumefantrine,2024-06,67.0,40,79,50.2,0
ETH028,Health Centre,Amhara,26,Artemether-Lumefantrine,2024-07,34.0,33,0,30.9,0
ETH028,Health Centre,Amhara,26,Artemether-Lumefantrine,2024-08,58.0,45,69,38.7,0
ETH028,Health Centre,Amhara,26,Artemether-Lumefantrine,2024-09,27.0,31,0,26.1,0
ETH028,Health Centre,Amhara,26,Artemether-Lumefantrine,2024-10,54.0,21,48,77.1,0
ETH028,Health Centre,Amhara,26,Artemether-Lumefantrine,2024-11,32.0,22,0,43.6,0
ETH028,Health Centre,Amhara,26,Artemether-Lumefantrine,2024-12,71.0,16,55,133.1,0
ETH028,Health Centre,Amhara,26,Magnesium Sulphate,2024-01,128.0,25,0,153.6,0
ETH028,Health Centre,Amhara,26,Magnesium Sulphate,2024-02,109.0,19,0,172.1,0
ETH028,Health Centre,Amhara,26,Magnesium Sulphate,2024-03,87.0,22,0,118.6,0
ETH028,Health Centre,Amhara,26,Magnesium Sulphate,2024-04,67.0,20,0,100.5,0
ETH028,Health Centre,Amhara,26,Magnesium Sulphate,2024-05,48.0,19,0,75.8,0
ETH028,Health Centre,Amhara,26,Magnesium Sulphate,2024-06,21.0,27,0,23.3,0
ETH028,Health Centre,Amhara,26,Magnesium Sulphate,2024-07,49.0,25,53,58.8,0
ETH028,Health Centre,Amhara,26,Magnesium Sulphate,2024-08,29.0,20,0,43.5,0
ETH028,Health Centre,Amhara,26,Magnesium Sulphate,2024-09,54.0,22,47,73.6,0
ETH028,Health Centre,Amhara,26,Magnesium Sulphate,2024-10,25.0,29,0,25.9,0
ETH028,Health Centre,Amhara,26,Magnesium Sulphate,2024-11,53.0,24,52,66.2,0
ETH028,Health Centre,Amhara,26,Magnesium Sulphate,2024-12,30.0,23,0,39.1,0
ETH029,Health Centre,SNNPR,23,Oxytocin,2024-01,120.0,25,0,144.0,0
ETH029,Health Centre,SNNPR,23,Oxytocin,2024-02,98.0,22,0,133.6,0
ETH029,Health Centre,SNNPR,23,Oxytocin,2024-03,62.0,36,0,51.7,0
ETH029,Health Centre,SNNPR,23,Oxytocin,2024-05,6.0,30,0,6.0,0
ETH029,Health Centre,SNNPR,23,Oxytocin,2024-06,89.0,20,103,133.5,0
ETH029,Health Centre,SNNPR,23,Oxytocin,2024-07,63.0,26,0,72.7,0
ETH029,Health Centre,SNNPR,23,Oxytocin,2024-08,30.0,33,0,27.3,0
ETH029,Health Centre,SNNPR,23,Oxytocin,2024-10,31.0,22,0,42.3,0
ETH029,Health Centre,SNNPR,23,Oxytocin,2024-11,16.0,15,0,32.0,0
ETH029,Health Centre,SNNPR,23,Oxytocin,2024-12,0.0,16,0,0.0,1
ETH029,Health Centre,SNNPR,23,ORS/Zinc,2024-01,68.0,20,0,102.0,0
ETH029,Health Centre,SNNPR,23,ORS/Zinc,2024-02,46.0,22,0,62.7,0
ETH029,Health Centre,SNNPR,23,ORS/Zinc,2024-03,12.0,34,0,10.6,0
ETH029,Health Centre,SNNPR,23,ORS/Zinc,2024-04,0.0,12,0,0.0,1
ETH029,Health Centre,SNNPR,23,ORS/Zinc,2024-05,84.0,20,104,126.0,0
ETH029,Health Centre,SNNPR,23,ORS/Zinc,2024-06,63.0,21,0,90.0,0
ETH029,Health Centre,SNNPR,23,ORS/Zinc,2024-07,41.0,22,0,55.9,0
ETH029,Health Centre,SNNPR,23,ORS/Zinc,2024-08,23.0,18,0,38.3,0
ETH029,Health Centre,SNNPR,23,ORS/Zinc,2024-10,26.0,27,0,28.9,0
ETH029,Health Centre,SNNPR,23,ORS/Zinc,2024-11,0.0,26,0,0.0,1
ETH029,Health Centre,SNNPR,23,ORS/Zinc,2024-12,37.0,23,60,48.3,0
ETH029,Health Centre,SNNPR,23,Artemether-Lumefantrine,2024-02,52.0,21,0,74.3,0
ETH029,Health Centre,SNNPR,23,Artemether-Lumefantrine,2024-03,20.0,32,0,18.8,0
ETH029,Health Centre,SNNPR,23,Artemether-Lumefantrine,2024-04,0.0,20,0,0.0,1
ETH029,Health Centre,SNNPR,23,Artemether-Lumefantrine,2024-05,46.0,25,71,55.2,0
ETH029,Health Centre,SNNPR,23,Artemether-Lumefantrine,2024-06,16.0,30,0,16.0,0
ETH029,Health Centre,SNNPR,23,Artemether-Lumefantrine,2024-07,0.0,16,0,0.0,1
ETH029,Health Centre,SNNPR,23,Artemether-Lumefantrine,2024-08,37.0,29,66,38.3,0
ETH029,Health Centre,SNNPR,23,Artemether-Lumefantrine,2024-10,36.0,19,0,56.8,0
ETH029,Health Centre,SNNPR,23,Artemether-Lumefantrine,2024-11,18.0,18,0,30.0,0
ETH029,Health Centre,SNNPR,23,Artemether-Lumefantrine,2024-12,64.0,24,70,80.0,0
ETH029,Health Centre,SNNPR,23,Magnesium Sulphate,2024-01,100.0,28,0,107.1,0
ETH029,Health Centre,SNNPR,23,Magnesium Sulphate,2024-02,77.0,23,0,100.4,0
ETH029,Health Centre,SNNPR,23,Magnesium Sulphate,2024-03,54.0,23,0,70.4,0
ETH029,Health Centre,SNNPR,23,Magnesium Sulphate,2024-04,27.0,27,0,30.0,0
ETH029,Health Centre,SNNPR,23,Magnesium Sulphate,2024-05,76.0,17,66,134.1,0
ETH029,Health Centre,SNNPR,23,Magnesium Sulphate,2024-06,51.0,25,0,61.2,0
ETH029,Health Centre,SNNPR,23,Magnesium Sulphate,2024-07,25.0,26,0,28.8,0
ETH029,Health Centre,SNNPR,23,Magnesium Sulphate,2024-08,0.0,25,0,0.0,1
ETH029,Health Centre,SNNPR,23,Magnesium Sulphate,2024-09,51.0,29,80,52.8,0
ETH029,Health Centre,SNNPR,23,Magnesium Sulphate,2024-10,26.0,25,0,31.2,0
ETH029,Health Centre,SNNPR,23,Magnesium Sulphate,2024-11,0.0,26,0,0.0,1
ETH029,Health Centre,SNNPR,23,Magnesium Sulphate,2024-12,61.0,24,85,76.2,0
ETH030,Health Post,Oromia,7,Oxytocin,2024-01,14.0,9,0,46.7,0
ETH030,Health Post,Oromia,7,Oxytocin,2024-03,0.0,10,0,0.0,1
ETH030,Health Post,Oromia,7,Oxytocin,2024-04,0.0,0,0,0.0,1
ETH030,Health Post,Oromia,7,Oxytocin,2024-05,19.0,8,27,71.2,0
ETH030,Health Post,Oromia,7,Oxytocin,2024-07,5.0,6,0,25.0,0
ETH030,Health Post,Oromia,7,Oxytocin,2024-08,0.0,5,0,0.0,1
ETH030,Health Post,Oromia,7,Oxytocin,2024-10,19.0,6,0,95.0,0
ETH030,Health Post,Oromia,7,Oxytocin,2024-11,11.0,8,0,41.2,0
ETH030,Health Post,Oromia,7,Oxytocin,2024-12,6.0,5,0,36.0,0
ETH030,Health Post,Oromia,7,ORS/Zinc,2024-01,15.0,3,0,150.0,0
ETH030,Health Post,Oromia,7,ORS/Zinc,2024-02,11.0,4,0,82.5,0
ETH030,Health Post,Oromia,7,ORS/Zinc,2024-03,10.0,1,0,180.0,0
ETH030,Health Post,Oromia,7,ORS/Zinc,2024-04,0.0,10,0,0.0,1
ETH030,Health Post,Oromia,7,ORS/Zinc,2024-05,21.0,5,26,126.0,0
ETH030,Health Post,Oromia,7,ORS/Zinc,2024-06,12.0,9,0,40.0,0
ETH030,Health Post,Oromia,7,ORS/Zinc,2024-07,7.0,5,0,42.0,0
ETH030,Health Post,Oromia,7,ORS/Zinc,2024-08,1.0,6,0,5.0,0
ETH030,Health Post,Oromia,7,ORS/Zinc,2024-09,11.0,5,15,66.0,0
ETH030,Health Post,Oromia,7,ORS/Zinc,2024-10,5.0,6,0,25.0,0
ETH030,Health Post,Oromia,7,ORS/Zinc,2024-11,1.0,4,0,7.5,0
ETH030,Health Post,Oromia,7,ORS/Zinc,2024-12,14.0,4,17,105.0,0
ETH030,Health Post,Oromia,7,Artemether-Lumefantrine,2024-01,26.0,4,0,180.0,0
ETH030,Health Post,Oromia,7,Artemether-Lumefantrine,2024-02,21.0,5,0,126.0,0
ETH030,Health Post,Oromia,7,Artemether-Lumefantrine,2024-03,17.0,4,0,127.5,0
ETH030,Health Post,Oromia,7,Artemether-Lumefantrine,2024-04,10.0,7,0,42.9,0
ETH030,Health Post,Oromia,7,Artemether-Lumefantrine,2024-05,5.0,5,0,30.0,0
ETH030,Health Post,Oromia,7,Artemether-Lumefantrine,2024-06,0.0,5,0,0.0,1
ETH030,Health Post,Oromia,7,Artemether-Lumefantrine,2024-08,9.0,4,0,67.5,0
ETH030,Health Post,Oromia,7,Artemether-Lumefantrine,2024-09,3.0,6,0,15.0,0
ETH030,Health Post,Oromia,7,Artemether-Lumefantrine,2024-10,16.0,2,15,180.0,0
ETH030,Health Post,Oromia,7,Artemether-Lumefantrine,2024-12,9.0,3,0,90.0,0
ETH030,Health Post,Oromia,7,Magnesium Sulphate,2024-01,31.0,6,0,155.0,0
ETH030,Health Post,Oromia,7,Magnesium Sulphate,2024-02,23.0,8,0,86.2,0
ETH030,Health Post,Oromia,7,Magnesium Sulphate,2024-03,14.0,9,0,46.7,0
ETH030,Health Post,Oromia,7,Magnesium Sulphate,2024-04,10.0,4,0,75.0,0
ETH030,Health Post,Oromia,7,Magnesium Sulphate,2024-05,6.0,4,0,45.0,0
ETH030,Health Post,Oromia,7,Magnesium Sulphate,2024-06,18.0,5,17,108.0,0
ETH030,Health Post,Oromia,7,Magnesium Sulphate,2024-07,12.0,6,0,60.0,0
ETH030,Health Post,Oromia,7,Magnesium Sulphate,2024-08,3.0,9,0,10.0,0
ETH030,Health Post,Oromia,7,Magnesium Sulphate,2024-09,20.0,4,21,150.0,0
ETH030,Health Post,Oromia,7,Magnesium Sulphate,2024-10,17.0,3,0,170.0,0
ETH030,Health Post,Oromia,7,Magnesium Sulphate,2024-12,13.0,4,17,97.5,0
ETH031,Health Centre,SNNPR,21,Oxytocin,2024-01,71.0,19,0,112.1,0
ETH031,Health Centre,SNNPR,21,Oxytocin,2024-02,53.0,18,0,88.3,0
ETH031,Health Centre,SNNPR,21,Oxytocin,2024-03,25.0,28,0,26.8,0
ETH031,Health Centre,SNNPR,21,Oxytocin,2024-04,78.0,22,75,106.4,0
ETH031,Health Centre,SNNPR,21,Oxytocin,2024-05,53.0,25,0,63.6,0
ETH031,Health Centre,SNNPR,21,Oxytocin,2024-06,33.0,20,0,49.5,0
ETH031,Health Centre,SNNPR,21,Oxytocin,2024-07,3.0,30,0,3.0,0
ETH031,Health Centre,SNNPR,21,Oxytocin,2024-08,0.0,3,0,0.0,1
ETH031,Health Centre,SNNPR,21,Oxytocin,2024-09,67.0,31,98,64.8,0
ETH031,Health Centre,SNNPR,21,Oxytocin,2024-10,43.0,24,0,53.8,0
ETH031,Health Centre,SNNPR,21,Oxytocin,2024-11,17.0,26,0,19.6,0
ETH031,Health Centre,SNNPR,21,Oxytocin,2024-12,0.0,17,0,0.0,1
ETH031,Health Centre,SNNPR,21,ORS/Zinc,2024-01,107.0,27,0,118.9,0
ETH031,Health Centre,SNNPR,21,ORS/Zinc,2024-02,85.0,22,0,115.9,0
ETH031,Health Centre,SNNPR,21,ORS/Zinc,2024-03,64.0,21,0,91.4,0
ETH031,Health Centre,SNNPR,21,ORS/Zinc,2024-04,36.0,28,0,38.6,0
ETH031,Health Centre,SNNPR,21,ORS/Zinc,2024-05,65.0,23,52,84.8,0
ETH031,Health Centre,SNNPR,21,ORS/Zinc,2024-06,41.0,24,0,51.2,0
ETH031,Health Centre,SNNPR,21,ORS/Zinc,2024-07,18.0,23,0,23.5,0
ETH031,Health Centre,SNNPR,21,ORS/Zinc,2024-09,35.0,22,0,47.7,0
ETH031,Health Centre,SNNPR,21,ORS/Zinc,2024-10,87.0,22,74,118.6,0
ETH031,Health Centre,SNNPR,21,ORS/Zinc,2024-11,68.0,19,0,107.4,0
ETH031,Health Centre,SNNPR,21,Artemether-Lumefantrine,2024-02,34.0,27,0,37.8,0
ETH031,Health Centre,SNNPR,21,Artemether-Lumefantrine,2024-03,10.0,24,0,12.5,0
ETH031,Health Centre,SNNPR,21,Artemether-Lumefantrine,2024-04,65.0,26,81,75.0,0
ETH031,Health Centre,SNNPR,21,Artemether-Lumefantrine,2024-05,45.0,20,0,67.5,0
ETH031,Health Centre,SNNPR,21,Artemether-Lumefantrine,2024-06,8.0,37,0,6.5,0
ETH031,Health Centre,SNNPR,21,Artemether-Lumefantrine,2024-07,0.0,8,0,0.0,1
ETH031,Health Centre,SNNPR,21,Artemether-Lumefantrine,2024-09,48.0,40,0,36.0,0
ETH031,Health Centre,SNNPR,21,Artemether-Lumefantrine,2024-10,23.0,25,0,27.6,0
ETH031,Health Centre,SNNPR,21,Artemether-Lumefantrine,2024-11,59.0,41,77,43.2,0
ETH031,Health Centre,SNNPR,21,Artemether-Lumefantrine,2024-12,28.0,31,0,27.1,0
ETH031,Health Centre,SNNPR,21,Magnesium Sulphate,2024-01,114.0,23,0,148.7,0
ETH031,Health Centre,SNNPR,21,Magnesium Sulphate,2024-02,88.0,26,0,101.5,0
ETH031,Health Centre,SNNPR,21,Magnesium Sulphate,2024-04,37.0,27,0,41.1,0
ETH031,Health Centre,SNNPR,21,Magnesium Sulphate,2024-05,7.0,30,0,7.0,0
ETH031,Health Centre,SNNPR,21,Magnesium Sulphate,2024-06,50.0,27,70,55.6,0
ETH031,Health Centre,SNNPR,21,Magnesium Sulphate,2024-08,93.0,15,82,180.0,0
ETH031,Health Centre,SNNPR,21,Magnesium Sulphate,2024-09,71.0,22,0,96.8,0
ETH031,Health Centre,SNNPR,21,Magnesium Sulphate,2024-10,50.0,21,0,71.4,0
ETH031,Health Centre,SNNPR,21,Magnesium Sulphate,2024-11,28.0,22,0,38.2,0
ETH031,Health Centre,SNNPR,21,Magnesium Sulphate,2024-12,6.0,22,0,8.2,0
ETH032,Health Centre,Oromia,26,Oxytocin,2024-01,85.0,22,0,115.9,0
ETH032,Health Centre,Oromia,26,Oxytocin,2024-02,53.0,32,0,49.7,0
ETH032,Health Centre,Oromia,26,Oxytocin,2024-03,20.0,33,0,18.2,0
ETH032,Health Centre,Oromia,26,Oxytocin,2024-04,39.0,32,51,36.6,0
ETH032,Health Centre,Oromia,26,Oxytocin,2024-05,62.0,25,48,74.4,0
ETH032,Health Centre,Oromia,26,Oxytocin,2024-06,43.0,19,0,67.9,0
ETH032,Health Centre,Oromia,26,Oxytocin,2024-07,16.0,27,0,17.8,0
ETH032,Health Centre,Oromia,26,Oxytocin,2024-08,0.0,16,0,0.0,1
ETH032,Health Centre,Oromia,26,Oxytocin,2024-10,49.0,20,0,73.5,0
ETH032,Health Centre,Oromia,26,Oxytocin,2024-11,26.0,23,0,33.9,0
ETH032,Health Centre,Oromia,26,Oxytocin,2024-12,54.0,25,53,64.8,0
ETH032,Health Centre,Oromia,26,ORS/Zinc,2024-01,138.0,21,0,180.0,0
ETH032,Health Centre,Oromia,26,ORS/Zinc,2024-02,111.0,27,0,123.3,0
ETH032,Health Centre,Oromia,26,ORS/Zinc,2024-03,92.0,19,0,145.3,0
ETH032,Health Centre,Oromia,26,ORS/Zinc,2024-04,70.0,22,0,95.5,0
ETH032,Health Centre,Oromia,26,ORS/Zinc,2024-05,47.0,23,0,61.3,0
ETH032,Health Centre,Oromia,26,ORS/Zinc,2024-06,22.0,25,0,26.4,0
ETH032,Health Centre,Oromia,26,ORS/Zinc,2024-07,78.0,22,78,106.4,0
ETH032,Health Centre,Oromia,26,ORS/Zinc,2024-08,58.0,20,0,87.0,0
ETH032,Health Centre,Oromia,26,ORS/Zinc,2024-10,67.0,27,62,74.4,0
ETH032,Health Centre,Oromia,26,ORS/Zinc,2024-11,46.0,21,0,65.7,0
ETH032,Health Centre,Oromia,26,ORS/Zinc,2024-12,12.0,34,0,10.6,0
ETH032,Health Centre,Oromia,26,Artemether-Lumefantrine,2024-01,68.0,22,0,92.7,0
ETH032,Health Centre,Oromia,26,Artemether-Lumefantrine,2024-02,46.0,22,0,62.7,0
ETH032,Health Centre,Oromia,26,Artemether-Lumefantrine,2024-03,23.0,23,0,30.0,0
ETH032,Health Centre,Oromia,26,Artemether-Lumefantrine,2024-04,55.0,21,53,78.6,0
ETH032,Health Centre,Oromia,26,Artemether-Lumefantrine,2024-05,30.0,25,0,36.0,0
ETH032,Health Centre,Oromia,26,Artemether-Lumefantrine,2024-06,0.0,30,0,0.0,1
ETH032,Health Centre,Oromia,26,Artemether-Lumefantrine,2024-08,38.0,41,43,27.8,0
ETH032,Health Centre,Oromia,26,Artemether-Lumefantrine,2024-09,70.0,36,68,58.3,0
ETH032,Health Centre,Oromia,26,Artemether-Lumefantrine,2024-10,52.0,18,0,86.7,0
ETH032,Health Centre,Oromia,26,Artemether-Lumefantrine,2024-11,31.0,21,0,44.3,0
ETH032,Health Centre,Oromia,26,Artemether-Lumefantrine,2024-12,8.0,23,0,10.4,0
ETH032,Health Centre,Oromia,26,Magnesium Sulphate,2024-01,81.0,26,0,93.5,0
ETH032,Health Centre,Oromia,26,Magnesium Sulphate,2024-02,59.0,22,0,80.5,0
ETH032,Health Centre,Oromia,26,Magnesium Sulphate,2024-03,31.0,28,0,33.2,0
ETH032,Health Centre,Oromia,26,Magnesium Sulphate,2024-05,33.0,29,0,34.1,0
ETH032,Health Centre,Oromia,26,Magnesium Sulphate,2024-06,54.0,27,48,60.0,0
ETH032,Health Centre,Oromia,26,Magnesium Sulphate,2024-07,33.0,21,0,47.1,0
ETH032,Health Centre,Oromia,26,Magnesium Sulphate,2024-08,11.0,22,0,15.0,0
ETH032,Health Centre,Oromia,26,Magnesium Sulphate,2024-09,65.0,20,74,97.5,0
ETH032,Health Centre,Oromia,26,Magnesium Sulphate,2024-10,37.0,28,0,39.6,0
ETH032,Health Centre,Oromia,26,Magnesium Sulphate,2024-11,6.0,31,0,5.8,0
ETH032,Health Centre,Oromia,26,Magnesium Sulphate,2024-12,0.0,6,0,0.0,1
ETH033,Health Centre,SNNPR,22,Oxytocin,2024-01,54.0,30,0,54.0,0
ETH033,Health Centre,SNNPR,22,Oxytocin,2024-03,52.0,21,51,74.3,0
ETH033,Health Centre,SNNPR,22,Oxytocin,2024-04,33.0,19,0,52.1,0
ETH033,Health Centre,SNNPR,22,Oxytocin,2024-05,8.0,25,0,9.6,0
ETH033,Health Centre,SNNPR,22,Oxytocin,2024-06,0.0,8,0,0.0,1
ETH033,Health Centre,SNNPR,22,Oxytocin,2024-07,0.0,0,0,0.0,1
ETH033,Health Centre,SNNPR,22,Oxytocin,2024-08,0.0,0,0,0.0,1
ETH033,Health Centre,SNNPR,22,Oxytocin,2024-09,77.0,22,99,105.0,0
ETH033,Health Centre,SNNPR,22,Oxytocin,2024-10,52.0,25,0,62.4,0
ETH033,Health Centre,SNNPR,22,Oxytocin,2024-12,63.0,28,58,67.5,0
ETH033,Health Centre,SNNPR,22,ORS/Zinc,2024-01,82.0,27,0,91.1,0
ETH033,Health Centre,SNNPR,22,ORS/Zinc,2024-03,33.0,25,0,39.6,0
ETH033,Health Centre,SNNPR,22,ORS/Zinc,2024-04,7.0,26,0,8.1,0
ETH033,Health Centre,SNNPR,22,ORS/Zinc,2024-06,36.0,30,0,36.0,0
ETH033,Health Centre,SNNPR,22,ORS/Zinc,2024-07,75.0,27,66,83.3,0
ETH033,Health Centre,SNNPR,22,ORS/Zinc,2024-08,51.0,24,0,63.8,0
ETH033,Health Centre,SNNPR,22,ORS/Zinc,2024-10,82.0,21,79,117.1,0
ETH033,Health Centre,SNNPR,22,ORS/Zinc,2024-11,58.0,24,0,72.5,0
ETH033,Health Centre,SNNPR,22,Artemether-Lumefantrine,2024-01,54.0,19,0,85.3,0
ETH033,Health Centre,SNNPR,22,Artemether-Lumefantrine,2024-02,31.0,23,0,40.4,0
ETH033,Health Centre,SNNPR,22,Artemether-Lumefantrine,2024-03,96.0,20,85,144.0,0
ETH033,Health Centre,SNNPR,22,Artemether-Lumefantrine,2024-04,66.0,30,0,66.0,0
ETH033,Health Centre,SNNPR,22,Artemether-Lumefantrine,2024-05,38.0,28,0,40.7,0
ETH033,Health Centre,SNNPR,22,Artemether-Lumefantrine,2024-06,75.0,39,76,57.7,0
ETH033,Health Centre,SNNPR,22,Artemether-Lumefantrine,2024-07,40.0,35,0,34.3,0
ETH033,Health Centre,SNNPR,22,Artemether-Lumefantrine,2024-08,4.0,36,0,3.3,0
ETH033,Health Centre,SNNPR,22,Artemether-Lumefantrine,2024-09,56.0,43,95,39.1,0
ETH033,Health Centre,SNNPR,22,Artemether-Lumefantrine,2024-10,28.0,28,0,30.0,0
ETH033,Health Centre,SNNPR,22,Artemether-Lumefantrine,2024-11,9.0,19,0,14.2,0
ETH033,Health Centre,SNNPR,22,Artemether-Lumefantrine,2024-12,39.0,18,48,65.0,0
ETH033,Health Centre,SNNPR,22,Magnesium Sulphate,2024-01,105.0,25,0,126.0,0
ETH033,Health Centre,SNNPR,22,Magnesium Sulphate,2024-02,80.0,25,0,96.0,0
ETH033,Health Centre,SNNPR,22,Magnesium Sulphate,2024-03,56.0,24,0,70.0,0
ETH033,Health Centre,SNNPR,22,Magnesium Sulphate,2024-04,35.0,21,0,50.0,0
ETH033,Health Centre,SNNPR,22,Magnesium Sulphate,2024-05,78.0,22,65,106.4,0
ETH033,Health Centre,SNNPR,22,Magnesium Sulphate,2024-06,49.0,29,0,50.7,0
ETH033,Health Centre,SNNPR,22,Magnesium Sulphate,2024-07,31.0,18,0,51.7,0
ETH033,Health Centre,SNNPR,22,Magnesium Sulphate,2024-08,11.0,20,0,16.5,0
ETH033,Health Centre,SNNPR,22,Magnesium Sulphate,2024-10,54.0,25,0,64.8,0
ETH033,Health Centre,SNNPR,22,Magnesium Sulphate,2024-11,28.0,26,0,32.3,0
ETH033,Health Centre,SNNPR,22,Magnesium Sulphate,2024-12,71.0,32,75,66.6,0
ETH034,Health Centre,Tigray,18,Oxytocin,2024-01,53.0,25,0,63.6,0
ETH034,Health Centre,Tigray,18,Oxytocin,2024-02,38.0,15,0,76.0,0
ETH034,Health Centre,Tigray,18,Oxytocin,2024-03,61.0,26,49,70.4,0
ETH034,Health Centre,Tigray,18,Oxytocin,2024-04,35.0,26,0,40.4,0
ETH034,Health Centre,Tigray,18,Oxytocin,2024-05,20.0,15,0,40.0,0
ETH034,Health Centre,Tigray,18,Oxytocin,2024-06,49.0,33,62,44.5,0
ETH034,Health Centre,Tigray,18,Oxytocin,2024-07,28.0,21,0,40.0,0
ETH034,Health Centre,Tigray,18,Oxytocin,2024-08,12.0,16,0,22.5,0
ETH034,Health Centre,Tigray,18,Oxytocin,2024-09,70.0,16,74,131.2,0
ETH034,Health Centre,Tigray,18,Oxytocin,2024-10,45.0,25,0,54.0,0
ETH034,Health Centre,Tigray,18,Oxytocin,2024-11,21.0,24,0,26.2,0
ETH034,Health Centre,Tigray,18,Oxytocin,2024-12,77.0,35,91,66.0,0
ETH034,Health Centre,Tigray,18,ORS/Zinc,2024-01,123.0,25,0,147.6,0
ETH034,Health Centre,Tigray,18,ORS/Zinc,2024-02,96.0,27,0,106.7,0
ETH034,Health Centre,Tigray,18,ORS/Zinc,2024-03,64.0,32,0,60.0,0
ETH034,Health Centre,Tigray,18,ORS/Zinc,2024-05,25.0,22,0,34.1,0
ETH034,Health Centre,Tigray,18,ORS/Zinc,2024-06,90.0,14,79,180.0,0
ETH034,Health Centre,Tigray,18,ORS/Zinc,2024-07,65.0,25,0,78.0,0
ETH034,Health Centre,Tigray,18,ORS/Zinc,2024-08,50.0,15,0,100.0,0
ETH034,Health Centre,Tigray,18,ORS/Zinc,2024-09,24.0,26,0,27.7,0
ETH034,Health Centre,Tigray,18,ORS/Zinc,2024-11,20.0,27,0,22.2,0
ETH034,Health Centre,Tigray,18,Artemether-Lumefantrine,2024-01,48.0,26,0,55.4,0
ETH034,Health Centre,Tigray,18,Artemether-Lumefantrine,2024-02,29.0,19,0,45.8,0
ETH034,Health Centre,Tigray,18,Artemether-Lumefantrine,2024-03,72.0,27,70,80.0,0
ETH034,Health Centre,Tigray,18,Artemether-Lumefantrine,2024-04,38.0,34,0,33.5,0
ETH034,Health Centre,Tigray,18,Artemether-Lumefantrine,2024-05,92.0,27,81,102.2,0
ETH034,Health Centre,Tigray,18,Artemether-Lumefantrine,2024-07,44.0,25,0,52.8,0
ETH034,Health Centre,Tigray,18,Artemether-Lumefantrine,2024-08,15.0,29,0,15.5,0
ETH034,Health Centre,Tigray,18,Artemether-Lumefantrine,2024-09,75.0,31,91,72.6,0
ETH034,Health Centre,Tigray,18,Artemether-Lumefantrine,2024-10,49.0,26,0,56.5,0
ETH034,Health Centre,Tigray,18,Artemether-Lumefantrine,2024-11,29.0,20,0,43.5,0
ETH034,Health Centre,Tigray,18,Artemether-Lumefantrine,2024-12,49.0,26,46,56.5,0
ETH034,Health Centre,Tigray,18,Magnesium Sulphate,2024-01,127.0,24,0,158.8,0
ETH034,Health Centre,Tigray,18,Magnesium Sulphate,2024-02,108.0,19,0,170.5,0
ETH034,Health Centre,Tigray,18,Magnesium Sulphate,2024-03,79.0,29,0,81.7,0
ETH034,Health Centre,Tigray,18,Magnesium Sulphate,2024-04,56.0,23,0,73.0,0
ETH034,Health Centre,Tigray,18,Magnesium Sulphate,2024-06,58.0,30,54,58.0,0
ETH034,Health Centre,Tigray,18,Magnesium Sulphate,2024-07,25.0,33,0,22.7,0
ETH034,Health Centre,Tigray,18,Magnesium Sulphate,2024-08,54.0,23,52,70.4,0
ETH034,Health Centre,Tigray,18,Magnesium Sulphate,2024-09,33.0,21,0,47.1,0
ETH034,Health Centre,Tigray,18,Magnesium Sulphate,2024-10,3.0,30,0,3.0,0
ETH034,Health Centre,Tigray,18,Magnesium Sulphate,2024-11,0.0,3,0,0.0,1
ETH035,Health Post,Amhara,10,Oxytocin,2024-01,21.0,9,0,70.0,0
ETH035,Health Post,Amhara,10,Oxytocin,2024-02,20.0,1,0,180.0,0
ETH035,Health Post,Amhara,10,Oxytocin,2024-03,17.0,3,0,170.0,0
ETH035,Health Post,Amhara,10,Oxytocin,2024-05,5.0,3,0,50.0,0
ETH035,Health Post,Amhara,10,Oxytocin,2024-07,9.0,5,0,54.0,0
ETH035,Health Post,Amhara,10,Oxytocin,2024-08,14.0,5,10,84.0,0
ETH035,Health Post,Amhara,10,Oxytocin,2024-09,8.0,6,0,40.0,0
ETH035,Health Post,Amhara,10,Oxytocin,2024-10,2.0,6,0,10.0,0
ETH035,Health Post,Amhara,10,Oxytocin,2024-12,17.0,2,0,180.0,0
ETH035,Health Post,Amhara,10,ORS/Zinc,2024-01,16.0,2,0,180.0,0
ETH035,Health Post,Amhara,10,ORS/Zinc,2024-02,10.0,6,0,50.0,0
ETH035,Health Post,Amhara,10,ORS/Zinc,2024-04,0.0,5,0,0.0,1
ETH035,Health Post,Amhara,10,ORS/Zinc,2024-05,17.0,5,22,102.0,0
ETH035,Health Post,Amhara,10,ORS/Zinc,2024-06,10.0,7,0,42.9,0
ETH035,Health Post,Amhara,10,ORS/Zinc,2024-07,6.0,4,0,45.0,0
ETH035,Health Post,Amhara,10,ORS/Zinc,2024-08,1.0,5,0,6.0,0
ETH035,Health Post,Amhara,10,ORS/Zinc,2024-10,8.0,6,0,40.0,0
ETH035,Health Post,Amhara,10,ORS/Zinc,2024-11,3.0,5,0,18.0,0
ETH035,Health Post,Amhara,10,ORS/Zinc,2024-12,15.0,6,18,75.0,0
ETH035,Health Post,Amhara,10,Artemether-Lumefantrine,2024-01,14.0,10,0,42.0,0
ETH035,Health Post,Amhara,10,Artemether-Lumefantrine,2024-02,7.0,7,0,30.0,0
ETH035,Health Post,Amhara,10,Artemether-Lumefantrine,2024-04,15.0,5,0,90.0,0
ETH035,Health Post,Amhara,10,Artemether-Lumefantrine,2024-05,10.0,5,0,60.0,0
ETH035,Health Post,Amhara,10,Artemether-Lumefantrine,2024-06,1.0,9,0,3.3,0
ETH035,Health Post,Amhara,10,Artemether-Lumefantrine,2024-07,6.0,9,14,20.0,0
ETH035,Health Post,Amhara,10,Artemether-Lumefantrine,2024-08,0.0,6,0,0.0,1
ETH035,Health Post,Amhara,10,Artemether-Lumefantrine,2024-09,8.0,4,12,60.0,0
ETH035,Health Post,Amhara,10,Artemether-Lumefantrine,2024-10,18.0,7,17,77.1,0
ETH035,Health Post,Amhara,10,Artemether-Lumefantrine,2024-11,12.0,6,0,60.0,0
ETH035,Health Post,Amhara,10,Artemether-Lumefantrine,2024-12,10.0,2,0,150.0,0
ETH035,Health Post,Amhara,10,Magnesium Sulphate,2024-01,24.0,5,0,144.0,0
ETH035,Health Post,Amhara,10,Magnesium Sulphate,2024-02,18.0,6,0,90.0,0
ETH035,Health Post,Amhara,10,Magnesium Sulphate,2024-03,13.0,5,0,78.0,0
ETH035,Health Post,Amhara,10,Magnesium Sulphate,2024-04,2.0,11,0,5.5,0
ETH035,Health Post,Amhara,10,Magnesium Sulphate,2024-06,15.0,4,0,112.5,0
ETH035,Health Post,Amhara,10,Magnesium Sulphate,2024-07,5.0,10,0,15.0,0
ETH035,Health Post,Amhara,10,Magnesium Sulphate,2024-08,0.0,5,0,0.0,1
ETH035,Health Post,Amhara,10,Magnesium Sulphate,2024-09,14.0,8,22,52.5,0
ETH035,Health Post,Amhara,10,Magnesium Sulphate,2024-10,9.0,5,0,54.0,0
ETH035,Health Post,Amhara,10,Magnesium Sulphate,2024-11,0.0,9,0,0.0,1
ETH036,Health Post,Amhara,9,Oxytocin,2024-01,15.0,2,0,180.0,0
ETH036,Health Post,Amhara,9,Oxytocin,2024-02,11.0,4,0,82.5,0
ETH036,Health Post,Amhara,9,Oxytocin,2024-03,6.0,5,0,36.0,0
ETH036,Health Post,Amhara,9,Oxytocin,2024-04,2.0,4,0,15.0,0
ETH036,Health Post,Amhara,9,Oxytocin,2024-05,0.0,2,0,0.0,1
ETH036,Health Post,Amhara,9,Oxytocin,2024-06,17.0,5,22,102.0,0
ETH036,Health Post,Amhara,9,Oxytocin,2024-07,9.0,8,0,33.8,0
ETH036,Health Post,Amhara,9,Oxytocin,2024-09,10.0,5,0,60.0,0
ETH036,Health Post,Amhara,9,Oxytocin,2024-10,9.0,1,0,180.0,0
ETH036,Health Post,Amhara,9,Oxytocin,2024-11,11.0,9,11,36.7,0
ETH036,Health Post,Amhara,9,Oxytocin,2024-12,9.0,2,0,135.0,0
ETH036,Health Post,Amhara,9,ORS/Zinc,2024-02,9.0,9,0,30.0,0
ETH036,Health Post,Amhara,9,ORS/Zinc,2024-03,19.0,6,16,95.0,0
ETH036,Health Post,Amhara,9,ORS/Zinc,2024-04,18.0,1,0,180.0,0
ETH036,Health Post,Amhara,9,ORS/Zinc,2024-05,14.0,4,0,105.0,0
ETH036,Health Post,Amhara,9,ORS/Zinc,2024-06,2.0,12,0,5.0,0
ETH036,Health Post,Amhara,9,ORS/Zinc,2024-07,0.0,2,0,0.0,1
ETH036,Health Post,Amhara,9,ORS/Zinc,2024-08,0.0,0,0,0.0,1
ETH036,Health Post,Amhara,9,ORS/Zinc,2024-09,0.0,0,0,0.0,1
ETH036,Health Post,Amhara,9,ORS/Zinc,2024-10,18.0,8,26,67.5,0
ETH036,Health Post,Amhara,9,ORS/Zinc,2024-11,16.0,2,0,180.0,0
ETH036,Health Post,Amhara,9,Artemether-Lumefantrine,2024-01,27.0,6,0,135.0,0
ETH036,Health Post,Amhara,9,Artemether-Lumefantrine,2024-02,20.0,7,0,85.7,0
ETH036,Health Post,Amhara,9,Artemether-Lumefantrine,2024-03,12.0,8,0,45.0,0
ETH036,Health Post,Amhara,9,Artemether-Lumefantrine,2024-04,2.0,10,0,6.0,0
ETH036,Health Post,Amhara,9,Artemether-Lumefantrine,2024-05,0.0,2,0,0.0,1
ETH036,Health Post,Amhara,9,Artemether-Lumefantrine,2024-06,0.0,0,0,0.0,1
ETH036,Health Post,Amhara,9,Artemether-Lumefantrine,2024-07,17.0,9,26,56.7,0
ETH036,Health Post,Amhara,9,Artemether-Lumefantrine,2024-08,6.0,11,0,16.4,0
ETH036,Health Post,Amhara,9,Artemether-Lumefantrine,2024-09,0.0,6,0,0.0,1
ETH036,Health Post,Amhara,9,Artemether-Lumefantrine,2024-10,6.0,6,12,30.0,0
ETH036,Health Post,Amhara,9,Artemether-Lumefantrine,2024-11,10.0,8,12,37.5,0
ETH036,Health Post,Amhara,9,Artemether-Lumefantrine,2024-12,6.0,4,0,45.0,0
ETH036,Health Post,Amhara,9,Magnesium Sulphate,2024-01,14.0,7,0,60.0,0
ETH036,Health Post,Amhara,9,Magnesium Sulphate,2024-02,9.0,5,0,54.0,0
ETH036,Health Post,Amhara,9,Magnesium Sulphate,2024-03,3.0,6,0,15.0,0
ETH036,Health Post,Amhara,9,Magnesium Sulphate,2024-04,11.0,6,14,55.0,0
ETH036,Health Post,Amhara,9,Magnesium Sulphate,2024-05,6.0,5,0,36.0,0
ETH036,Health Post,Amhara,9,Magnesium Sulphate,2024-06,23.0,6,23,115.0,0
ETH036,Health Post,Amhara,9,Magnesium Sulphate,2024-07,18.0,5,0,108.0,0
ETH036,Health Post,Amhara,9,Magnesium Sulphate,2024-08,12.0,6,0,60.0,0
ETH036,Health Post,Amhara,9,Magnesium Sulphate,2024-09,5.0,7,0,21.4,0
ETH036,Health Post,Amhara,9,Magnesium Sulphate,2024-10,1.0,4,0,7.5,0
ETH036,Health Post,Amhara,9,Magnesium Sulphate,2024-11,11.0,10,20,33.0,0
ETH037,Hospital,Oromia,26,Oxytocin,2024-01,469.0,101,0,139.3,0
ETH037,Hospital,Oromia,26,Oxytocin,2024-02,370.0,99,0,112.1,0
ETH037,Hospital,Oromia,26,Oxytocin,2024-03,282.0,88,0,96.1,0
ETH037,Hospital,Oromia,26,Oxytocin,2024-04,197.0,85,0,69.5,0
ETH037,Hospital,Oromia,26,Oxytocin,2024-05,107.0,90,0,35.7,0
ETH037,Hospital,Oromia,26,Oxytocin,2024-07,232.0,98,0,71.0,0
ETH037,Hospital,Oromia,26,Oxytocin,2024-08,143.0,89,0,48.2,0
ETH037,Hospital,Oromia,26,Oxytocin,2024-09,297.0,92,246,96.8,0
ETH037,Hospital,Oromia,26,Oxytocin,2024-10,204.0,93,0,65.8,0
ETH037,Hospital,Oromia,26,Oxytocin,2024-11,115.0,89,0,38.8,0
ETH037,Hospital,Oromia,26,Oxytocin,2024-12,195.0,99,179,59.1,0
ETH037,Hospital,Oromia,26,ORS/Zinc,2024-01,443.0,86,0,154.5,0
ETH037,Hospital,Oromia,26,ORS/Zinc,2024-02,345.0,98,0,105.6,0
ETH037,Hospital,Oromia,26,ORS/Zinc,2024-03,242.0,103,0,70.5,0
ETH037,Hospital,Oromia,26,ORS/Zinc,2024-04,155.0,87,0,53.4,0
ETH037,Hospital,Oromia,26,ORS/Zinc,2024-05,65.0,90,0,21.7,0
ETH037,Hospital,Oromia,26,ORS/Zinc,2024-06,286.0,82,303,104.6,0
ETH037,Hospital,Oromia,26,ORS/Zinc,2024-07,193.0,93,0,62.3,0
ETH037,Hospital,Oromia,26,ORS/Zinc,2024-08,99.0,94,0,31.6,0
ETH037,Hospital,Oromia,26,ORS/Zinc,2024-09,335.0,96,332,104.7,0
ETH037,Hospital,Oromia,26,ORS/Zinc,2024-10,250.0,85,0,88.2,0
ETH037,Hospital,Oromia,26,ORS/Zinc,2024-11,167.0,83,0,60.4,0
ETH037,Hospital,Oromia,26,ORS/Zinc,2024-12,79.0,88,0,26.9,0
ETH037,Hospital,Oromia,26,Artemether-Lumefantrine,2024-01,455.0,96,0,142.2,0
ETH037,Hospital,Oromia,26,Artemether-Lumefantrine,2024-02,366.0,89,0,123.4,0
ETH037,Hospital,Oromia,26,Artemether-Lumefantrine,2024-03,284.0,82,0,103.9,0
ETH037,Hospital,Oromia,26,Artemether-Lumefantrine,2024-04,208.0,76,0,82.1,0
ETH037,Hospital,Oromia,26,Artemether-Lumefantrine,2024-05,124.0,84,0,44.3,0
ETH037,Hospital,Oromia,26,Artemether-Lumefantrine,2024-06,263.0,117,256,67.4,0
ETH037,Hospital,Oromia,26,Artemether-Lumefantrine,2024-07,115.0,148,0,23.3,0
ETH037,Hospital,Oromia,26,Artemether-Lumefantrine,2024-08,249.0,150,284,49.8,0
ETH037,Hospital,Oromia,26,Artemether-Lumefantrine,2024-09,99.0,150,0,19.8,0
ETH037,Hospital,Oromia,26,Artemether-Lumefantrine,2024-10,1.0,98,0,0.3,0
ETH037,Hospital,Oromia,26,Artemether-Lumefantrine,2024-11,263.0,98,360,80.5,0
ETH037,Hospital,Oromia,26,Artemether-Lumefantrine,2024-12,168.0,95,0,53.1,0
ETH037,Hospital,Oromia,26,Magnesium Sulphate,2024-01,242.0,94,0,77.2,0
ETH037,Hospital,Oromia,26,Magnesium Sulphate,2024-02,154.0,88,0,52.5,0
ETH037,Hospital,Oromia,26,Magnesium Sulphate,2024-03,61.0,93,0,19.7,0
ETH037,Hospital,Oromia,26,Magnesium Sulphate,2024-05,250.0,93,343,80.6,0
ETH037,Hospital,Oromia,26,Magnesium Sulphate,2024-06,160.0,90,0,53.3,0
ETH037,Hospital,Oromia,26,Magnesium Sulphate,2024-07,71.0,89,0,23.9,0
ETH037,Hospital,Oromia,26,Magnesium Sulphate,2024-08,298.0,99,326,90.3,0
ETH037,Hospital,Oromia,26,Magnesium Sulphate,2024-09,200.0,98,0,61.2,0
ETH037,Hospital,Oromia,26,Magnesium Sulphate,2024-10,99.0,101,0,29.4,0
ETH037,Hospital,Oromia,26,Magnesium Sulphate,2024-11,16.0,83,0,5.8,0
ETH037,Hospital,Oromia,26,Magnesium Sulphate,2024-12,0.0,16,0,0.0,1
ETH038,Health Post,Tigray,8,Oxytocin,2024-02,26.0,6,0,130.0,0
ETH038,Health Post,Tigray,8,Oxytocin,2024-04,11.0,7,0,47.1,0
ETH038,Health Post,Tigray,8,Oxytocin,2024-05,6.0,5,0,36.0,0
ETH038,Health Post,Tigray,8,Oxytocin,2024-07,13.0,6,0,65.0,0
ETH038,Health Post,Tigray,8,Oxytocin,2024-09,19.0,7,20,81.4,0
ETH038,Health Post,Tigray,8,Oxytocin,2024-10,12.0,7,0,51.4,0
ETH038,Health Post,Tigray,8,Oxytocin,2024-12,0.0,3,0,0.0,1
ETH038,Health Post,Tigray,8,ORS/Zinc,2024-01,24.0,8,0,90.0,0
ETH038,Health Post,Tigray,8,ORS/Zinc,2024-02,21.0,3,0,180.0,0
ETH038,Health Post,Tigray,8,ORS/Zinc,2024-03,16.0,5,0,96.0,0
ETH038,Health Post,Tigray,8,ORS/Zinc,2024-05,5.0,7,0,21.4,0
ETH038,Health Post,Tigray,8,ORS/Zinc,2024-06,28.0,1,24,180.0,0
ETH038,Health Post,Tigray,8,ORS/Zinc,2024-07,20.0,8,0,75.0,0
ETH038,Health Post,Tigray,8,ORS/Zinc,2024-08,12.0,8,0,45.0,0
ETH038,Health Post,Tigray,8,ORS/Zinc,2024-09,1.0,11,0,2.7,0
ETH038,Health Post,Tigray,8,ORS/Zinc,2024-10,20.0,8,27,75.0,0
ETH038,Health Post,Tigray,8,ORS/Zinc,2024-11,10.0,10,0,30.0,0
ETH038,Health Post,Tigray,8,ORS/Zinc,2024-12,6.0,4,0,45.0,0
ETH038,Health Post,Tigray,8,Artemether-Lumefantrine,2024-01,11.0,12,0,27.5,0
ETH038,Health Post,Tigray,8,Artemether-Lumefantrine,2024-02,1.0,10,0,3.0,0
ETH038,Health Post,Tigray,8,Artemether-Lumefantrine,2024-03,15.0,8,22,56.2,0
ETH038,Health Post,Tigray,8,Artemether-Lumefantrine,2024-04,4.0,11,0,10.9,0
ETH038,Health Post,Tigray,8,Artemether-Lumefantrine,2024-05,15.0,6,17,75.0,0
ETH038,Health Post,Tigray,8,Artemether-Lumefantrine,2024-06,6.0,9,0,20.0,0
ETH038,Health Post,Tigray,8,Artemether-Lumefantrine,2024-07,0.0,6,0,0.0,1
ETH038,Health Post,Tigray,8,Artemether-Lumefantrine,2024-08,0.0,0,0,0.0,1
ETH038,Health Post,Tigray,8,Artemether-Lumefantrine,2024-09,0.0,0,0,0.0,1
ETH038,Health Post,Tigray,8,Artemether-Lumefantrine,2024-10,14.0,6,20,70.0,0
ETH038,Health Post,Tigray,8,Artemether-Lumefantrine,2024-12,21.0,4,17,157.5,0
ETH038,Health Post,Tigray,8,Magnesium Sulphate,2024-01,13.0,9,0,43.3,0
ETH038,Health Post,Tigray,8,Magnesium Sulphate,2024-02,10.0,3,0,100.0,0
ETH038,Health Post,Tigray,8,Magnesium Sulphate,2024-03,8.0,2,0,120.0,0
ETH038,Health Post,Tigray,8,Magnesium Sulphate,2024-04,3.0,5,0,18.0,0
ETH038,Health Post,Tigray,8,Magnesium Sulphate,2024-06,17.0,10,18,51.0,0
ETH038,Health Post,Tigray,8,Magnesium Sulphate,2024-07,12.0,5,0,72.0,0
ETH038,Health Post,Tigray,8,Magnesium Sulphate,2024-08,6.0,6,0,30.0,0
ETH038,Health Post,Tigray,8,Magnesium Sulphate,2024-09,2.0,4,0,15.0,0
ETH038,Health Post,Tigray,8,Magnesium Sulphate,2024-11,0.0,0,0,0.0,1
ETH038,Health Post,Tigray,8,Magnesium Sulphate,2024-12,0.0,0,0,0.0,1
ETH039,Health Post,Amhara,11,Oxytocin,2024-01,11.0,5,0,66.0,0
ETH039,Health Post,Amhara,11,Oxytocin,2024-02,4.0,7,0,17.1,0
ETH039,Health Post,Amhara,11,Oxytocin,2024-03,1.0,3,0,10.0,0
ETH039,Health Post,Amhara,11,Oxytocin,2024-04,21.0,2,22,180.0,0
ETH039,Health Post,Amhara,11,Oxytocin,2024-05,18.0,3,0,180.0,0
ETH039,Health Post,Amhara,11,Oxytocin,2024-06,14.0,4,0,105.0,0
ETH039,Health Post,Amhara,11,Oxytocin,2024-07,9.0,5,0,54.0,0
ETH039,Health Post,Amhara,11,Oxytocin,2024-08,16.0,6,13,80.0,0
ETH039,Health Post,Amhara,11,Oxytocin,2024-09,4.0,12,0,10.0,0
ETH039,Health Post,Amhara,11,Oxytocin,2024-10,0.0,4,0,0.0,1
ETH039,Health Post,Amhara,11,Oxytocin,2024-11,9.0,6,15,45.0,0
ETH039,Health Post,Amhara,11,Oxytocin,2024-12,3.0,6,0,15.0,0
ETH039,Health Post,Amhara,11,ORS/Zinc,2024-01,29.0,5,0,174.0,0
ETH039,Health Post,Amhara,11,ORS/Zinc,2024-02,24.0,5,0,144.0,0
ETH039,Health Post,Amhara,11,ORS/Zinc,2024-03,21.0,3,0,180.0,0
ETH039,Health Post,Amhara,11,ORS/Zinc,2024-04,15.0,6,0,75.0,0
ETH039,Health Post,Amhara,11,ORS/Zinc,2024-05,8.0,7,0,34.3,0
ETH039,Health Post,Amhara,11,ORS/Zinc,2024-06,2.0,6,0,10.0,0
ETH039,Health Post,Amhara,11,ORS/Zinc,2024-07,9.0,4,11,67.5,0
ETH039,Health Post,Amhara,11,ORS/Zinc,2024-08,15.0,9,15,50.0,0
ETH039,Health Post,Amhara,11,ORS/Zinc,2024-10,0.0,10,0,0.0,1
ETH039,Health Post,Amhara,11,ORS/Zinc,2024-11,0.0,0,0,0.0,1
ETH039,Health Post,Amhara,11,Artemether-Lumefantrine,2024-02,16.0,3,0,160.0,0
ETH039,Health Post,Amhara,11,Artemether-Lumefantrine,2024-04,3.0,4,0,22.5,0
ETH039,Health Post,Amhara,11,Artemether-Lumefantrine,2024-06,0.0,7,0,0.0,1
ETH039,Health Post,Amhara,11,Artemether-Lumefantrine,2024-07,6.0,6,12,30.0,0
ETH039,Health Post,Amhara,11,Artemether-Lumefantrine,2024-08,13.0,8,15,48.8,0
ETH039,Health Post,Amhara,11,Artemether-Lumefantrine,2024-09,5.0,8,0,18.8,0
ETH039,Health Post,Amhara,11,Artemether-Lumefantrine,2024-11,19.0,8,25,71.2,0
ETH039,Health Post,Amhara,11,Artemether-Lumefantrine,2024-12,12.0,7,0,51.4,0
ETH039,Health Post,Amhara,11,Magnesium Sulphate,2024-01,29.0,5,0,174.0,0
ETH039,Health Post,Amhara,11,Magnesium Sulphate,2024-02,21.0,8,0,78.8,0
ETH039,Health Post,Amhara,11,Magnesium Sulphate,2024-03,11.0,10,0,33.0,0
ETH039,Health Post,Amhara,11,Magnesium Sulphate,2024-04,4.0,7,0,17.1,0
ETH039,Health Post,Amhara,11,Magnesium Sulphate,2024-06,12.0,1,0,180.0,0
ETH039,Health Post,Amhara,11,Magnesium Sulphate,2024-07,7.0,5,0,42.0,0
ETH039,Health Post,Amhara,11,Magnesium Sulphate,2024-08,13.0,8,14,48.8,0
ETH039,Health Post,Amhara,11,Magnesium Sulphate,2024-09,4.0,9,0,13.3,0
ETH039,Health Post,Amhara,11,Magnesium Sulphate,2024-10,16.0,8,20,60.0,0
ETH039,Health Post,Amhara,11,Magnesium Sulphate,2024-11,9.0,7,0,38.6,0
ETH039,Health Post,Amhara,11,Magnesium Sulphate,2024-12,20.0,6,17,100.0,0
ETH040,Health Centre,SNNPR,26,Oxytocin,2024-01,66.0,34,0,58.2,0
ETH040,Health Centre,SNNPR,26,Oxytocin,2024-02,43.0,23,0,56.1,0
ETH040,Health Centre,SNNPR,26,Oxytocin,2024-03,13.0,30,0,13.0,0
ETH040,Health Centre,SNNPR,26,Oxytocin,2024-04,70.0,28,85,75.0,0
ETH040,Health Centre,SNNPR,26,Oxytocin,2024-05,49.0,21,0,70.0,0
ETH040,Health Centre,SNNPR,26,Oxytocin,2024-06,25.0,24,0,31.3,0
ETH040,Health Centre,SNNPR,26,Oxytocin,2024-07,67.0,24,66,83.8,0
ETH040,Health Centre,SNNPR,26,Oxytocin,2024-08,43.0,24,0,53.8,0
ETH040,Health Centre,SNNPR,26,Oxytocin,2024-10,0.0,17,0,0.0,1
ETH040,Health Centre,SNNPR,26,Oxytocin,2024-11,53.0,25,78,63.6,0
ETH040,Health Centre,SNNPR,26,Oxytocin,2024-12,40.0,13,0,92.3,0
ETH040,Health Centre,SNNPR,26,ORS/Zinc,2024-01,65.0,27,0,72.2,0
ETH040,Health Centre,SNNPR,26,ORS/Zinc,2024-02,35.0,30,0,35.0,0
ETH040,Health Centre,SNNPR,26,ORS/Zinc,2024-03,60.0,22,47,81.8,0
ETH040,Health Centre,SNNPR,26,ORS/Zinc,2024-04,39.0,21,0,55.7,0
ETH040,Health Centre,SNNPR,26,ORS/Zinc,2024-05,22.0,17,0,38.8,0
ETH040,Health Centre,SNNPR,26,ORS/Zinc,2024-06,48.0,26,52,55.4,0
ETH040,Health Centre,SNNPR,26,ORS/Zinc,2024-08,78.0,15,67,156.0,0
ETH040,Health Centre,SNNPR,26,ORS/Zinc,2024-09,56.0,22,0,76.4,0
ETH040,Health Centre,SNNPR,26,ORS/Zinc,2024-11,8.0,22,0,10.9,0
ETH040,Health Centre,SNNPR,26,ORS/Zinc,2024-12,39.0,27,58,43.3,0
ETH040,Health Centre,SNNPR,26,Artemether-Lumefantrine,2024-01,96.0,28,0,102.9,0
ETH040,Health Centre,SNNPR,26,Artemether-Lumefantrine,2024-02,70.0,26,0,80.8,0
ETH040,Health Centre,SNNPR,26,Artemether-Lumefantrine,2024-03,44.0,26,0,50.8,0
ETH040,Health Centre,SNNPR,26,Artemether-Lumefantrine,2024-04,22.0,22,0,30.0,0
ETH040,Health Centre,SNNPR,26,Artemether-Lumefantrine,2024-05,80.0,28,86,85.7,0
ETH040,Health Centre,SNNPR,26,Artemether-Lumefantrine,2024-06,42.0,38,0,33.2,0
ETH040,Health Centre,SNNPR,26,Artemether-Lumefantrine,2024-07,7.0,35,0,6.0,0
ETH040,Health Centre,SNNPR,26,Artemether-Lumefantrine,2024-08,59.0,31,83,57.1,0
ETH040,Health Centre,SNNPR,26,Artemether-Lumefantrine,2024-09,18.0,41,0,13.2,0
ETH040,Health Centre,SNNPR,26,Artemether-Lumefantrine,2024-10,79.0,23,84,103.0,0
ETH040,Health Centre,SNNPR,26,Artemether-Lumefantrine,2024-11,63.0,16,0,118.1,0
ETH040,Health Centre,SNNPR,26,Artemether-Lumefantrine,2024-12,38.0,25,0,45.6,0
ETH040,Health Centre,SNNPR,26,Magnesium Sulphate,2024-01,68.0,26,0,78.5,0
ETH040,Health Centre,SNNPR,26,Magnesium Sulphate,2024-02,38.0,30,0,38.0,0
ETH040,Health Centre,SNNPR,26,Magnesium Sulphate,2024-04,56.0,17,0,98.8,0
ETH040,Health Centre,SNNPR,26,Magnesium Sulphate,2024-05,25.0,31,0,24.2,0
ETH040,Health Centre,SNNPR,26,Magnesium Sulphate,2024-06,59.0,24,58,73.8,0
ETH040,Health Centre,SNNPR,26,Magnesium Sulphate,2024-07,37.0,22,0,50.5,0
ETH040,Health Centre,SNNPR,26,Magnesium Sulphate,2024-08,10.0,27,0,11.1,0
ETH040,Health Centre,SNNPR,26,Magnesium Sulphate,2024-10,37.0,25,0,44.4,0
ETH040,Health Centre,SNNPR,26,Magnesium Sulphate,2024-11,75.0,42,80,53.6,0
ETH040,Health Centre,SNNPR,26,Magnesium Sulphate,2024-12,57.0,18,0,95.0,0
ETH041,Health Centre,Amhara,20,Oxytocin,2024-01,140.0,18,0,180.0,0
ETH041,Health Centre,Amhara,20,Oxytocin,2024-02,118.0,22,0,160.9,0
ETH041,Health Centre,Amhara,20,Oxytocin,2024-03,95.0,23,0,123.9,0
ETH041,Health Centre,Amhara,20,Oxytocin,2024-04,74.0,21,0,105.7,0
ETH041,Health Centre,Amhara,20,Oxytocin,2024-05,45.0,29,0,46.6,0
ETH041,Health Centre,Amhara,20,Oxytocin,2024-06,13.0,32,0,12.2,0
ETH041,Health Centre,Amhara,20,Oxytocin,2024-07,82.0,28,97,87.9,0
ETH041,Health Centre,Amhara,20,Oxytocin,2024-08,54.0,28,0,57.9,0
ETH041,Health Centre,Amhara,20,Oxytocin,2024-09,32.0,22,0,43.6,0
ETH041,Health Centre,Amhara,20,Oxytocin,2024-10,94.0,18,80,156.7,0
ETH041,Health Centre,Amhara,20,Oxytocin,2024-11,68.0,26,0,78.5,0
ETH041,Health Centre,Amhara,20,Oxytocin,2024-12,46.0,22,0,62.7,0
ETH041,Health Centre,Amhara,20,ORS/Zinc,2024-01,44.0,23,0,57.4,0
ETH041,Health Centre,Amhara,20,ORS/Zinc,2024-02,25.0,19,0,39.5,0
ETH041,Health Centre,Amhara,20,ORS/Zinc,2024-03,1.0,24,0,1.2,0
ETH041,Health Centre,Amhara,20,ORS/Zinc,2024-04,0.0,1,0,0.0,1
ETH041,Health Centre,Amhara,20,ORS/Zinc,2024-05,66.0,19,85,104.2,0
ETH041,Health Centre,Amhara,20,ORS/Zinc,2024-06,38.0,28,0,40.7,0
ETH041,Health Centre,Amhara,20,ORS/Zinc,2024-07,59.0,24,45,73.8,0
ETH041,Health Centre,Amhara,20,ORS/Zinc,2024-09,15.0,23,0,19.6,0
ETH041,Health Centre,Amhara,20,ORS/Zinc,2024-10,75.0,19,79,118.4,0
ETH041,Health Centre,Amhara,20,ORS/Zinc,2024-11,58.0,17,0,102.4,0
ETH041,Health Centre,Amhara,20,Artemether-Lumefantrine,2024-01,123.0,29,0,127.2,0
ETH041,Health Centre,Amhara,20,Artemether-Lumefantrine,2024-02,101.0,22,0,137.7,0
ETH041,Health Centre,Amhara,20,Artemether-Lumefantrine,2024-03,82.0,19,0,129.5,0
ETH041,Health Centre,Amhara,20,Artemether-Lumefantrine,2024-04,50.0,32,0,46.9,0
ETH041,Health Centre,Amhara,20,Artemether-Lumefantrine,2024-07,57.0,39,63,43.8,0
ETH041,Health Centre,Amhara,20,Artemether-Lumefantrine,2024-08,21.0,36,0,17.5,0
ETH041,Health Centre,Amhara,20,Artemether-Lumefantrine,2024-09,51.0,29,59,52.8,0
ETH041,Health Centre,Amhara,20,Artemether-Lumefantrine,2024-10,27.0,24,0,33.8,0
ETH041,Health Centre,Amhara,20,Artemether-Lumefantrine,2024-11,0.0,27,0,0.0,1
ETH041,Health Centre,Amhara,20,Artemether-Lumefantrine,2024-12,46.0,27,73,51.1,0
ETH041,Health Centre,Amhara,20,Magnesium Sulphate,2024-01,78.0,24,0,97.5,0
ETH041,Health Centre,Amhara,20,Magnesium Sulphate,2024-02,60.0,18,0,100.0,0
ETH041,Health Centre,Amhara,20,Magnesium Sulphate,2024-03,27.0,33,0,24.5,0
ETH041,Health Centre,Amhara,20,Magnesium Sulphate,2024-04,98.0,17,88,172.9,0
ETH041,Health Centre,Amhara,20,Magnesium Sulphate,2024-05,69.0,29,0,71.4,0
ETH041,Health Centre,Amhara,20,Magnesium Sulphate,2024-06,53.0,16,0,99.4,0
ETH041,Health Centre,Amhara,20,Magnesium Sulphate,2024-07,35.0,18,0,58.3,0
ETH041,Health Centre,Amhara,20,Magnesium Sulphate,2024-08,13.0,22,0,17.7,0
ETH041,Health Centre,Amhara,20,Magnesium Sulphate,2024-09,55.0,28,70,58.9,0
ETH041,Health Centre,Amhara,20,Magnesium Sulphate,2024-10,40.0,15,0,80.0,0
ETH041,Health Centre,Amhara,20,Magnesium Sulphate,2024-11,20.0,20,0,30.0,0
ETH041,Health Centre,Amhara,20,Magnesium Sulphate,2024-12,68.0,26,74,78.5,0
ETH042,Health Centre,Amhara,16,Oxytocin,2024-01,124.0,25,0,148.8,0
ETH042,Health Centre,Amhara,16,Oxytocin,2024-02,97.0,27,0,107.8,0
ETH042,Health Centre,Amhara,16,Oxytocin,2024-03,74.0,23,0,96.5,0
ETH042,Health Centre,Amhara,16,Oxytocin,2024-04,48.0,26,0,55.4,0
ETH042,Health Centre,Amhara,16,Oxytocin,2024-05,21.0,27,0,23.3,0
ETH042,Health Centre,Amhara,16,Oxytocin,2024-06,60.0,29,68,62.1,0
ETH042,Health Centre,Amhara,16,Oxytocin,2024-07,44.0,16,0,82.5,0
ETH042,Health Centre,Amhara,16,Oxytocin,2024-08,25.0,19,0,39.5,0
ETH042,Health Centre,Amhara,16,Oxytocin,2024-09,85.0,28,88,91.1,0
ETH042,Health Centre,Amhara,16,Oxytocin,2024-10,55.0,30,0,55.0,0
ETH042,Health Centre,Amhara,16,Oxytocin,2024-11,41.0,14,0,87.9,0
ETH042,Health Centre,Amhara,16,Oxytocin,2024-12,22.0,19,0,34.7,0
ETH042,Health Centre,Amhara,16,ORS/Zinc,2024-01,75.0,29,0,77.6,0
ETH042,Health Centre,Amhara,16,ORS/Zinc,2024-02,58.0,17,0,102.4,0
ETH042,Health Centre,Amhara,16,ORS/Zinc,2024-04,18.0,21,0,25.7,0
ETH042,Health Centre,Amhara,16,ORS/Zinc,2024-05,76.0,35,93,65.1,0
ETH042,Health Centre,Amhara,16,ORS/Zinc,2024-06,45.0,31,0,43.5,0
ETH042,Health Centre,Amhara,16,ORS/Zinc,2024-07,24.0,21,0,34.3,0
ETH042,Health Centre,Amhara,16,ORS/Zinc,2024-08,84.0,18,78,140.0,0
ETH042,Health Centre,Amhara,16,ORS/Zinc,2024-09,66.0,18,0,110.0,0
ETH042,Health Centre,Amhara,16,ORS/Zinc,2024-10,46.0,20,0,69.0,0
ETH042,Health Centre,Amhara,16,ORS/Zinc,2024-11,26.0,20,0,39.0,0
ETH042,Health Centre,Amhara,16,ORS/Zinc,2024-12,81.0,32,87,75.9,0
ETH042,Health Centre,Amhara,16,Artemether-Lumefantrine,2024-01,46.0,21,0,65.7,0
ETH042,Health Centre,Amhara,16,Artemether-Lumefantrine,2024-03,90.0,23,96,117.4,0
ETH042,Health Centre,Amhara,16,Artemether-Lumefantrine,2024-04,63.0,27,0,70.0,0
ETH042,Health Centre,Amhara,16,Artemether-Lumefantrine,2024-05,36.0,27,0,40.0,0
ETH042,Health Centre,Amhara,16,Artemether-Lumefantrine,2024-07,0.0,0,0,0.0,1
ETH042,Health Centre,Amhara,16,Artemether-Lumefantrine,2024-08,74.0,41,115,54.1,0
ETH042,Health Centre,Amhara,16,Artemether-Lumefantrine,2024-09,38.0,36,0,31.7,0
ETH042,Health Centre,Amhara,16,Artemether-Lumefantrine,2024-12,25.0,21,0,35.7,0
ETH042,Health Centre,Amhara,16,Magnesium Sulphate,2024-01,76.0,27,0,84.4,0
ETH042,Health Centre,Amhara,16,Magnesium Sulphate,2024-02,58.0,18,0,96.7,0
ETH042,Health Centre,Amhara,16,Magnesium Sulphate,2024-03,28.0,30,0,28.0,0
ETH042,Health Centre,Amhara,16,Magnesium Sulphate,2024-04,46.0,34,52,40.6,0
ETH042,Health Centre,Amhara,16,Magnesium Sulphate,2024-05,20.0,26,0,23.1,0
ETH042,Health Centre,Amhara,16,Magnesium Sulphate,2024-06,98.0,19,97,154.7,0
ETH042,Health Centre,Amhara,16,Magnesium Sulphate,2024-07,64.0,34,0,56.5,0
ETH042,Health Centre,Amhara,16,Magnesium Sulphate,2024-08,37.0,27,0,41.1,0
ETH042,Health Centre,Amhara,16,Magnesium Sulphate,2024-09,93.0,12,68,180.0,0
ETH042,Health Centre,Amhara,16,Magnesium Sulphate,2024-10,75.0,18,0,125.0,0
ETH042,Health Centre,Amhara,16,Magnesium Sulphate,2024-11,52.0,23,0,67.8,0
ETH042,Health Centre,Amhara,16,Magnesium Sulphate,2024-12,31.0,21,0,44.3,0
ETH043,Health Post,Oromia,7,Oxytocin,2024-01,14.0,9,0,46.7,0
ETH043,Health Post,Oromia,7,Oxytocin,2024-02,10.0,4,0,75.0,0
ETH043,Health Post,Oromia,7,Oxytocin,2024-03,5.0,5,0,30.0,0
ETH043,Health Post,Oromia,7,Oxytocin,2024-04,0.0,5,0,0.0,1
ETH043,Health Post,Oromia,7,Oxytocin,2024-05,0.0,0,0,0.0,1
ETH043,Health Post,Oromia,7,Oxytocin,2024-06,0.0,0,0,0.0,1
ETH043,Health Post,Oromia,7,Oxytocin,2024-07,27.0,2,29,180.0,0
ETH043,Health Post,Oromia,7,Oxytocin,2024-08,22.0,5,0,132.0,0
ETH043,Health Post,Oromia,7,Oxytocin,2024-09,14.0,8,0,52.5,0
ETH043,Health Post,Oromia,7,Oxytocin,2024-10,11.0,3,0,110.0,0
ETH043,Health Post,Oromia,7,Oxytocin,2024-11,3.0,8,0,11.2,0
ETH043,Health Post,Oromia,7,Oxytocin,2024-12,12.0,7,16,51.4,0
ETH043,Health Post,Oromia,7,ORS/Zinc,2024-01,16.0,4,0,120.0,0
ETH043,Health Post,Oromia,7,ORS/Zinc,2024-02,11.0,5,0,66.0,0
ETH043,Health Post,Oromia,7,ORS/Zinc,2024-03,6.0,5,0,36.0,0
ETH043,Health Post,Oromia,7,ORS/Zinc,2024-04,15.0,7,16,64.3,0
ETH043,Health Post,Oromia,7,ORS/Zinc,2024-06,2.0,5,0,12.0,0
ETH043,Health Post,Oromia,7,ORS/Zinc,2024-07,15.0,2,15,180.0,0
ETH043,Health Post,Oromia,7,ORS/Zinc,2024-08,5.0,10,0,15.0,0
ETH043,Health Post,Oromia,7,ORS/Zinc,2024-09,3.0,2,0,45.0,0
ETH043,Health Post,Oromia,7,ORS/Zinc,2024-10,17.0,6,20,85.0,0
ETH043,Health Post,Oromia,7,ORS/Zinc,2024-11,10.0,7,0,42.9,0
ETH043,Health Post,Oromia,7,ORS/Zinc,2024-12,4.0,6,0,20.0,0
ETH043,Health Post,Oromia,7,Artemether-Lumefantrine,2024-01,32.0,5,0,180.0,0
ETH043,Health Post,Oromia,7,Artemether-Lumefantrine,2024-02,27.0,5,0,162.0,0
ETH043,Health Post,Oromia,7,Artemether-Lumefantrine,2024-03,21.0,6,0,105.0,0
ETH043,Health Post,Oromia,7,Artemether-Lumefantrine,2024-04,16.0,5,0,96.0,0
ETH043,Health Post,Oromia,7,Artemether-Lumefantrine,2024-05,10.0,6,0,50.0,0
ETH043,Health Post,Oromia,7,Artemether-Lumefantrine,2024-06,0.0,10,0,0.0,1
ETH043,Health Post,Oromia,7,Artemether-Lumefantrine,2024-07,18.0,10,28,54.0,0
ETH043,Health Post,Oromia,7,Artemether-Lumefantrine,2024-08,5.0,13,0,11.5,0
ETH043,Health Post,Oromia,7,Artemether-Lumefantrine,2024-09,18.0,10,23,54.0,0
ETH043,Health Post,Oromia,7,Artemether-Lumefantrine,2024-10,7.0,11,0,19.1,0
ETH043,Health Post,Oromia,7,Artemether-Lumefantrine,2024-11,22.0,4,19,165.0,0
ETH043,Health Post,Oromia,7,Artemether-Lumefantrine,2024-12,14.0,8,0,52.5,0
ETH043,Health Post,Oromia,7,Magnesium Sulphate,2024-01,25.0,4,0,180.0,0
ETH043,Health Post,Oromia,7,Magnesium Sulphate,2024-02,18.0,7,0,77.1,0
ETH043,Health Post,Oromia,7,Magnesium Sulphate,2024-03,13.0,5,0,78.0,0
ETH043,Health Post,Oromia,7,Magnesium Sulphate,2024-04,8.0,5,0,48.0,0
ETH043,Health Post,Oromia,7,Magnesium Sulphate,2024-05,4.0,4,0,30.0,0
ETH043,Health Post,Oromia,7,Magnesium Sulphate,2024-06,0.0,4,0,0.0,1
ETH043,Health Post,Oromia,7,Magnesium Sulphate,2024-07,8.0,11,19,21.8,0
ETH043,Health Post,Oromia,7,Magnesium Sulphate,2024-08,15.0,6,13,75.0,0
ETH043,Health Post,Oromia,7,Magnesium Sulphate,2024-09,13.0,2,0,180.0,0
ETH043,Health Post,Oromia,7,Magnesium Sulphate,2024-10,8.0,5,0,48.0,0
ETH043,Health Post,Oromia,7,Magnesium Sulphate,2024-11,12.0,8,12,45.0,0
ETH043,Health Post,Oromia,7,Magnesium Sulphate,2024-12,6.0,6,0,30.0,0
ETH044,Health Centre,SNNPR,21,Oxytocin,2024-01,84.0,33,0,76.4,0
ETH044,Health Centre,SNNPR,21,Oxytocin,2024-02,63.0,21,0,90.0,0
ETH044,Health Centre,SNNPR,21,Oxytocin,2024-03,34.0,29,0,35.2,0
ETH044,Health Centre,SNNPR,21,Oxytocin,2024-04,90.0,17,73,158.8,0
ETH044,Health Centre,SNNPR,21,Oxytocin,2024-05,72.0,18,0,120.0,0
ETH044,Health Centre,SNNPR,21,Oxytocin,2024-06,45.0,27,0,50.0,0
ETH044,Health Centre,SNNPR,21,Oxytocin,2024-07,32.0,13,0,73.8,0
ETH044,Health Centre,SNNPR,21,Oxytocin,2024-08,4.0,28,0,4.3,0
ETH044,Health Centre,SNNPR,21,Oxytocin,2024-09,74.0,21,91,105.7,0
ETH044,Health Centre,SNNPR,21,Oxytocin,2024-10,46.0,28,0,49.3,0
ETH044,Health Centre,SNNPR,21,Oxytocin,2024-11,28.0,18,0,46.7,0
ETH044,Health Centre,SNNPR,21,Oxytocin,2024-12,2.0,26,0,2.3,0
ETH044,Health Centre,SNNPR,21,ORS/Zinc,2024-01,52.0,26,0,60.0,0
ETH044,Health Centre,SNNPR,21,ORS/Zinc,2024-02,26.0,26,0,30.0,0
ETH044,Health Centre,SNNPR,21,ORS/Zinc,2024-04,69.0,20,0,103.5,0
ETH044,Health Centre,SNNPR,21,ORS/Zinc,2024-05,48.0,21,0,68.6,0
ETH044,Health Centre,SNNPR,21,ORS/Zinc,2024-06,27.0,21,0,38.6,0
ETH044,Health Centre,SNNPR,21,ORS/Zinc,2024-07,86.0,18,77,143.3,0
ETH044,Health Centre,SNNPR,21,ORS/Zinc,2024-09,46.0,18,0,76.7,0
ETH044,Health Centre,SNNPR,21,ORS/Zinc,2024-10,13.0,33,0,11.8,0
ETH044,Health Centre,SNNPR,21,ORS/Zinc,2024-11,86.0,33,106,78.2,0
ETH044,Health Centre,SNNPR,21,ORS/Zinc,2024-12,62.0,24,0,77.5,0
ETH044,Health Centre,SNNPR,21,Artemether-Lumefantrine,2024-01,86.0,26,0,99.2,0
ETH044,Health Centre,SNNPR,21,Artemether-Lumefantrine,2024-02,68.0,18,0,113.3,0
ETH044,Health Centre,SNNPR,21,Artemether-Lumefantrine,2024-04,14.0,28,0,15.0,0
ETH044,Health Centre,SNNPR,21,Artemether-Lumefantrine,2024-05,93.0,20,99,139.5,0
ETH044,Health Centre,SNNPR,21,Artemether-Lumefantrine,2024-06,65.0,28,0,69.6,0
ETH044,Health Centre,SNNPR,21,Artemether-Lumefantrine,2024-07,32.0,33,0,29.1,0
ETH044,Health Centre,SNNPR,21,Artemether-Lumefantrine,2024-08,56.0,27,51,62.2,0
ETH044,Health Centre,SNNPR,21,Artemether-Lumefantrine,2024-09,13.0,43,0,9.1,0
ETH044,Health Centre,SNNPR,21,Artemether-Lumefantrine,2024-10,0.0,13,0,0.0,1
ETH044,Health Centre,SNNPR,21,Artemether-Lumefantrine,2024-11,0.0,0,0,0.0,1
ETH044,Health Centre,SNNPR,21,Artemether-Lumefantrine,2024-12,47.0,29,76,48.6,0
ETH044,Health Centre,SNNPR,21,Magnesium Sulphate,2024-01,41.0,27,0,45.6,0
ETH044,Health Centre,SNNPR,21,Magnesium Sulphate,2024-02,13.0,28,0,13.9,0
ETH044,Health Centre,SNNPR,21,Magnesium Sulphate,2024-03,46.0,21,54,65.7,0
ETH044,Health Centre,SNNPR,21,Magnesium Sulphate,2024-04,13.0,33,0,11.8,0
ETH044,Health Centre,SNNPR,21,Magnesium Sulphate,2024-05,48.0,33,68,43.6,0
ETH044,Health Centre,SNNPR,21,Magnesium Sulphate,2024-06,13.0,35,0,11.1,0
ETH044,Health Centre,SNNPR,21,Magnesium Sulphate,2024-07,0.0,13,0,0.0,1
ETH044,Health Centre,SNNPR,21,Magnesium Sulphate,2024-08,35.0,21,56,50.0,0
ETH044,Health Centre,SNNPR,21,Magnesium Sulphate,2024-09,86.0,23,74,112.2,0
ETH044,Health Centre,SNNPR,21,Magnesium Sulphate,2024-10,62.0,24,0,77.5,0
ETH044,Health Centre,SNNPR,21,Magnesium Sulphate,2024-11,38.0,24,0,47.5,0
ETH044,Health Centre,SNNPR,21,Magnesium Sulphate,2024-12,14.0,24,0,17.5,0
ETH045,Health Post,Tigray,10,Oxytocin,2024-01,8.0,10,0,24.0,0
ETH045,Health Post,Tigray,10,Oxytocin,2024-02,4.0,4,0,30.0,0
ETH045,Health Post,Tigray,10,Oxytocin,2024-03,0.0,4,0,0.0,1
ETH045,Health Post,Tigray,10,Oxytocin,2024-04,20.0,4,24,150.0,0
ETH045,Health Post,Tigray,10,Oxytocin,2024-05,12.0,8,0,45.0,0
ETH045,Health Post,Tigray,10,Oxytocin,2024-06,3.0,9,0,10.0,0
ETH045,Health Post,Tigray,10,Oxytocin,2024-07,13.0,7,17,55.7,0
ETH045,Health Post,Tigray,10,Oxytocin,2024-08,9.0,4,0,67.5,0
ETH045,Health Post,Tigray,10,Oxytocin,2024-10,19.0,10,22,57.0,0
ETH045,Health Post,Tigray,10,Oxytocin,2024-11,14.0,5,0,84.0,0
ETH045,Health Post,Tigray,10,Oxytocin,2024-12,7.0,7,0,30.0,0
ETH045,Health Post,Tigray,10,ORS/Zinc,2024-01,18.0,4,0,135.0,0
ETH045,Health Post,Tigray,10,ORS/Zinc,2024-02,8.0,10,0,24.0,0
ETH045,Health Post,Tigray,10,ORS/Zinc,2024-03,1.0,7,0,4.3,0
ETH045,Health Post,Tigray,10,ORS/Zinc,2024-04,0.0,1,0,0.0,1
ETH045,Health Post,Tigray,10,ORS/Zinc,2024-06,15.0,5,0,90.0,0
ETH045,Health Post,Tigray,10,ORS/Zinc,2024-07,7.0,8,0,26.2,0
ETH045,Health Post,Tigray,10,ORS/Zinc,2024-08,2.0,5,0,12.0,0
ETH045,Health Post,Tigray,10,ORS/Zinc,2024-09,0.0,2,0,0.0,1
ETH045,Health Post,Tigray,10,ORS/Zinc,2024-10,0.0,0,0,0.0,1
ETH045,Health Post,Tigray,10,ORS/Zinc,2024-11,18.0,3,21,180.0,0
ETH045,Health Post,Tigray,10,ORS/Zinc,2024-12,13.0,5,0,78.0,0
ETH045,Health Post,Tigray,10,Artemether-Lumefantrine,2024-01,27.0,5,0,162.0,0
ETH045,Health Post,Tigray,10,Artemether-Lumefantrine,2024-02,21.0,6,0,105.0,0
ETH045,Health Post,Tigray,10,Artemether-Lumefantrine,2024-03,18.0,3,0,180.0,0
ETH045,Health Post,Tigray,10,Artemether-Lumefantrine,2024-05,9.0,2,0,135.0,0
ETH045,Health Post,Tigray,10,Artemether-Lumefantrine,2024-06,8.0,14,13,17.1,0
ETH045,Health Post,Tigray,10,Artemether-Lumefantrine,2024-07,15.0,11,18,40.9,0
ETH045,Health Post,Tigray,10,Artemether-Lumefantrine,2024-08,9.0,6,0,45.0,0
ETH045,Health Post,Tigray,10,Artemether-Lumefantrine,2024-10,19.0,5,0,114.0,0
ETH045,Health Post,Tigray,10,Artemether-Lumefantrine,2024-11,12.0,7,0,51.4,0
ETH045,Health Post,Tigray,10,Artemether-Lumefantrine,2024-12,3.0,9,0,10.0,0
ETH045,Health Post,Tigray,10,Magnesium Sulphate,2024-01,13.0,8,0,48.8,0
ETH045,Health Post,Tigray,10,Magnesium Sulphate,2024-02,4.0,9,0,13.3,0
ETH045,Health Post,Tigray,10,Magnesium Sulphate,2024-03,0.0,4,0,0.0,1
ETH045,Health Post,Tigray,10,Magnesium Sulphate,2024-05,4.0,7,0,17.1,0
ETH045,Health Post,Tigray,10,Magnesium Sulphate,2024-06,17.0,5,18,102.0,0
ETH045,Health Post,Tigray,10,Magnesium Sulphate,2024-07,15.0,2,0,180.0,0
ETH045,Health Post,Tigray,10,Magnesium Sulphate,2024-09,0.0,3,0,0.0,1
ETH045,Health Post,Tigray,10,Magnesium Sulphate,2024-10,12.0,2,14,180.0,0
ETH045,Health Post,Tigray,10,Magnesium Sulphate,2024-11,4.0,8,0,15.0,0
ETH045,Health Post,Tigray,10,Magnesium Sulphate,2024-12,0.0,4,0,0.0,1
ETH046,Health Post,Amhara,11,Oxytocin,2024-01,33.0,4,0,180.0,0
ETH046,Health Post,Amhara,11,Oxytocin,2024-02,30.0,3,0,180.0,0
ETH046,Health Post,Amhara,11,Oxytocin,2024-03,24.0,6,0,120.0,0
ETH046,Health Post,Amhara,11,Oxytocin,2024-04,15.0,9,0,50.0,0
ETH046,Health Post,Amhara,11,Oxytocin,2024-05,7.0,8,0,26.2,0
ETH046,Health Post,Amhara,11,Oxytocin,2024-06,1.0,6,0,5.0,0
ETH046,Health Post,Amhara,11,Oxytocin,2024-07,11.0,5,15,66.0,0
ETH046,Health Post,Amhara,11,Oxytocin,2024-08,7.0,4,0,52.5,0
ETH046,Health Post,Amhara,11,Oxytocin,2024-09,15.0,4,12,112.5,0
ETH046,Health Post,Amhara,11,Oxytocin,2024-10,7.0,8,0,26.2,0
ETH046,Health Post,Amhara,11,Oxytocin,2024-11,0.0,7,0,0.0,1
ETH046,Health Post,Amhara,11,Oxytocin,2024-12,16.0,5,21,96.0,0
ETH046,Health Post,Amhara,11,ORS/Zinc,2024-01,15.0,6,0,75.0,0
ETH046,Health Post,Amhara,11,ORS/Zinc,2024-02,10.0,5,0,60.0,0
ETH046,Health Post,Amhara,11,ORS/Zinc,2024-03,5.0,5,0,30.0,0
ETH046,Health Post,Amhara,11,ORS/Zinc,2024-04,12.0,6,13,60.0,0
ETH046,Health Post,Amhara,11,ORS/Zinc,2024-05,7.0,5,0,42.0,0
ETH046,Health Post,Amhara,11,ORS/Zinc,2024-06,1.0,6,0,5.0,0
ETH046,Health Post,Amhara,11,ORS/Zinc,2024-07,0.0,1,0,0.0,1
ETH046,Health Post,Amhara,11,ORS/Zinc,2024-09,10.0,10,0,30.0,0
ETH046,Health Post,Amhara,11,ORS/Zinc,2024-10,3.0,7,0,12.9,0
ETH046,Health Post,Amhara,11,ORS/Zinc,2024-11,13.0,5,15,78.0,0
ETH046,Health Post,Amhara,11,ORS/Zinc,2024-12,10.0,3,0,100.0,0
ETH046,Health Post,Amhara,11,Artemether-Lumefantrine,2024-01,31.0,7,0,132.9,0
ETH046,Health Post,Amhara,11,Artemether-Lumefantrine,2024-02,28.0,3,0,180.0,0
ETH046,Health Post,Amhara,11,Artemether-Lumefantrine,2024-03,21.0,7,0,90.0,0
ETH046,Health Post,Amhara,11,Artemether-Lumefantrine,2024-04,17.0,4,0,127.5,0
ETH046,Health Post,Amhara,11,Artemether-Lumefantrine,2024-05,12.0,5,0,72.0,0
ETH046,Health Post,Amhara,11,Artemether-Lumefantrine,2024-06,3.0,9,0,10.0,0
ETH046,Health Post,Amhara,11,Artemether-Lumefantrine,2024-07,0.0,3,0,0.0,1
ETH046,Health Post,Amhara,11,Artemether-Lumefantrine,2024-08,0.0,0,0,0.0,1
ETH046,Health Post,Amhara,11,Artemether-Lumefantrine,2024-09,0.0,0,0,0.0,1
ETH046,Health Post,Amhara,11,Artemether-Lumefantrine,2024-10,16.0,3,19,160.0,0
ETH046,Health Post,Amhara,11,Artemether-Lumefantrine,2024-11,12.0,4,0,90.0,0
ETH046,Health Post,Amhara,11,Artemether-Lumefantrine,2024-12,7.0,5,0,42.0,0
ETH046,Health Post,Amhara,11,Magnesium Sulphate,2024-01,18.0,7,0,77.1,0
ETH046,Health Post,Amhara,11,Magnesium Sulphate,2024-02,11.0,7,0,47.1,0
ETH046,Health Post,Amhara,11,Magnesium Sulphate,2024-03,0.0,11,0,0.0,1
ETH046,Health Post,Amhara,11,Magnesium Sulphate,2024-04,18.0,7,25,77.1,0
ETH046,Health Post,Amhara,11,Magnesium Sulphate,2024-05,11.0,7,0,47.1,0
ETH046,Health Post,Amhara,11,Magnesium Sulphate,2024-06,2.0,9,0,6.7,0
ETH046,Health Post,Amhara,11,Magnesium Sulphate,2024-07,16.0,5,19,96.0,0
ETH046,Health Post,Amhara,11,Magnesium Sulphate,2024-09,17.0,5,13,102.0,0
ETH046,Health Post,Amhara,11,Magnesium Sulphate,2024-10,15.0,2,0,180.0,0
ETH046,Health Post,Amhara,11,Magnesium Sulphate,2024-11,5.0,10,0,15.0,0
ETH046,Health Post,Amhara,11,Magnesium Sulphate,2024-12,23.0,6,24,115.0,0
ETH047,Health Centre,Oromia,20,Oxytocin,2024-01,130.0,23,0,169.6,0
ETH047,Health Centre,Oromia,20,Oxytocin,2024-02,108.0,22,0,147.3,0
ETH047,Health Centre,Oromia,20,Oxytocin,2024-03,91.0,17,0,160.6,0
ETH047,Health Centre,Oromia,20,Oxytocin,2024-04,65.0,26,0,75.0,0
ETH047,Health Centre,Oromia,20,Oxytocin,2024-05,37.0,28,0,39.6,0
ETH047,Health Centre,Oromia,20,Oxytocin,2024-06,68.0,20,51,102.0,0
ETH047,Health Centre,Oromia,20,Oxytocin,2024-07,43.0,25,0,51.6,0
ETH047,Health Centre,Oromia,20,Oxytocin,2024-08,19.0,24,0,23.8,0
ETH047,Health Centre,Oromia,20,Oxytocin,2024-09,93.0,18,92,155.0,0
ETH047,Health Centre,Oromia,20,Oxytocin,2024-10,64.0,29,0,66.2,0
ETH047,Health Centre,Oromia,20,Oxytocin,2024-11,42.0,22,0,57.3,0
ETH047,Health Centre,Oromia,20,Oxytocin,2024-12,11.0,31,0,10.6,0
ETH047,Health Centre,Oromia,20,ORS/Zinc,2024-01,47.0,21,0,67.1,0
ETH047,Health Centre,Oromia,20,ORS/Zinc,2024-02,23.0,24,0,28.8,0
ETH047,Health Centre,Oromia,20,ORS/Zinc,2024-03,72.0,27,76,80.0,0
ETH047,Health Centre,Oromia,20,ORS/Zinc,2024-04,48.0,24,0,60.0,0
ETH047,Health Centre,Oromia,20,ORS/Zinc,2024-05,26.0,22,0,35.5,0
ETH047,Health Centre,Oromia,20,ORS/Zinc,2024-07,40.0,33,0,36.4,0
ETH047,Health Centre,Oromia,20,ORS/Zinc,2024-08,17.0,23,0,22.2,0
ETH047,Health Centre,Oromia,20,ORS/Zinc,2024-09,54.0,15,52,108.0,0
ETH047,Health Centre,Oromia,20,ORS/Zinc,2024-10,19.0,35,0,16.3,0
ETH047,Health Centre,Oromia,20,ORS/Zinc,2024-11,67.0,24,72,83.8,0
ETH047,Health Centre,Oromia,20,ORS/Zinc,2024-12,40.0,27,0,44.4,0
ETH047,Health Centre,Oromia,20,Artemether-Lumefantrine,2024-01,129.0,25,0,154.8,0
ETH047,Health Centre,Oromia,20,Artemether-Lumefantrine,2024-02,106.0,23,0,138.3,0
ETH047,Health Centre,Oromia,20,Artemether-Lumefantrine,2024-03,78.0,28,0,83.6,0
ETH047,Health Centre,Oromia,20,Artemether-Lumefantrine,2024-04,59.0,19,0,93.2,0
ETH047,Health Centre,Oromia,20,Artemether-Lumefantrine,2024-05,30.0,29,0,31.0,0
ETH047,Health Centre,Oromia,20,Artemether-Lumefantrine,2024-06,50.0,45,65,33.3,0
ETH047,Health Centre,Oromia,20,Artemether-Lumefantrine,2024-07,12.0,38,0,9.5,0
ETH047,Health Centre,Oromia,20,Artemether-Lumefantrine,2024-08,0.0,12,0,0.0,1
ETH047,Health Centre,Oromia,20,Artemether-Lumefantrine,2024-09,59.0,35,94,50.6,0
ETH047,Health Centre,Oromia,20,Artemether-Lumefantrine,2024-10,38.0,21,0,54.3,0
ETH047,Health Centre,Oromia,20,Artemether-Lumefantrine,2024-11,53.0,32,47,49.7,0
ETH047,Health Centre,Oromia,20,Artemether-Lumefantrine,2024-12,24.0,29,0,24.8,0
ETH047,Health Centre,Oromia,20,Magnesium Sulphate,2024-01,87.0,30,0,87.0,0
ETH047,Health Centre,Oromia,20,Magnesium Sulphate,2024-02,65.0,22,0,88.6,0
ETH047,Health Centre,Oromia,20,Magnesium Sulphate,2024-03,45.0,20,0,67.5,0
ETH047,Health Centre,Oromia,20,Magnesium Sulphate,2024-05,81.0,23,82,105.7,0
ETH047,Health Centre,Oromia,20,Magnesium Sulphate,2024-06,52.0,29,0,53.8,0
ETH047,Health Centre,Oromia,20,Magnesium Sulphate,2024-07,31.0,21,0,44.3,0
ETH047,Health Centre,Oromia,20,Magnesium Sulphate,2024-08,84.0,22,75,114.5,0
ETH047,Health Centre,Oromia,20,Magnesium Sulphate,2024-09,60.0,24,0,75.0,0
ETH047,Health Centre,Oromia,20,Magnesium Sulphate,2024-10,32.0,28,0,34.3,0
ETH047,Health Centre,Oromia,20,Magnesium Sulphate,2024-11,65.0,21,54,92.9,0
ETH047,Health Centre,Oromia,20,Magnesium Sulphate,2024-12,40.0,25,0,48.0,0
ETH048,Health Post,SNNPR,11,Oxytocin,2024-01,22.0,6,0,110.0,0
ETH048,Health Post,SNNPR,11,Oxytocin,2024-02,16.0,6,0,80.0,0
ETH048,Health Post,SNNPR,11,Oxytocin,2024-03,11.0,5,0,66.0,0
ETH048,Health Post,SNNPR,11,Oxytocin,2024-04,1.0,10,0,3.0,0
ETH048,Health Post,SNNPR,11,Oxytocin,2024-06,13.0,6,0,65.0,0
ETH048,Health Post,SNNPR,11,Oxytocin,2024-07,8.0,5,0,48.0,0
ETH048,Health Post,SNNPR,11,Oxytocin,2024-08,22.0,7,21,94.3,0
ETH048,Health Post,SNNPR,11,Oxytocin,2024-09,20.0,2,0,180.0,0
ETH048,Health Post,SNNPR,11,Oxytocin,2024-10,13.0,7,0,55.7,0
ETH048,Health Post,SNNPR,11,Oxytocin,2024-11,1.0,12,0,2.5,0
ETH048,Health Post,SNNPR,11,Oxytocin,2024-12,0.0,1,0,0.0,1
ETH048,Health Post,SNNPR,11,ORS/Zinc,2024-01,27.0,9,0,90.0,0
ETH048,Health Post,SNNPR,11,ORS/Zinc,2024-03,11.0,7,0,47.1,0
ETH048,Health Post,SNNPR,11,ORS/Zinc,2024-04,3.0,8,0,11.2,0
ETH048,Health Post,SNNPR,11,ORS/Zinc,2024-05,18.0,6,21,90.0,0
ETH048,Health Post,SNNPR,11,ORS/Zinc,2024-06,13.0,5,0,78.0,0
ETH048,Health Post,SNNPR,11,ORS/Zinc,2024-07,9.0,4,0,67.5,0
ETH048,Health Post,SNNPR,11,ORS/Zinc,2024-08,26.0,3,20,180.0,0
ETH048,Health Post,SNNPR,11,ORS/Zinc,2024-09,20.0,6,0,100.0,0
ETH048,Health Post,SNNPR,11,ORS/Zinc,2024-11,13.0,6,0,65.0,0
ETH048,Health Post,SNNPR,11,ORS/Zinc,2024-12,10.0,3,0,100.0,0
ETH048,Health Post,SNNPR,11,Artemether-Lumefantrine,2024-01,34.0,1,0,180.0,0
ETH048,Health Post,SNNPR,11,Artemether-Lumefantrine,2024-02,29.0,5,0,174.0,0
ETH048,Health Post,SNNPR,11,Artemether-Lumefantrine,2024-03,16.0,13,0,36.9,0
ETH048,Health Post,SNNPR,11,Artemether-Lumefantrine,2024-04,10.0,6,0,50.0,0
ETH048,Health Post,SNNPR,11,Artemether-Lumefantrine,2024-05,2.0,8,0,7.5,0
ETH048,Health Post,SNNPR,11,Artemether-Lumefantrine,2024-06,8.0,9,15,26.7,0
ETH048,Health Post,SNNPR,11,Artemether-Lumefantrine,2024-07,0.0,8,0,0.0,1
ETH048,Health Post,SNNPR,11,Artemether-Lumefantrine,2024-08,0.0,0,0,0.0,1
ETH048,Health Post,SNNPR,11,Artemether-Lumefantrine,2024-10,22.0,7,29,94.3,0
ETH048,Health Post,SNNPR,11,Artemether-Lumefantrine,2024-11,16.0,6,0,80.0,0
ETH048,Health Post,SNNPR,11,Artemether-Lumefantrine,2024-12,9.0,7,0,38.6,0
ETH048,Health Post,SNNPR,11,Magnesium Sulphate,2024-01,34.0,4,0,180.0,0
ETH048,Health Post,SNNPR,11,Magnesium Sulphate,2024-02,29.0,5,0,174.0,0
ETH048,Health Post,SNNPR,11,Magnesium Sulphate,2024-03,24.0,5,0,144.0,0
ETH048,Health Post,SNNPR,11,Magnesium Sulphate,2024-04,16.0,8,0,60.0,0
ETH048,Health Post,SNNPR,11,Magnesium Sulphate,2024-06,9.0,6,0,45.0,0
ETH048,Health Post,SNNPR,11,Magnesium Sulphate,2024-07,22.0,3,16,180.0,0
ETH048,Health Post,SNNPR,11,Magnesium Sulphate,2024-08,15.0,7,0,64.3,0
ETH048,Health Post,SNNPR,11,Magnesium Sulphate,2024-09,10.0,5,0,60.0,0
ETH048,Health Post,SNNPR,11,Magnesium Sulphate,2024-10,2.0,8,0,7.5,0
ETH048,Health Post,SNNPR,11,Magnesium Sulphate,2024-11,11.0,8,17,41.2,0
ETH049,Health Post,Tigray,7,Oxytocin,2024-01,11.0,8,0,41.2,0
ETH049,Health Post,Tigray,7,Oxytocin,2024-02,6.0,5,0,36.0,0
ETH049,Health Post,Tigray,7,Oxytocin,2024-03,19.0,9,22,63.3,0
ETH049,Health Post,Tigray,7,Oxytocin,2024-05,0.0,9,0,0.0,1
ETH049,Health Post,Tigray,7,Oxytocin,2024-06,0.0,0,0,0.0,1
ETH049,Health Post,Tigray,7,Oxytocin,2024-08,24.0,2,0,180.0,0
ETH049,Health Post,Tigray,7,Oxytocin,2024-09,19.0,5,0,114.0,0
ETH049,Health Post,Tigray,7,Oxytocin,2024-10,8.0,11,0,21.8,0
ETH049,Health Post,Tigray,7,Oxytocin,2024-11,4.0,4,0,30.0,0
ETH049,Health Post,Tigray,7,Oxytocin,2024-12,16.0,11,23,43.6,0
ETH049,Health Post,Tigray,7,ORS/Zinc,2024-01,15.0,10,0,45.0,0
ETH049,Health Post,Tigray,7,ORS/Zinc,2024-02,11.0,4,0,82.5,0
ETH049,Health Post,Tigray,7,ORS/Zinc,2024-03,6.0,5,0,36.0,0
ETH049,Health Post,Tigray,7,ORS/Zinc,2024-04,17.0,7,18,72.9,0
ETH049,Health Post,Tigray,7,ORS/Zinc,2024-05,7.0,10,0,21.0,0
ETH049,Health Post,Tigray,7,ORS/Zinc,2024-06,0.0,7,0,0.0,1
ETH049,Health Post,Tigray,7,ORS/Zinc,2024-07,0.0,0,0,0.0,1
ETH049,Health Post,Tigray,7,ORS/Zinc,2024-08,9.0,6,15,45.0,0
ETH049,Health Post,Tigray,7,ORS/Zinc,2024-09,0.0,9,0,0.0,1
ETH049,Health Post,Tigray,7,ORS/Zinc,2024-10,9.0,9,18,30.0,0
ETH049,Health Post,Tigray,7,ORS/Zinc,2024-11,6.0,3,0,60.0,0
ETH049,Health Post,Tigray,7,Artemether-Lumefantrine,2024-01,27.0,7,0,115.7,0
ETH049,Health Post,Tigray,7,Artemether-Lumefantrine,2024-02,21.0,6,0,105.0,0
ETH049,Health Post,Tigray,7,Artemether-Lumefantrine,2024-03,11.0,10,0,33.0,0
ETH049,Health Post,Tigray,7,Artemether-Lumefantrine,2024-04,2.0,9,0,6.7,0
ETH049,Health Post,Tigray,7,Artemether-Lumefantrine,2024-05,17.0,4,19,127.5,0
ETH049,Health Post,Tigray,7,Artemether-Lumefantrine,2024-06,9.0,8,0,33.8,0
ETH049,Health Post,Tigray,7,Artemether-Lumefantrine,2024-07,4.0,15,10,8.0,0
ETH049,Health Post,Tigray,7,Artemether-Lumefantrine,2024-08,0.0,4,0,0.0,1
ETH049,Health Post,Tigray,7,Artemether-Lumefantrine,2024-10,10.0,6,0,50.0,0
ETH049,Health Post,Tigray,7,Artemether-Lumefantrine,2024-11,1.0,9,0,3.3,0
ETH049,Health Post,Tigray,7,Artemether-Lumefantrine,2024-12,0.0,1,0,0.0,1
ETH049,Health Post,Tigray,7,Magnesium Sulphate,2024-01,21.0,3,0,180.0,0
ETH049,Health Post,Tigray,7,Magnesium Sulphate,2024-02,15.0,6,0,75.0,0
ETH049,Health Post,Tigray,7,Magnesium Sulphate,2024-03,10.0,5,0,60.0,0
ETH049,Health Post,Tigray,7,Magnesium Sulphate,2024-04,7.0,3,0,70.0,0
ETH049,Health Post,Tigray,7,Magnesium Sulphate,2024-05,8.0,10,11,24.0,0
ETH049,Health Post,Tigray,7,Magnesium Sulphate,2024-07,8.0,3,11,80.0,0
ETH049,Health Post,Tigray,7,Magnesium Sulphate,2024-08,13.0,6,11,65.0,0
ETH049,Health Post,Tigray,7,Magnesium Sulphate,2024-09,10.0,3,0,100.0,0
ETH049,Health Post,Tigray,7,Magnesium Sulphate,2024-10,4.0,6,0,20.0,0
ETH049,Health Post,Tigray,7,Magnesium Sulphate,2024-11,19.0,4,19,142.5,0
ETH049,Health Post,Tigray,7,Magnesium Sulphate,2024-12,17.0,2,0,180.0,0
ETH050,Health Post,Amhara,13,Oxytocin,2024-01,11.0,6,0,55.0,0
ETH050,Health Post,Amhara,13,Oxytocin,2024-02,3.0,8,0,11.2,0
ETH050,Health Post,Amhara,13,Oxytocin,2024-03,23.0,5,25,138.0,0
ETH050,Health Post,Amhara,13,Oxytocin,2024-04,14.0,9,0,46.7,0
ETH050,Health Post,Amhara,13,Oxytocin,2024-05,6.0,8,0,22.5,0
ETH050,Health Post,Amhara,13,Oxytocin,2024-06,22.0,6,22,110.0,0
ETH050,Health Post,Amhara,13,Oxytocin,2024-07,17.0,5,0,102.0,0
ETH050,Health Post,Amhara,13,Oxytocin,2024-08,10.0,7,0,42.9,0
ETH050,Health Post,Amhara,13,Oxytocin,2024-09,4.0,6,0,20.0,0
ETH050,Health Post,Amhara,13,Oxytocin,2024-11,14.0,6,0,70.0,0
ETH050,Health Post,Amhara,13,Oxytocin,2024-12,5.0,9,0,16.7,0
ETH050,Health Post,Amhara,13,ORS/Zinc,2024-01,15.0,6,0,75.0,0
ETH050,Health Post,Amhara,13,ORS/Zinc,2024-02,11.0,4,0,82.5,0
ETH050,Health Post,Amhara,13,ORS/Zinc,2024-03,4.0,7,0,17.1,0
ETH050,Health Post,Amhara,13,ORS/Zinc,2024-04,18.0,6,20,90.0,0
ETH050,Health Post,Amhara,13,ORS/Zinc,2024-05,9.0,9,0,30.0,0
ETH050,Health Post,Amhara,13,ORS/Zinc,2024-06,11.0,8,10,41.2,0
ETH050,Health Post,Amhara,13,ORS/Zinc,2024-07,6.0,5,0,36.0,0
ETH050,Health Post,Amhara,13,ORS/Zinc,2024-08,0.0,6,0,0.0,1
ETH050,Health Post,Amhara,13,ORS/Zinc,2024-09,18.0,4,22,135.0,0
ETH050,Health Post,Amhara,13,ORS/Zinc,2024-10,15.0,3,0,150.0,0
ETH050,Health Post,Amhara,13,ORS/Zinc,2024-11,9.0,6,0,45.0,0
ETH050,Health Post,Amhara,13,ORS/Zinc,2024-12,23.0,4,18,172.5,0
ETH050,Health Post,Amhara,13,Artemether-Lumefantrine,2024-01,20.0,4,0,150.0,0
ETH050,Health Post,Amhara,13,Artemether-Lumefantrine,2024-02,14.0,6,0,70.0,0
ETH050,Health Post,Amhara,13,Artemether-Lumefantrine,2024-04,1.0,6,0,5.0,0
ETH050,Health Post,Amhara,13,Artemether-Lumefantrine,2024-05,10.0,5,14,60.0,0
ETH050,Health Post,Amhara,13,Artemether-Lumefantrine,2024-06,0.0,10,0,0.0,1
ETH050,Health Post,Amhara,13,Artemether-Lumefantrine,2024-07,6.0,11,17,16.4,0
ETH050,Health Post,Amhara,13,Artemether-Lumefantrine,2024-08,14.0,12,20,35.0,0
ETH050,Health Post,Amhara,13,Artemether-Lumefantrine,2024-09,9.0,5,0,54.0,0
ETH050,Health Post,Amhara,13,Artemether-Lumefantrine,2024-10,5.0,4,0,37.5,0
ETH050,Health Post,Amhara,13,Artemether-Lumefantrine,2024-11,0.0,5,0,0.0,1
ETH050,Health Post,Amhara,13,Artemether-Lumefantrine,2024-12,6.0,7,13,25.7,0
ETH050,Health Post,Amhara,13,Magnesium Sulphate,2024-01,22.0,6,0,110.0,0
ETH050,Health Post,Amhara,13,Magnesium Sulphate,2024-02,19.0,3,0,180.0,0
ETH050,Health Post,Amhara,13,Magnesium Sulphate,2024-03,13.0,6,0,65.0,0
ETH050,Health Post,Amhara,13,Magnesium Sulphate,2024-04,7.0,6,0,35.0,0
ETH050,Health Post,Amhara,13,Magnesium Sulphate,2024-05,15.0,4,12,112.5,0
ETH050,Health Post,Amhara,13,Magnesium Sulphate,2024-06,11.0,4,0,82.5,0
ETH050,Health Post,Amhara,13,Magnesium Sulphate,2024-07,9.0,2,0,135.0,0
ETH050,Health Post,Amhara,13,Magnesium Sulphate,2024-08,2.0,7,0,8.6,0
ETH050,Health Post,Amhara,13,Magnesium Sulphate,2024-09,17.0,5,20,102.0,0
ETH050,Health Post,Amhara,13,Magnesium Sulphate,2024-10,6.0,11,0,16.4,0
ETH050,Health Post,Amhara,13,Magnesium Sulphate,2024-11,12.0,6,12,60.0,0
ETH050,Health Post,Amhara,13,Magnesium Sulphate,2024-12,7.0,5,0,42.0,0
