facility_id,facility_type,zone,medicine,month,avg_days_of_stock,stockout_rate_pct,total_consumption,total_stockouts,stock_on_hand,at_risk
ETH001,Health Centre,SNNPR,Artemether-Lumefantrine,2024-01,180.0,0.0,18,0,141.0,False
ETH001,Health Centre,SNNPR,Artemether-Lumefantrine,2024-02,180.0,0.0,18,0,123.0,False
ETH001,Health Centre,SNNPR,Artemether-Lumefantrine,2024-03,123.8,0.0,24,0,99.0,False
ETH001,Health Centre,SNNPR,Artemether-Lumefantrine,2024-04,126.3,0.0,19,0,80.0,False
ETH001,Health Centre,SNNPR,Artemether-Lumefantrine,2024-05,55.7,0.0,28,0,52.0,False
ETH001,Health Centre,SNNPR,Artemether-Lumefantrine,2024-06,3.2,0.0,47,0,5.0,True
ETH001,Health Centre,SNNPR,Artemether-Lumefantrine,2024-08,17.0,0.0,37,0,21.0,True
ETH001,Health Centre,SNNPR,Artemether-Lumefantrine,2024-09,0.0,100.0,21,1,0.0,True
ETH001,Health Centre,SNNPR,Artemether-Lumefantrine,2024-10,0.0,100.0,0,1,0.0,True
ETH001,Health Centre,SNNPR,Artemether-Lumefantrine,2024-11,43.2,0.0,25,0,36.0,False
ETH001,Health Centre,SNNPR,Artemether-Lumefantrine,2024-12,79.6,0.0,26,0,69.0,False
ETH001,Health Centre,SNNPR,Magnesium Sulphate,2024-01,177.0,0.0,20,0,118.0,False
ETH001,Health Centre,SNNPR,Magnesium Sulphate,2024-03,76.8,0.0,25,0,64.0,False
ETH001,Health Centre,SNNPR,Magnesium Sulphate,2024-04,61.4,0.0,21,0,43.0,False
ETH001,Health Centre,SNNPR,Magnesium Sulphate,2024-05,41.7,0.0,18,0,25.0,False
ETH001,Health Centre,SNNPR,Magnesium Sulphate,2024-06,9.5,0.0,19,0,6.0,True
ETH001,Health Centre,SNNPR,Magnesium Sulphate,2024-07,96.2,0.0,24,0,77.0,False
ETH001,Health Centre,SNNPR,Magnesium Sulphate,2024-08,162.5,0.0,12,0,65.0,False
ETH001,Health Centre,SNNPR,Magnesium Sulphate,2024-09,67.5,0.0,20,0,45.0,False
ETH001,Health Centre,SNNPR,Magnesium Sulphate,2024-11,42.7,0.0,33,0,47.0,False
ETH001,Health Centre,SNNPR,Magnesium Sulphate,2024-12,24.2,0.0,26,0,21.0,True
ETH001,Health Centre,SNNPR,ORS/Zinc,2024-01,180.0,0.0,18,0,133.0,False
ETH001,Health Centre,SNNPR,ORS/Zinc,2024-02,117.8,0.0,27,0,106.0,False
ETH001,Health Centre,SNNPR,ORS/Zinc,2024-03,87.8,0.0,27,0,79.0,False
ETH001,Health Centre,SNNPR,ORS/Zinc,2024-05,26.4,0.0,25,0,22.0,True
ETH001,Health Centre,SNNPR,ORS/Zinc,2024-06,127.1,0.0,21,0,89.0,False
ETH001,Health Centre,SNNPR,ORS/Zinc,2024-08,24.2,0.0,31,0,25.0,True
ETH001,Health Centre,SNNPR,ORS/Zinc,2024-09,92.1,0.0,28,0,86.0,False
ETH001,Health Centre,SNNPR,ORS/Zinc,2024-10,131.2,0.0,16,0,70.0,False
ETH001,Health Centre,SNNPR,ORS/Zinc,2024-11,31.8,0.0,34,0,36.0,False
ETH001,Health Centre,SNNPR,ORS/Zinc,2024-12,30.0,0.0,18,0,18.0,False
ETH001,Health Centre,SNNPR,Oxytocin,2024-01,80.0,0.0,27,0,72.0,False
ETH001,Health Centre,SNNPR,Oxytocin,2024-02,47.1,0.0,28,0,44.0,False
ETH001,Health Centre,SNNPR,Oxytocin,2024-03,36.0,0.0,20,0,24.0,False
ETH001,Health Centre,SNNPR,Oxytocin,2024-04,81.6,0.0,25,0,68.0,False
ETH001,Health Centre,SNNPR,Oxytocin,2024-05,42.9,0.0,28,0,40.0,False
ETH001,Health Centre,SNNPR,Oxytocin,2024-07,58.8,0.0,24,0,47.0,False
ETH001,Health Centre,SNNPR,Oxytocin,2024-08,52.9,0.0,17,0,30.0,False
ETH001,Health Centre,SNNPR,Oxytocin,2024-09,6.0,0.0,25,0,5.0,True
ETH001,Health Centre,SNNPR,Oxytocin,2024-10,37.5,0.0,28,0,35.0,False
ETH001,Health Centre,SNNPR,Oxytocin,2024-11,92.5,0.0,24,0,74.0,False
ETH002,Hospital,Oromia,Artemether-Lumefantrine,2024-01,96.1,0.0,84,0,269.0,False
ETH002,Hospital,Oromia,Artemether-Lumefantrine,2024-02,48.3,0.0,103,0,166.0,False
ETH002,Hospital,Oromia,Artemether-Lumefantrine,2024-03,22.4,0.0,95,0,71.0,True
ETH002,Hospital,Oromia,Artemether-Lumefantrine,2024-04,0.0,100.0,71,1,0.0,True
ETH002,Hospital,Oromia,Artemether-Lumefantrine,2024-06,0.0,100.0,0,1,0.0,True
ETH002,Hospital,Oromia,Artemether-Lumefantrine,2024-07,0.0,100.0,0,1,0.0,True
ETH002,Hospital,Oromia,Artemether-Lumefantrine,2024-08,0.0,100.0,0,1,0.0,True
ETH002,Hospital,Oromia,Artemether-Lumefantrine,2024-09,58.4,0.0,135,0,263.0,False
ETH002,Hospital,Oromia,Artemether-Lumefantrine,2024-10,48.1,0.0,101,0,162.0,False
ETH002,Hospital,Oromia,Artemether-Lumefantrine,2024-12,0.0,100.0,82,1,0.0,True
ETH002,Hospital,Oromia,Magnesium Sulphate,2024-02,72.1,0.0,89,0,214.0,False
ETH002,Hospital,Oromia,Magnesium Sulphate,2024-03,39.8,0.0,92,0,122.0,False
ETH002,Hospital,Oromia,Magnesium Sulphate,2024-04,8.9,0.0,94,0,28.0,True
ETH002,Hospital,Oromia,Magnesium Sulphate,2024-05,50.3,0.0,90,0,151.0,False
ETH002,Hospital,Oromia,Magnesium Sulphate,2024-06,28.8,0.0,77,0,74.0,True
ETH002,Hospital,Oromia,Magnesium Sulphate,2024-07,0.0,100.0,74,1,0.0,True
ETH002,Hospital,Oromia,Magnesium Sulphate,2024-08,60.7,0.0,81,0,164.0,False
ETH002,Hospital,Oromia,Magnesium Sulphate,2024-09,25.3,0.0,89,0,75.0,True
ETH002,Hospital,Oromia,Magnesium Sulphate,2024-10,0.0,100.0,75,1,0.0,True
ETH002,Hospital,Oromia,Magnesium Sulphate,2024-11,66.6,0.0,91,0,202.0,False
ETH002,Hospital,Oromia,Magnesium Sulphate,2024-12,40.5,0.0,86,0,116.0,False
ETH002,Hospital,Oromia,ORS/Zinc,2024-01,129.4,0.0,80,0,345.0,False
ETH002,Hospital,Oromia,ORS/Zinc,2024-02,86.3,0.0,89,0,256.0,False
ETH002,Hospital,Oromia,ORS/Zinc,2024-03,47.6,0.0,99,0,157.0,False
ETH002,Hospital,Oromia,ORS/Zinc,2024-05,0.0,100.0,49,1,0.0,True
ETH002,Hospital,Oromia,ORS/Zinc,2024-06,0.0,100.0,0,1,0.0,True
ETH002,Hospital,Oromia,ORS/Zinc,2024-07,102.7,0.0,85,0,291.0,False
ETH002,Hospital,Oromia,ORS/Zinc,2024-08,50.8,0.0,108,0,183.0,False
ETH002,Hospital,Oromia,ORS/Zinc,2024-09,26.6,0.0,97,0,86.0,True
ETH002,Hospital,Oromia,ORS/Zinc,2024-10,0.0,100.0,86,1,0.0,True
ETH002,Hospital,Oromia,ORS/Zinc,2024-11,73.4,0.0,94,0,230.0,False
ETH002,Hospital,Oromia,ORS/Zinc,2024-12,42.6,0.0,95,0,135.0,False
ETH002,Hospital,Oromia,Oxytocin,2024-01,74.7,0.0,102,0,254.0,False
ETH002,Hospital,Oromia,Oxytocin,2024-02,51.1,0.0,94,0,160.0,False
ETH002,Hospital,Oromia,Oxytocin,2024-03,23.9,0.0,89,0,71.0,True
ETH002,Hospital,Oromia,Oxytocin,2024-04,0.0,100.0,71,1,0.0,True
ETH002,Hospital,Oromia,Oxytocin,2024-05,0.0,100.0,0,1,0.0,True
ETH002,Hospital,Oromia,Oxytocin,2024-06,94.9,0.0,91,0,288.0,False
ETH002,Hospital,Oromia,Oxytocin,2024-07,57.3,0.0,99,0,189.0,False
ETH002,Hospital,Oromia,Oxytocin,2024-08,37.5,0.0,84,0,105.0,False
ETH002,Hospital,Oromia,Oxytocin,2024-10,0.0,100.0,3,1,0.0,True
ETH002,Hospital,Oromia,Oxytocin,2024-11,43.9,0.0,99,0,145.0,False
ETH002,Hospital,Oromia,Oxytocin,2024-12,17.3,0.0,92,0,53.0,True
ETH003,Health Post,SNNPR,Artemether-Lumefantrine,2024-01,180.0,0.0,4,0,25.0,False
ETH003,Health Post,SNNPR,Artemether-Lumefantrine,2024-02,157.5,0.0,4,0,21.0,False
ETH003,Health Post,SNNPR,Artemether-Lumefantrine,2024-03,180.0,0.0,1,0,20.0,False
ETH003,Health Post,SNNPR,Artemether-Lumefantrine,2024-04,180.0,0.0,1,0,19.0,False
ETH003,Health Post,SNNPR,Artemether-Lumefantrine,2024-05,51.4,0.0,7,0,12.0,False
ETH003,Health Post,SNNPR,Artemether-Lumefantrine,2024-06,21.4,0.0,7,0,5.0,True
ETH003,Health Post,SNNPR,Artemether-Lumefantrine,2024-07,20.0,0.0,3,0,2.0,True
ETH003,Health Post,SNNPR,Artemether-Lumefantrine,2024-08,0.0,100.0,2,1,0.0,True
ETH003,Health Post,SNNPR,Artemether-Lumefantrine,2024-10,180.0,0.0,2,0,14.0,False
ETH003,Health Post,SNNPR,Artemether-Lumefantrine,2024-11,40.0,0.0,6,0,8.0,False
ETH003,Health Post,SNNPR,Artemether-Lumefantrine,2024-12,180.0,0.0,1,0,19.0,False
ETH003,Health Post,SNNPR,Magnesium Sulphate,2024-01,42.9,0.0,7,0,10.0,False
ETH003,Health Post,SNNPR,Magnesium Sulphate,2024-02,45.0,0.0,4,0,6.0,False
ETH003,Health Post,SNNPR,Magnesium Sulphate,2024-03,0.0,100.0,6,1,0.0,True
ETH003,Health Post,SNNPR,Magnesium Sulphate,2024-04,0.0,100.0,0,1,0.0,True
ETH003,Health Post,SNNPR,Magnesium Sulphate,2024-05,0.0,100.0,0,1,0.0,True
ETH003,Health Post,SNNPR,Magnesium Sulphate,2024-06,72.0,0.0,5,0,12.0,False
ETH003,Health Post,SNNPR,Magnesium Sulphate,2024-07,10.0,0.0,9,0,3.0,True
ETH003,Health Post,SNNPR,Magnesium Sulphate,2024-09,40.0,0.0,6,0,8.0,False
ETH003,Health Post,SNNPR,Magnesium Sulphate,2024-10,84.0,0.0,5,0,14.0,False
ETH003,Health Post,SNNPR,Magnesium Sulphate,2024-11,30.0,0.0,7,0,7.0,False
ETH003,Health Post,SNNPR,Magnesium Sulphate,2024-12,22.5,0.0,4,0,3.0,True
ETH003,Health Post,SNNPR,ORS/Zinc,2024-01,34.6,0.0,13,0,15.0,False
ETH003,Health Post,SNNPR,ORS/Zinc,2024-02,26.2,0.0,8,0,7.0,True
ETH003,Health Post,SNNPR,ORS/Zinc,2024-03,60.0,0.0,8,0,16.0,False
ETH003,Health Post,SNNPR,ORS/Zinc,2024-04,90.0,0.0,4,0,12.0,False
ETH003,Health Post,SNNPR,ORS/Zinc,2024-05,30.0,0.0,6,0,6.0,False
ETH003,Health Post,SNNPR,ORS/Zinc,2024-06,0.0,100.0,6,1,0.0,True
ETH003,Health Post,SNNPR,ORS/Zinc,2024-07,70.0,0.0,6,0,14.0,False
ETH003,Health Post,SNNPR,ORS/Zinc,2024-09,30.0,0.0,9,0,9.0,False
ETH003,Health Post,SNNPR,ORS/Zinc,2024-10,144.0,0.0,5,0,24.0,False
ETH003,Health Post,SNNPR,ORS/Zinc,2024-11,35.5,0.0,11,0,13.0,False
ETH003,Health Post,SNNPR,ORS/Zinc,2024-12,48.0,0.0,5,0,8.0,False
ETH003,Health Post,SNNPR,Oxytocin,2024-01,168.0,0.0,5,0,28.0,False
ETH003,Health Post,SNNPR,Oxytocin,2024-02,180.0,0.0,3,0,25.0,False
ETH003,Health Post,SNNPR,Oxytocin,2024-03,120.0,0.0,5,0,20.0,False
ETH003,Health Post,SNNPR,Oxytocin,2024-04,45.0,0.0,8,0,12.0,False
ETH003,Health Post,SNNPR,Oxytocin,2024-05,180.0,0.0,1,0,11.0,False
ETH003,Health Post,SNNPR,Oxytocin,2024-06,17.1,0.0,7,0,4.0,True
ETH003,Health Post,SNNPR,Oxytocin,2024-07,0.0,100.0,4,1,0.0,True
ETH003,Health Post,SNNPR,Oxytocin,2024-08,78.0,0.0,5,0,13.0,False
ETH003,Health Post,SNNPR,Oxytocin,2024-09,35.0,0.0,6,0,7.0,False
ETH003,Health Post,SNNPR,Oxytocin,2024-10,75.0,0.0,8,0,20.0,False
ETH003,Health Post,SNNPR,Oxytocin,2024-11,90.0,0.0,5,0,15.0,False
ETH003,Health Post,SNNPR,Oxytocin,2024-12,120.0,0.0,3,0,12.0,False
ETH004,Health Centre,SNNPR,Artemether-Lumefantrine,2024-01,160.6,0.0,17,0,91.0,False
ETH004,Health Centre,SNNPR,Artemether-Lumefantrine,2024-03,62.9,0.0,21,0,44.0,False
ETH004,Health Centre,SNNPR,Artemether-Lumefantrine,2024-04,14.0,0.0,30,0,14.0,True
ETH004,Health Centre,SNNPR,Artemether-Lumefantrine,2024-05,74.3,0.0,21,0,52.0,False
ETH004,Health Centre,SNNPR,Artemether-Lumefantrine,2024-06,22.0,0.0,30,0,22.0,True
ETH004,Health Centre,SNNPR,Artemether-Lumefantrine,2024-07,62.4,0.0,38,0,79.0,False
ETH004,Health Centre,SNNPR,Artemether-Lumefantrine,2024-09,9.7,0.0,34,0,11.0,True
ETH004,Health Centre,SNNPR,Artemether-Lumefantrine,2024-10,97.1,0.0,21,0,68.0,False
ETH004,Health Centre,SNNPR,Artemether-Lumefantrine,2024-11,48.5,0.0,26,0,42.0,False
ETH004,Health Centre,SNNPR,Artemether-Lumefantrine,2024-12,15.0,0.0,28,0,14.0,True
ETH004,Health Centre,SNNPR,Magnesium Sulphate,2024-01,92.3,0.0,26,0,80.0,False
ETH004,Health Centre,SNNPR,Magnesium Sulphate,2024-02,66.0,0.0,25,0,55.0,False
ETH004,Health Centre,SNNPR,Magnesium Sulphate,2024-03,61.7,0.0,18,0,37.0,False
ETH004,Health Centre,SNNPR,Magnesium Sulphate,2024-04,88.9,0.0,28,0,83.0,False
ETH004,Health Centre,SNNPR,Magnesium Sulphate,2024-05,108.3,0.0,18,0,65.0,False
ETH004,Health Centre,SNNPR,Magnesium Sulphate,2024-06,100.0,0.0,15,0,50.0,False
ETH004,Health Centre,SNNPR,Magnesium Sulphate,2024-07,27.7,0.0,26,0,24.0,True
ETH004,Health Centre,SNNPR,Magnesium Sulphate,2024-08,70.0,0.0,24,0,56.0,False
ETH004,Health Centre,SNNPR,Magnesium Sulphate,2024-09,40.0,0.0,24,0,32.0,False
ETH004,Health Centre,SNNPR,Magnesium Sulphate,2024-10,123.9,0.0,23,0,95.0,False
ETH004,Health Centre,SNNPR,Magnesium Sulphate,2024-11,99.5,0.0,22,0,73.0,False
ETH004,Health Centre,SNNPR,Magnesium Sulphate,2024-12,45.5,0.0,29,0,44.0,False
ETH004,Health Centre,SNNPR,ORS/Zinc,2024-01,72.4,0.0,29,0,70.0,False
ETH004,Health Centre,SNNPR,ORS/Zinc,2024-02,42.4,0.0,29,0,41.0,False
ETH004,Health Centre,SNNPR,ORS/Zinc,2024-03,23.5,0.0,23,0,18.0,True
ETH004,Health Centre,SNNPR,ORS/Zinc,2024-04,0.0,100.0,18,1,0.0,True
ETH004,Health Centre,SNNPR,ORS/Zinc,2024-05,0.0,100.0,0,1,0.0,True
ETH004,Health Centre,SNNPR,ORS/Zinc,2024-06,44.4,0.0,27,0,40.0,False
ETH004,Health Centre,SNNPR,ORS/Zinc,2024-07,18.0,0.0,25,0,15.0,True
ETH004,Health Centre,SNNPR,ORS/Zinc,2024-08,0.0,100.0,15,1,0.0,True
ETH004,Health Centre,SNNPR,ORS/Zinc,2024-09,37.7,0.0,31,0,39.0,False
ETH004,Health Centre,SNNPR,ORS/Zinc,2024-10,56.6,0.0,35,0,66.0,False
ETH004,Health Centre,SNNPR,ORS/Zinc,2024-11,56.1,0.0,23,0,43.0,False
ETH004,Health Centre,SNNPR,ORS/Zinc,2024-12,23.8,0.0,24,0,19.0,True
ETH004,Health Centre,SNNPR,Oxytocin,2024-01,159.1,0.0,23,0,122.0,False
ETH004,Health Centre,SNNPR,Oxytocin,2024-02,180.0,0.0,16,0,106.0,False
ETH004,Health Centre,SNNPR,Oxytocin,2024-03,137.4,0.0,19,0,87.0,False
ETH004,Health Centre,SNNPR,Oxytocin,2024-04,100.5,0.0,20,0,67.0,False
ETH004,Health Centre,SNNPR,Oxytocin,2024-05,34.8,0.0,31,0,36.0,False
ETH004,Health Centre,SNNPR,Oxytocin,2024-06,64.3,0.0,28,0,60.0,False
ETH004,Health Centre,SNNPR,Oxytocin,2024-07,45.0,0.0,24,0,36.0,False
ETH004,Health Centre,SNNPR,Oxytocin,2024-08,30.0,0.0,18,0,18.0,False
ETH004,Health Centre,SNNPR,Oxytocin,2024-09,67.5,0.0,20,0,45.0,False
ETH004,Health Centre,SNNPR,Oxytocin,2024-10,12.2,0.0,32,0,13.0,True
ETH004,Health Centre,SNNPR,Oxytocin,2024-11,64.1,0.0,29,0,62.0,False
ETH004,Health Centre,SNNPR,Oxytocin,2024-12,54.5,0.0,22,0,40.0,False
ETH005,Health Post,Tigray,Artemether-Lumefantrine,2024-01,97.5,0.0,4,0,13.0,False
ETH005,Health Post,Tigray,Artemether-Lumefantrine,2024-02,67.5,0.0,4,0,9.0,False
ETH005,Health Post,Tigray,Artemether-Lumefantrine,2024-03,150.0,0.0,4,0,20.0,False
ETH005,Health Post,Tigray,Artemether-Lumefantrine,2024-04,55.7,0.0,7,0,13.0,False
ETH005,Health Post,Tigray,Artemether-Lumefantrine,2024-06,0.0,100.0,7,1,0.0,True
ETH005,Health Post,Tigray,Artemether-Lumefantrine,2024-07,9.4,0.0,16,0,5.0,True
ETH005,Health Post,Tigray,Artemether-Lumefantrine,2024-08,80.0,0.0,6,0,16.0,False
ETH005,Health Post,Tigray,Artemether-Lumefantrine,2024-09,30.0,0.0,8,0,8.0,False
ETH005,Health Post,Tigray,Artemether-Lumefantrine,2024-10,0.0,100.0,8,1,0.0,True
ETH005,Health Post,Tigray,Artemether-Lumefantrine,2024-11,0.0,100.0,0,1,0.0,True
ETH005,Health Post,Tigray,Artemether-Lumefantrine,2024-12,0.0,100.0,0,1,0.0,True
ETH005,Health Post,Tigray,Magnesium Sulphate,2024-01,102.0,0.0,5,0,17.0,False
ETH005,Health Post,Tigray,Magnesium Sulphate,2024-02,72.0,0.0,5,0,12.0,False
ETH005,Health Post,Tigray,Magnesium Sulphate,2024-03,2.7,0.0,11,0,1.0,True
ETH005,Health Post,Tigray,Magnesium Sulphate,2024-04,102.0,0.0,5,0,17.0,False
ETH005,Health Post,Tigray,Magnesium Sulphate,2024-05,97.5,0.0,4,0,13.0,False
ETH005,Health Post,Tigray,Magnesium Sulphate,2024-06,25.7,0.0,7,0,6.0,True
ETH005,Health Post,Tigray,Magnesium Sulphate,2024-07,0.0,100.0,6,1,0.0,True
ETH005,Health Post,Tigray,Magnesium Sulphate,2024-08,60.0,0.0,5,0,10.0,False
ETH005,Health Post,Tigray,Magnesium Sulphate,2024-09,45.0,0.0,4,0,6.0,False
ETH005,Health Post,Tigray,Magnesium Sulphate,2024-10,78.8,0.0,8,0,21.0,False
ETH005,Health Post,Tigray,Magnesium Sulphate,2024-11,75.0,0.0,6,0,15.0,False
ETH005,Health Post,Tigray,ORS/Zinc,2024-01,168.0,0.0,5,0,28.0,False
ETH005,Health Post,Tigray,ORS/Zinc,2024-02,90.0,0.0,7,0,21.0,False
ETH005,Health Post,Tigray,ORS/Zinc,2024-03,40.0,0.0,9,0,12.0,False
ETH005,Health Post,Tigray,ORS/Zinc,2024-04,60.0,0.0,4,0,8.0,False
ETH005,Health Post,Tigray,ORS/Zinc,2024-05,53.3,0.0,9,0,16.0,False
ETH005,Health Post,Tigray,ORS/Zinc,2024-06,90.0,0.0,4,0,12.0,False
ETH005,Health Post,Tigray,ORS/Zinc,2024-07,10.0,0.0,9,0,3.0,True
ETH005,Health Post,Tigray,ORS/Zinc,2024-08,180.0,0.0,1,0,20.0,False
ETH005,Health Post,Tigray,ORS/Zinc,2024-10,45.0,0.0,6,0,9.0,False
ETH005,Health Post,Tigray,ORS/Zinc,2024-11,72.9,0.0,7,0,17.0,False
ETH005,Health Post,Tigray,ORS/Zinc,2024-12,42.9,0.0,7,0,10.0,False
ETH005,Health Post,Tigray,Oxytocin,2024-01,75.0,0.0,6,0,15.0,False
ETH005,Health Post,Tigray,Oxytocin,2024-02,180.0,0.0,2,0,13.0,False
ETH005,Health Post,Tigray,Oxytocin,2024-03,67.5,0.0,4,0,9.0,False
ETH005,Health Post,Tigray,Oxytocin,2024-04,8.6,0.0,7,0,2.0,True
ETH005,Health Post,Tigray,Oxytocin,2024-05,165.0,0.0,4,0,22.0,False
ETH005,Health Post,Tigray,Oxytocin,2024-06,80.0,0.0,6,0,16.0,False
ETH005,Health Post,Tigray,Oxytocin,2024-08,0.0,100.0,7,1,0.0,True
ETH005,Health Post,Tigray,Oxytocin,2024-09,112.5,0.0,4,0,15.0,False
ETH005,Health Post,Tigray,Oxytocin,2024-10,34.3,0.0,7,0,8.0,False
ETH005,Health Post,Tigray,Oxytocin,2024-11,30.0,0.0,4,0,4.0,False
ETH005,Health Post,Tigray,Oxytocin,2024-12,10.0,0.0,3,0,1.0,True
ETH006,Health Post,Oromia,Artemether-Lumefantrine,2024-02,120.0,0.0,5,0,20.0,False
ETH006,Health Post,Oromia,Artemether-Lumefantrine,2024-03,70.0,0.0,6,0,14.0,False
ETH006,Health Post,Oromia,Artemether-Lumefantrine,2024-04,30.0,0.0,7,0,7.0,False
ETH006,Health Post,Oromia,Artemether-Lumefantrine,2024-05,42.5,0.0,12,0,17.0,False
ETH006,Health Post,Oromia,Artemether-Lumefantrine,2024-06,26.7,0.0,9,0,8.0,True
ETH006,Health Post,Oromia,Artemether-Lumefantrine,2024-08,105.0,0.0,4,0,14.0,False
ETH006,Health Post,Oromia,Artemether-Lumefantrine,2024-09,54.0,0.0,5,0,9.0,False
ETH006,Health Post,Oromia,Artemether-Lumefantrine,2024-10,8.6,0.0,7,0,2.0,True
ETH006,Health Post,Oromia,Artemether-Lumefantrine,2024-11,180.0,0.0,3,0,19.0,False
ETH006,Health Post,Oromia,Magnesium Sulphate,2024-01,105.0,0.0,6,0,21.0,False
ETH006,Health Post,Oromia,Magnesium Sulphate,2024-02,180.0,0.0,3,0,18.0,False
ETH006,Health Post,Oromia,Magnesium Sulphate,2024-03,24.0,0.0,10,0,8.0,True
ETH006,Health Post,Oromia,Magnesium Sulphate,2024-04,51.4,0.0,7,0,12.0,False
ETH006,Health Post,Oromia,Magnesium Sulphate,2024-06,0.0,100.0,3,1,0.0,True
ETH006,Health Post,Oromia,Magnesium Sulphate,2024-07,56.7,0.0,9,0,17.0,False
ETH006,Health Post,Oromia,Magnesium Sulphate,2024-08,140.0,0.0,3,0,14.0,False
ETH006,Health Post,Oromia,Magnesium Sulphate,2024-09,110.0,0.0,3,0,11.0,False
ETH006,Health Post,Oromia,Magnesium Sulphate,2024-10,80.0,0.0,3,0,8.0,False
ETH006,Health Post,Oromia,Magnesium Sulphate,2024-11,18.0,0.0,5,0,3.0,True
ETH006,Health Post,Oromia,Magnesium Sulphate,2024-12,96.0,0.0,5,0,16.0,False
ETH006,Health Post,Oromia,ORS/Zinc,2024-01,96.7,0.0,9,0,29.0,False
ETH006,Health Post,Oromia,ORS/Zinc,2024-02,115.0,0.0,6,0,23.0,False
ETH006,Health Post,Oromia,ORS/Zinc,2024-03,68.6,0.0,7,0,16.0,False
ETH006,Health Post,Oromia,ORS/Zinc,2024-04,130.0,0.0,3,0,13.0,False
ETH006,Health Post,Oromia,ORS/Zinc,2024-05,9.0,0.0,10,0,3.0,True
ETH006,Health Post,Oromia,ORS/Zinc,2024-06,105.0,0.0,4,0,14.0,False
ETH006,Health Post,Oromia,ORS/Zinc,2024-07,110.0,0.0,3,0,11.0,False
ETH006,Health Post,Oromia,ORS/Zinc,2024-08,3.0,0.0,10,0,1.0,True
ETH006,Health Post,Oromia,ORS/Zinc,2024-09,0.0,100.0,1,1,0.0,True
ETH006,Health Post,Oromia,ORS/Zinc,2024-10,37.5,0.0,8,0,10.0,False
ETH006,Health Post,Oromia,ORS/Zinc,2024-11,30.0,0.0,5,0,5.0,False
ETH006,Health Post,Oromia,ORS/Zinc,2024-12,0.0,100.0,5,1,0.0,True
ETH006,Health Post,Oromia,Oxytocin,2024-01,125.0,0.0,6,0,25.0,False
ETH006,Health Post,Oromia,Oxytocin,2024-02,95.0,0.0,6,0,19.0,False
ETH006,Health Post,Oromia,Oxytocin,2024-03,51.4,0.0,7,0,12.0,False
ETH006,Health Post,Oromia,Oxytocin,2024-04,42.0,0.0,5,0,7.0,False
ETH006,Health Post,Oromia,Oxytocin,2024-05,71.2,0.0,8,0,19.0,False
ETH006,Health Post,Oromia,Oxytocin,2024-06,84.0,0.0,5,0,14.0,False
ETH006,Health Post,Oromia,Oxytocin,2024-07,30.0,0.0,7,0,7.0,False
ETH006,Health Post,Oromia,Oxytocin,2024-08,22.5,0.0,4,0,3.0,True
ETH006,Health Post,Oromia,Oxytocin,2024-09,0.0,100.0,3,1,0.0,True
ETH006,Health Post,Oromia,Oxytocin,2024-10,27.0,0.0,10,0,9.0,True
ETH006,Health Post,Oromia,Oxytocin,2024-11,0.0,100.0,9,1,0.0,True
ETH006,Health Post,Oromia,Oxytocin,2024-12,78.8,0.0,8,0,21.0,False
ETH007,Health Centre,Amhara,Artemether-Lumefantrine,2024-01,58.7,0.0,23,0,45.0,False
ETH007,Health Centre,Amhara,Artemether-Lumefantrine,2024-02,28.7,0.0,23,0,22.0,True
ETH007,Health Centre,Amhara,Artemether-Lumefantrine,2024-03,71.7,0.0,23,0,55.0,False
ETH007,Health Centre,Amhara,Artemether-Lumefantrine,2024-04,61.7,0.0,18,0,37.0,False
ETH007,Health Centre,Amhara,Artemether-Lumefantrine,2024-05,14.4,0.0,25,0,12.0,True
ETH007,Health Centre,Amhara,Artemether-Lumefantrine,2024-06,60.0,0.0,24,0,48.0,False
ETH007,Health Centre,Amhara,Artemether-Lumefantrine,2024-07,27.6,0.0,25,0,23.0,True
ETH007,Health Centre,Amhara,Artemether-Lumefantrine,2024-08,0.0,100.0,23,1,0.0,True
ETH007,Health Centre,Amhara,Artemether-Lumefantrine,2024-09,34.9,0.0,37,0,43.0,False
ETH007,Health Centre,Amhara,Artemether-Lumefantrine,2024-10,41.7,0.0,18,0,25.0,False
ETH007,Health Centre,Amhara,Artemether-Lumefantrine,2024-11,55.5,0.0,33,0,61.0,False
ETH007,Health Centre,Amhara,Artemether-Lumefantrine,2024-12,57.1,0.0,21,0,40.0,False
ETH007,Health Centre,Amhara,Magnesium Sulphate,2024-01,163.0,0.0,23,0,125.0,False
ETH007,Health Centre,Amhara,Magnesium Sulphate,2024-04,50.3,0.0,31,0,52.0,False
ETH007,Health Centre,Amhara,Magnesium Sulphate,2024-05,40.9,0.0,22,0,30.0,False
ETH007,Health Centre,Amhara,Magnesium Sulphate,2024-06,75.0,0.0,22,0,55.0,False
ETH007,Health Centre,Amhara,Magnesium Sulphate,2024-07,33.5,0.0,26,0,29.0,False
ETH007,Health Centre,Amhara,Magnesium Sulphate,2024-08,92.5,0.0,24,0,74.0,False
ETH007,Health Centre,Amhara,Magnesium Sulphate,2024-09,128.6,0.0,14,0,60.0,False
ETH007,Health Centre,Amhara,Magnesium Sulphate,2024-10,82.5,0.0,16,0,44.0,False
ETH007,Health Centre,Amhara,Magnesium Sulphate,2024-11,17.1,0.0,28,0,16.0,True
ETH007,Health Centre,Amhara,Magnesium Sulphate,2024-12,83.0,0.0,30,0,83.0,False
ETH007,Health Centre,Amhara,ORS/Zinc,2024-01,79.4,0.0,34,0,90.0,False
ETH007,Health Centre,Amhara,ORS/Zinc,2024-02,92.7,0.0,22,0,68.0,False
ETH007,Health Centre,Amhara,ORS/Zinc,2024-03,55.0,0.0,24,0,44.0,False
ETH007,Health Centre,Amhara,ORS/Zinc,2024-04,36.0,0.0,20,0,24.0,False
ETH007,Health Centre,Amhara,ORS/Zinc,2024-05,6.0,0.0,20,0,4.0,True
ETH007,Health Centre,Amhara,ORS/Zinc,2024-07,16.4,0.0,33,0,18.0,True
ETH007,Health Centre,Amhara,ORS/Zinc,2024-08,80.9,0.0,23,0,62.0,False
ETH007,Health Centre,Amhara,ORS/Zinc,2024-10,46.9,0.0,16,0,25.0,False
ETH007,Health Centre,Amhara,ORS/Zinc,2024-11,0.0,100.0,25,1,0.0,True
ETH007,Health Centre,Amhara,ORS/Zinc,2024-12,67.5,0.0,20,0,45.0,False
ETH007,Health Centre,Amhara,Oxytocin,2024-01,104.4,0.0,25,0,87.0,False
ETH007,Health Centre,Amhara,Oxytocin,2024-02,83.5,0.0,23,0,64.0,False
ETH007,Health Centre,Amhara,Oxytocin,2024-04,5.3,0.0,34,0,6.0,True
ETH007,Health Centre,Amhara,Oxytocin,2024-05,72.0,0.0,20,0,48.0,False
ETH007,Health Centre,Amhara,Oxytocin,2024-06,32.6,0.0,23,0,25.0,False
ETH007,Health Centre,Amhara,Oxytocin,2024-08,68.2,0.0,22,0,50.0,False
ETH007,Health Centre,Amhara,Oxytocin,2024-09,48.9,0.0,19,0,31.0,False
ETH007,Health Centre,Amhara,Oxytocin,2024-10,88.7,0.0,23,0,68.0,False
ETH007,Health Centre,Amhara,Oxytocin,2024-11,51.6,0.0,25,0,43.0,False
ETH007,Health Centre,Amhara,Oxytocin,2024-12,28.6,0.0,22,0,21.0,True
ETH008,Health Centre,Amhara,Artemether-Lumefantrine,2024-01,96.4,0.0,28,0,90.0,False
ETH008,Health Centre,Amhara,Artemether-Lumefantrine,2024-03,63.0,0.0,20,0,42.0,False
ETH008,Health Centre,Amhara,Artemether-Lumefantrine,2024-04,20.4,0.0,25,0,17.0,True
ETH008,Health Centre,Amhara,Artemether-Lumefantrine,2024-05,130.5,0.0,20,0,87.0,False
ETH008,Health Centre,Amhara,Artemether-Lumefantrine,2024-06,49.1,0.0,33,0,54.0,False
ETH008,Health Centre,Amhara,Artemether-Lumefantrine,2024-07,13.8,0.0,37,0,17.0,True
ETH008,Health Centre,Amhara,Artemether-Lumefantrine,2024-08,0.0,100.0,17,1,0.0,True
ETH008,Health Centre,Amhara,Artemether-Lumefantrine,2024-09,0.0,100.0,0,1,0.0,True
ETH008,Health Centre,Amhara,Artemether-Lumefantrine,2024-10,104.0,0.0,15,0,52.0,False
ETH008,Health Centre,Amhara,Artemether-Lumefantrine,2024-11,27.8,0.0,27,0,25.0,True
ETH008,Health Centre,Amhara,Artemether-Lumefantrine,2024-12,91.2,0.0,26,0,79.0,False
ETH008,Health Centre,Amhara,Magnesium Sulphate,2024-01,71.1,0.0,19,0,45.0,False
ETH008,Health Centre,Amhara,Magnesium Sulphate,2024-02,24.0,0.0,25,0,20.0,True
ETH008,Health Centre,Amhara,Magnesium Sulphate,2024-03,80.0,0.0,27,0,72.0,False
ETH008,Health Centre,Amhara,Magnesium Sulphate,2024-04,53.1,0.0,26,0,46.0,False
ETH008,Health Centre,Amhara,Magnesium Sulphate,2024-06,106.8,0.0,25,0,89.0,False
ETH008,Health Centre,Amhara,Magnesium Sulphate,2024-07,62.1,0.0,29,0,60.0,False
ETH008,Health Centre,Amhara,Magnesium Sulphate,2024-08,51.8,0.0,22,0,38.0,False
ETH008,Health Centre,Amhara,Magnesium Sulphate,2024-09,180.0,0.0,13,0,95.0,False
ETH008,Health Centre,Amhara,Magnesium Sulphate,2024-10,99.5,0.0,22,0,73.0,False
ETH008,Health Centre,Amhara,Magnesium Sulphate,2024-11,79.5,0.0,20,0,53.0,False
ETH008,Health Centre,Amhara,Magnesium Sulphate,2024-12,24.8,0.0,29,0,24.0,True
ETH008,Health Centre,Amhara,ORS/Zinc,2024-01,70.8,0.0,25,0,59.0,False
ETH008,Health Centre,Amhara,ORS/Zinc,2024-02,50.5,0.0,22,0,37.0,False
ETH008,Health Centre,Amhara,ORS/Zinc,2024-03,20.5,0.0,22,0,15.0,True
ETH008,Health Centre,Amhara,ORS/Zinc,2024-04,0.0,100.0,15,1,0.0,True
ETH008,Health Centre,Amhara,ORS/Zinc,2024-06,124.5,0.0,20,0,83.0,False
ETH008,Health Centre,Amhara,ORS/Zinc,2024-07,55.9,0.0,29,0,54.0,False
ETH008,Health Centre,Amhara,ORS/Zinc,2024-08,25.9,0.0,29,0,25.0,True
ETH008,Health Centre,Amhara,ORS/Zinc,2024-09,141.0,0.0,20,0,94.0,False
ETH008,Health Centre,Amhara,ORS/Zinc,2024-10,87.5,0.0,24,0,70.0,False
ETH008,Health Centre,Amhara,ORS/Zinc,2024-11,70.0,0.0,21,0,49.0,False
ETH008,Health Centre,Amhara,ORS/Zinc,2024-12,28.8,0.0,25,0,24.0,True
ETH008,Health Centre,Amhara,Oxytocin,2024-01,102.0,0.0,30,0,102.0,False
ETH008,Health Centre,Amhara,Oxytocin,2024-02,131.1,0.0,19,0,83.0,False
ETH008,Health Centre,Amhara,Oxytocin,2024-03,101.1,0.0,19,0,64.0,False
ETH008,Health Centre,Amhara,Oxytocin,2024-04,38.6,0.0,28,0,36.0,False
ETH008,Health Centre,Amhara,Oxytocin,2024-07,45.0,0.0,28,0,42.0,False
ETH008,Health Centre,Amhara,Oxytocin,2024-08,24.8,0.0,23,0,19.0,True
ETH008,Health Centre,Amhara,Oxytocin,2024-09,94.1,0.0,22,0,69.0,False
ETH008,Health Centre,Amhara,Oxytocin,2024-10,68.6,0.0,21,0,48.0,False
ETH008,Health Centre,Amhara,Oxytocin,2024-12,1.3,0.0,23,0,1.0,True
ETH009,Health Centre,Tigray,Artemether-Lumefantrine,2024-01,180.0,0.0,16,0,118.0,False
ETH009,Health Centre,Tigray,Artemether-Lumefantrine,2024-02,71.1,0.0,35,0,83.0,False
ETH009,Health Centre,Tigray,Artemether-Lumefantrine,2024-04,70.0,0.0,18,0,42.0,False
ETH009,Health Centre,Tigray,Artemether-Lumefantrine,2024-05,18.5,0.0,26,0,16.0,True
ETH009,Health Centre,Tigray,Artemether-Lumefantrine,2024-06,73.1,0.0,32,0,78.0,False
ETH009,Health Centre,Tigray,Artemether-Lumefantrine,2024-07,22.0,0.0,45,0,33.0,True
ETH009,Health Centre,Tigray,Artemether-Lumefantrine,2024-08,43.7,0.0,35,0,51.0,False
ETH009,Health Centre,Tigray,Artemether-Lumefantrine,2024-09,17.8,0.0,32,0,19.0,True
ETH009,Health Centre,Tigray,Artemether-Lumefantrine,2024-10,0.0,100.0,19,1,0.0,True
ETH009,Health Centre,Tigray,Artemether-Lumefantrine,2024-11,57.9,0.0,29,0,56.0,False
ETH009,Health Centre,Tigray,Artemether-Lumefantrine,2024-12,30.0,0.0,28,0,28.0,False
ETH009,Health Centre,Tigray,Magnesium Sulphate,2024-01,126.2,0.0,29,0,122.0,False
ETH009,Health Centre,Tigray,Magnesium Sulphate,2024-02,96.2,0.0,29,0,93.0,False
ETH009,Health Centre,Tigray,Magnesium Sulphate,2024-03,54.5,0.0,33,0,60.0,False
ETH009,Health Centre,Tigray,Magnesium Sulphate,2024-04,75.9,0.0,17,0,43.0,False
ETH009,Health Centre,Tigray,Magnesium Sulphate,2024-05,28.6,0.0,22,0,21.0,True
ETH009,Health Centre,Tigray,Magnesium Sulphate,2024-06,12.0,0.0,15,0,6.0,True
ETH009,Health Centre,Tigray,Magnesium Sulphate,2024-07,92.5,0.0,24,0,74.0,False
ETH009,Health Centre,Tigray,Magnesium Sulphate,2024-08,62.5,0.0,24,0,50.0,False
ETH009,Health Centre,Tigray,Magnesium Sulphate,2024-09,38.2,0.0,22,0,28.0,False
ETH009,Health Centre,Tigray,Magnesium Sulphate,2024-10,56.8,0.0,28,0,53.0,False
ETH009,Health Centre,Tigray,Magnesium Sulphate,2024-11,49.5,0.0,20,0,33.0,False
ETH009,Health Centre,Tigray,Magnesium Sulphate,2024-12,60.0,0.0,31,0,62.0,False
ETH009,Health Centre,Tigray,ORS/Zinc,2024-01,165.0,0.0,24,0,132.0,False
ETH009,Health Centre,Tigray,ORS/Zinc,2024-02,178.4,0.0,19,0,113.0,False
ETH009,Health Centre,Tigray,ORS/Zinc,2024-03,105.6,0.0,25,0,88.0,False
ETH009,Health Centre,Tigray,ORS/Zinc,2024-04,45.4,0.0,35,0,53.0,False
ETH009,Health Centre,Tigray,ORS/Zinc,2024-05,39.1,0.0,23,0,30.0,False
ETH009,Health Centre,Tigray,ORS/Zinc,2024-07,120.0,0.0,16,0,64.0,False
ETH009,Health Centre,Tigray,ORS/Zinc,2024-08,46.8,0.0,25,0,39.0,False
ETH009,Health Centre,Tigray,ORS/Zinc,2024-10,99.1,0.0,23,0,76.0,False
ETH009,Health Centre,Tigray,ORS/Zinc,2024-11,69.1,0.0,23,0,53.0,False
ETH009,Health Centre,Tigray,ORS/Zinc,2024-12,21.3,0.0,31,0,22.0,True
ETH009,Health Centre,Tigray,Oxytocin,2024-01,174.5,0.0,22,0,128.0,False
ETH009,Health Centre,Tigray,Oxytocin,2024-02,93.9,0.0,31,0,97.0,False
ETH009,Health Centre,Tigray,Oxytocin,2024-03,91.2,0.0,24,0,73.0,False
ETH009,Health Centre,Tigray,Oxytocin,2024-04,74.3,0.0,21,0,52.0,False
ETH009,Health Centre,Tigray,Oxytocin,2024-05,15.9,0.0,34,0,18.0,True
ETH009,Health Centre,Tigray,Oxytocin,2024-06,142.5,0.0,16,0,76.0,False
ETH009,Health Centre,Tigray,Oxytocin,2024-07,96.7,0.0,18,0,58.0,False
ETH009,Health Centre,Tigray,Oxytocin,2024-08,61.6,0.0,19,0,39.0,False
ETH009,Health Centre,Tigray,Oxytocin,2024-09,78.5,0.0,26,0,68.0,False
ETH009,Health Centre,Tigray,Oxytocin,2024-10,45.6,0.0,27,0,41.0,False
ETH009,Health Centre,Tigray,Oxytocin,2024-11,19.2,0.0,25,0,16.0,True
ETH009,Health Centre,Tigray,Oxytocin,2024-12,58.7,0.0,23,0,45.0,False
ETH010,Health Centre,Amhara,Artemether-Lumefantrine,2024-02,180.0,0.0,12,0,87.0,False
ETH010,Health Centre,Amhara,Artemether-Lumefantrine,2024-03,94.3,0.0,21,0,66.0,False
ETH010,Health Centre,Amhara,Artemether-Lumefantrine,2024-04,30.0,0.0,33,0,33.0,False
ETH010,Health Centre,Amhara,Artemether-Lumefantrine,2024-05,53.6,0.0,28,0,50.0,False
ETH010,Health Centre,Amhara,Artemether-Lumefantrine,2024-06,5.7,0.0,42,0,8.0,True
ETH010,Health Centre,Amhara,Artemether-Lumefantrine,2024-07,0.0,100.0,8,1,0.0,True
ETH010,Health Centre,Amhara,Artemether-Lumefantrine,2024-08,56.5,0.0,34,0,64.0,False
ETH010,Health Centre,Amhara,Artemether-Lumefantrine,2024-09,24.9,0.0,35,0,29.0,True
ETH010,Health Centre,Amhara,Artemether-Lumefantrine,2024-10,4.8,0.0,25,0,4.0,True
ETH010,Health Centre,Amhara,Artemether-Lumefantrine,2024-11,0.0,100.0,4,1,0.0,True
ETH010,Health Centre,Amhara,Artemether-Lumefantrine,2024-12,65.3,0.0,34,0,74.0,False
ETH010,Health Centre,Amhara,Magnesium Sulphate,2024-01,113.6,0.0,28,0,106.0,False
ETH010,Health Centre,Amhara,Magnesium Sulphate,2024-02,102.5,0.0,24,0,82.0,False
ETH010,Health Centre,Amhara,Magnesium Sulphate,2024-03,77.0,0.0,23,0,59.0,False
ETH010,Health Centre,Amhara,Magnesium Sulphate,2024-04,47.0,0.0,23,0,36.0,False
ETH010,Health Centre,Amhara,Magnesium Sulphate,2024-05,26.8,0.0,19,0,17.0,True
ETH010,Health Centre,Amhara,Magnesium Sulphate,2024-06,1.9,0.0,16,0,1.0,True
ETH010,Health Centre,Amhara,Magnesium Sulphate,2024-08,17.6,0.0,34,0,20.0,True
ETH010,Health Centre,Amhara,Magnesium Sulphate,2024-09,1.6,0.0,19,0,1.0,True
ETH010,Health Centre,Amhara,Magnesium Sulphate,2024-10,69.6,0.0,25,0,58.0,False
ETH010,Health Centre,Amhara,Magnesium Sulphate,2024-11,42.5,0.0,24,0,34.0,False
ETH010,Health Centre,Amhara,ORS/Zinc,2024-01,53.8,0.0,24,0,43.0,False
ETH010,Health Centre,Amhara,ORS/Zinc,2024-02,17.8,0.0,27,0,16.0,True
ETH010,Health Centre,Amhara,ORS/Zinc,2024-03,0.0,100.0,16,1,0.0,True
ETH010,Health Centre,Amhara,ORS/Zinc,2024-04,111.4,0.0,21,0,78.0,False
ETH010,Health Centre,Amhara,ORS/Zinc,2024-05,71.7,0.0,23,0,55.0,False
ETH010,Health Centre,Amhara,ORS/Zinc,2024-06,45.0,0.0,22,0,33.0,False
ETH010,Health Centre,Amhara,ORS/Zinc,2024-07,28.2,0.0,17,0,16.0,True
ETH010,Health Centre,Amhara,ORS/Zinc,2024-08,80.5,0.0,19,0,51.0,False
ETH010,Health Centre,Amhara,ORS/Zinc,2024-09,33.8,0.0,24,0,27.0,False
ETH010,Health Centre,Amhara,ORS/Zinc,2024-10,2.4,0.0,25,0,2.0,True
ETH010,Health Centre,Amhara,ORS/Zinc,2024-11,66.7,0.0,27,0,60.0,False
ETH010,Health Centre,Amhara,ORS/Zinc,2024-12,45.0,0.0,24,0,36.0,False
ETH010,Health Centre,Amhara,Oxytocin,2024-01,128.2,0.0,22,0,94.0,False
ETH010,Health Centre,Amhara,Oxytocin,2024-02,87.5,0.0,24,0,70.0,False
ETH010,Health Centre,Amhara,Oxytocin,2024-03,47.8,0.0,27,0,43.0,False
ETH010,Health Centre,Amhara,Oxytocin,2024-04,34.5,0.0,20,0,23.0,False
ETH010,Health Centre,Amhara,Oxytocin,2024-05,166.7,0.0,18,0,100.0,False
ETH010,Health Centre,Amhara,Oxytocin,2024-06,95.0,0.0,24,0,76.0,False
ETH010,Health Centre,Amhara,Oxytocin,2024-07,69.1,0.0,23,0,53.0,False
ETH010,Health Centre,Amhara,Oxytocin,2024-08,26.8,0.0,28,0,25.0,True
ETH010,Health Centre,Amhara,Oxytocin,2024-09,0.0,100.0,25,1,0.0,True
ETH010,Health Centre,Amhara,Oxytocin,2024-10,86.1,0.0,23,0,66.0,False
ETH010,Health Centre,Amhara,Oxytocin,2024-11,43.3,0.0,27,0,39.0,False
ETH010,Health Centre,Amhara,Oxytocin,2024-12,31.6,0.0,19,0,20.0,False
ETH011,Health Centre,SNNPR,Artemether-Lumefantrine,2024-01,120.0,0.0,20,0,80.0,False
ETH011,Health Centre,SNNPR,Artemether-Lumefantrine,2024-03,53.7,0.0,19,0,34.0,False
ETH011,Health Centre,SNNPR,Artemether-Lumefantrine,2024-04,121.3,0.0,23,0,93.0,False
ETH011,Health Centre,SNNPR,Artemether-Lumefantrine,2024-06,26.2,0.0,39,0,34.0,True
ETH011,Health Centre,SNNPR,Artemether-Lumefantrine,2024-07,68.0,0.0,30,0,68.0,False
ETH011,Health Centre,SNNPR,Artemether-Lumefantrine,2024-08,28.3,0.0,35,0,33.0,True
ETH011,Health Centre,SNNPR,Artemether-Lumefantrine,2024-09,62.0,0.0,30,0,62.0,False
ETH011,Health Centre,SNNPR,Artemether-Lumefantrine,2024-10,34.1,0.0,29,0,33.0,False
ETH011,Health Centre,SNNPR,Artemether-Lumefantrine,2024-11,102.7,0.0,26,0,89.0,False
ETH011,Health Centre,SNNPR,Artemether-Lumefantrine,2024-12,127.1,0.0,17,0,72.0,False
ETH011,Health Centre,SNNPR,Magnesium Sulphate,2024-01,45.0,0.0,28,0,42.0,False
ETH011,Health Centre,SNNPR,Magnesium Sulphate,2024-02,24.8,0.0,23,0,19.0,True
ETH011,Health Centre,SNNPR,Magnesium Sulphate,2024-04,112.5,0.0,16,0,60.0,False
ETH011,Health Centre,SNNPR,Magnesium Sulphate,2024-05,34.3,0.0,28,0,32.0,False
ETH011,Health Centre,SNNPR,Magnesium Sulphate,2024-06,49.4,0.0,34,0,56.0,False
ETH011,Health Centre,SNNPR,Magnesium Sulphate,2024-07,32.2,0.0,27,0,29.0,False
ETH011,Health Centre,SNNPR,Magnesium Sulphate,2024-08,13.5,0.0,20,0,9.0,True
ETH011,Health Centre,SNNPR,Magnesium Sulphate,2024-09,88.6,0.0,21,0,62.0,False
ETH011,Health Centre,SNNPR,Magnesium Sulphate,2024-10,67.9,0.0,19,0,43.0,False
ETH011,Health Centre,SNNPR,Magnesium Sulphate,2024-12,96.8,0.0,22,0,71.0,False
ETH011,Health Centre,SNNPR,ORS/Zinc,2024-01,114.0,0.0,25,0,95.0,False
ETH011,Health Centre,SNNPR,ORS/Zinc,2024-02,173.6,0.0,14,0,81.0,False
ETH011,Health Centre,SNNPR,ORS/Zinc,2024-03,63.5,0.0,26,0,55.0,False
ETH011,Health Centre,SNNPR,ORS/Zinc,2024-04,48.6,0.0,21,0,34.0,False
ETH011,Health Centre,SNNPR,ORS/Zinc,2024-05,70.3,0.0,29,0,68.0,False
ETH011,Health Centre,SNNPR,ORS/Zinc,2024-06,42.9,0.0,28,0,40.0,False
ETH011,Health Centre,SNNPR,ORS/Zinc,2024-07,18.0,0.0,25,0,15.0,True
ETH011,Health Centre,SNNPR,ORS/Zinc,2024-08,0.0,100.0,15,1,0.0,True
ETH011,Health Centre,SNNPR,ORS/Zinc,2024-09,56.6,0.0,35,0,66.0,False
ETH011,Health Centre,SNNPR,ORS/Zinc,2024-10,69.0,0.0,20,0,46.0,False
ETH011,Health Centre,SNNPR,ORS/Zinc,2024-11,27.5,0.0,24,0,22.0,True
ETH011,Health Centre,SNNPR,ORS/Zinc,2024-12,62.4,0.0,25,0,52.0,False
ETH011,Health Centre,SNNPR,Oxytocin,2024-01,58.9,0.0,27,0,53.0,False
ETH011,Health Centre,SNNPR,Oxytocin,2024-02,28.9,0.0,27,0,26.0,True
ETH011,Health Centre,SNNPR,Oxytocin,2024-03,0.0,100.0,26,1,0.0,True
ETH011,Health Centre,SNNPR,Oxytocin,2024-04,0.0,100.0,0,1,0.0,True
ETH011,Health Centre,SNNPR,Oxytocin,2024-05,82.9,0.0,21,0,58.0,False
ETH011,Health Centre,SNNPR,Oxytocin,2024-06,26.1,0.0,31,0,27.0,True
ETH011,Health Centre,SNNPR,Oxytocin,2024-08,80.6,0.0,16,0,43.0,False
ETH011,Health Centre,SNNPR,Oxytocin,2024-09,21.6,0.0,25,0,18.0,True
ETH011,Health Centre,SNNPR,Oxytocin,2024-10,0.0,100.0,18,1,0.0,True
ETH011,Health Centre,SNNPR,Oxytocin,2024-11,70.0,0.0,24,0,56.0,False
ETH012,Hospital,Amhara,Artemether-Lumefantrine,2024-02,50.3,0.0,99,0,166.0,False
ETH012,Hospital,Amhara,Artemether-Lumefantrine,2024-03,24.1,0.0,92,0,74.0,True
ETH012,Hospital,Amhara,Artemether-Lumefantrine,2024-04,0.4,0.0,73,0,1.0,True
ETH012,Hospital,Amhara,Artemether-Lumefantrine,2024-05,0.0,100.0,1,1,0.0,True
ETH012,Hospital,Amhara,Artemether-Lumefantrine,2024-06,0.0,100.0,0,1,0.0,True
ETH012,Hospital,Amhara,Artemether-Lumefantrine,2024-07,28.1,0.0,142,0,133.0,True
ETH012,Hospital,Amhara,Artemether-Lumefantrine,2024-08,0.0,100.0,133,1,0.0,True
ETH012,Hospital,Amhara,Artemether-Lumefantrine,2024-10,13.0,0.0,88,0,38.0,True
ETH012,Hospital,Amhara,Artemether-Lumefantrine,2024-11,68.2,0.0,92,0,209.0,False
ETH012,Hospital,Amhara,Artemether-Lumefantrine,2024-12,39.7,0.0,90,0,119.0,False
ETH012,Hospital,Amhara,Magnesium Sulphate,2024-01,114.7,0.0,85,0,325.0,False
ETH012,Hospital,Amhara,Magnesium Sulphate,2024-03,64.1,0.0,73,0,156.0,False
ETH012,Hospital,Amhara,Magnesium Sulphate,2024-04,21.4,0.0,91,0,65.0,True
ETH012,Hospital,Amhara,Magnesium Sulphate,2024-06,39.5,0.0,88,0,116.0,False
ETH012,Hospital,Amhara,Magnesium Sulphate,2024-07,4.5,0.0,101,0,15.0,True
ETH012,Hospital,Amhara,Magnesium Sulphate,2024-09,32.9,0.0,82,0,90.0,False
ETH012,Hospital,Amhara,Magnesium Sulphate,2024-10,0.0,100.0,90,1,0.0,True
ETH012,Hospital,Amhara,Magnesium Sulphate,2024-11,74.1,0.0,79,0,195.0,False
ETH012,Hospital,Amhara,ORS/Zinc,2024-01,139.2,0.0,106,0,492.0,False
ETH012,Hospital,Amhara,ORS/Zinc,2024-03,129.5,0.0,76,0,328.0,False
ETH012,Hospital,Amhara,ORS/Zinc,2024-04,72.5,0.0,96,0,232.0,False
ETH012,Hospital,Amhara,ORS/Zinc,2024-05,59.2,0.0,78,0,154.0,False
ETH012,Hospital,Amhara,ORS/Zinc,2024-06,24.4,0.0,85,0,69.0,True
ETH012,Hospital,Amhara,ORS/Zinc,2024-07,0.0,100.0,69,1,0.0,True
ETH012,Hospital,Amhara,ORS/Zinc,2024-08,76.9,0.0,94,0,241.0,False
ETH012,Hospital,Amhara,ORS/Zinc,2024-10,32.7,0.0,79,0,86.0,False
ETH012,Hospital,Amhara,ORS/Zinc,2024-11,0.0,100.0,86,1,0.0,True
ETH012,Hospital,Amhara,ORS/Zinc,2024-12,53.2,0.0,84,0,149.0,False
ETH012,Hospital,Amhara,Oxytocin,2024-01,99.9,0.0,94,0,313.0,False
ETH012,Hospital,Amhara,Oxytocin,2024-03,38.1,0.0,93,0,118.0,False
ETH012,Hospital,Amhara,Oxytocin,2024-04,11.6,0.0,85,0,33.0,True
ETH012,Hospital,Amhara,Oxytocin,2024-06,0.0,100.0,0,1,0.0,True
ETH012,Hospital,Amhara,Oxytocin,2024-07,83.7,0.0,95,0,265.0,False
ETH012,Hospital,Amhara,Oxytocin,2024-08,62.4,0.0,86,0,179.0,False
ETH012,Hospital,Amhara,Oxytocin,2024-10,0.0,100.0,70,1,0.0,True
ETH012,Hospital,Amhara,Oxytocin,2024-11,0.0,100.0,0,1,0.0,True
ETH012,Hospital,Amhara,Oxytocin,2024-12,43.5,0.0,91,0,132.0,False
ETH013,Health Centre,Tigray,Artemether-Lumefantrine,2024-01,108.6,0.0,29,0,105.0,False
ETH013,Health Centre,Tigray,Artemether-Lumefantrine,2024-02,107.0,0.0,23,0,82.0,False
ETH013,Health Centre,Tigray,Artemether-Lumefantrine,2024-03,77.0,0.0,23,0,59.0,False
ETH013,Health Centre,Tigray,Artemether-Lumefantrine,2024-04,23.6,0.0,33,0,26.0,True
ETH013,Health Centre,Tigray,Artemether-Lumefantrine,2024-05,87.8,0.0,27,0,79.0,False
ETH013,Health Centre,Tigray,Artemether-Lumefantrine,2024-06,27.8,0.0,41,0,38.0,True
ETH013,Health Centre,Tigray,Artemether-Lumefantrine,2024-07,0.0,100.0,38,1,0.0,True
ETH013,Health Centre,Tigray,Artemether-Lumefantrine,2024-08,18.8,0.0,40,0,25.0,True
ETH013,Health Centre,Tigray,Artemether-Lumefantrine,2024-09,54.8,0.0,40,0,73.0,False
ETH013,Health Centre,Tigray,Artemether-Lumefantrine,2024-10,45.5,0.0,29,0,44.0,False
ETH013,Health Centre,Tigray,Artemether-Lumefantrine,2024-11,11.2,0.0,32,0,12.0,True
ETH013,Health Centre,Tigray,Artemether-Lumefantrine,2024-12,63.8,0.0,24,0,51.0,False
ETH013,Health Centre,Tigray,Magnesium Sulphate,2024-01,155.5,0.0,22,0,114.0,False
ETH013,Health Centre,Tigray,Magnesium Sulphate,2024-02,171.2,0.0,17,0,97.0,False
ETH013,Health Centre,Tigray,Magnesium Sulphate,2024-04,61.2,0.0,24,0,49.0,False
ETH013,Health Centre,Tigray,Magnesium Sulphate,2024-05,20.7,0.0,29,0,20.0,True
ETH013,Health Centre,Tigray,Magnesium Sulphate,2024-06,62.4,0.0,25,0,52.0,False
ETH013,Health Centre,Tigray,Magnesium Sulphate,2024-07,44.3,0.0,21,0,31.0,False
ETH013,Health Centre,Tigray,Magnesium Sulphate,2024-08,1.0,0.0,30,0,1.0,True
ETH013,Health Centre,Tigray,Magnesium Sulphate,2024-09,81.2,0.0,24,0,65.0,False
ETH013,Health Centre,Tigray,Magnesium Sulphate,2024-10,51.2,0.0,24,0,41.0,False
ETH013,Health Centre,Tigray,Magnesium Sulphate,2024-11,21.2,0.0,24,0,17.0,True
ETH013,Health Centre,Tigray,Magnesium Sulphate,2024-12,0.0,100.0,17,1,0.0,True
ETH013,Health Centre,Tigray,ORS/Zinc,2024-01,63.8,0.0,24,0,51.0,False
ETH013,Health Centre,Tigray,ORS/Zinc,2024-02,55.0,0.0,18,0,33.0,False
ETH013,Health Centre,Tigray,ORS/Zinc,2024-03,19.5,0.0,20,0,13.0,True
ETH013,Health Centre,Tigray,ORS/Zinc,2024-04,64.1,0.0,22,0,47.0,False
ETH013,Health Centre,Tigray,ORS/Zinc,2024-05,48.3,0.0,18,0,29.0,False
ETH013,Health Centre,Tigray,ORS/Zinc,2024-06,4.8,0.0,25,0,4.0,True
ETH013,Health Centre,Tigray,ORS/Zinc,2024-08,56.4,0.0,25,0,47.0,False
ETH013,Health Centre,Tigray,ORS/Zinc,2024-09,87.5,0.0,12,0,35.0,False
ETH013,Health Centre,Tigray,ORS/Zinc,2024-10,100.0,0.0,21,0,70.0,False
ETH013,Health Centre,Tigray,ORS/Zinc,2024-12,28.7,0.0,23,0,22.0,True
ETH013,Health Centre,Tigray,Oxytocin,2024-01,112.5,0.0,24,0,90.0,False
ETH013,Health Centre,Tigray,Oxytocin,2024-02,82.5,0.0,24,0,66.0,False
ETH013,Health Centre,Tigray,Oxytocin,2024-03,64.3,0.0,21,0,45.0,False
ETH013,Health Centre,Tigray,Oxytocin,2024-04,24.0,0.0,25,0,20.0,True
ETH013,Health Centre,Tigray,Oxytocin,2024-06,51.0,0.0,30,0,51.0,False
ETH013,Health Centre,Tigray,Oxytocin,2024-07,36.5,0.0,23,0,28.0,False
ETH013,Health Centre,Tigray,Oxytocin,2024-08,82.8,0.0,25,0,69.0,False
ETH013,Health Centre,Tigray,Oxytocin,2024-09,60.0,0.0,23,0,46.0,False
ETH013,Health Centre,Tigray,Oxytocin,2024-10,11.8,0.0,33,0,13.0,True
ETH013,Health Centre,Tigray,Oxytocin,2024-11,0.0,100.0,13,1,0.0,True
ETH013,Health Centre,Tigray,Oxytocin,2024-12,64.1,0.0,29,0,62.0,False
ETH014,Health Centre,Amhara,Artemether-Lumefantrine,2024-01,152.7,0.0,22,0,112.0,False
ETH014,Health Centre,Amhara,Artemether-Lumefantrine,2024-02,130.0,0.0,21,0,91.0,False
ETH014,Health Centre,Amhara,Artemether-Lumefantrine,2024-03,121.7,0.0,18,0,73.0,False
ETH014,Health Centre,Amhara,Artemether-Lumefantrine,2024-04,85.3,0.0,19,0,54.0,False
ETH014,Health Centre,Amhara,Artemether-Lumefantrine,2024-07,0.0,100.0,34,1,0.0,True
ETH014,Health Centre,Amhara,Artemether-Lumefantrine,2024-08,14.6,0.0,37,0,18.0,True
ETH014,Health Centre,Amhara,Artemether-Lumefantrine,2024-09,0.0,100.0,18,1,0.0,True
ETH014,Health Centre,Amhara,Artemether-Lumefantrine,2024-10,85.6,0.0,27,0,77.0,False
ETH014,Health Centre,Amhara,Artemether-Lumefantrine,2024-11,66.2,0.0,24,0,53.0,False
ETH014,Health Centre,Amhara,Artemether-Lumefantrine,2024-12,23.0,0.0,30,0,23.0,True
ETH014,Health Centre,Amhara,Magnesium Sulphate,2024-01,72.2,0.0,27,0,65.0,False
ETH014,Health Centre,Amhara,Magnesium Sulphate,2024-02,30.9,0.0,32,0,33.0,False
ETH014,Health Centre,Amhara,Magnesium Sulphate,2024-03,62.2,0.0,27,0,56.0,False
ETH014,Health Centre,Amhara,Magnesium Sulphate,2024-04,58.4,0.0,19,0,37.0,False
ETH014,Health Centre,Amhara,Magnesium Sulphate,2024-05,25.5,0.0,20,0,17.0,True
ETH014,Health Centre,Amhara,Magnesium Sulphate,2024-06,94.7,0.0,19,0,60.0,False
ETH014,Health Centre,Amhara,Magnesium Sulphate,2024-07,48.3,0.0,23,0,37.0,False
ETH014,Health Centre,Amhara,Magnesium Sulphate,2024-08,53.6,0.0,33,0,59.0,False
ETH014,Health Centre,Amhara,Magnesium Sulphate,2024-10,9.3,0.0,29,0,9.0,True
ETH014,Health Centre,Amhara,Magnesium Sulphate,2024-12,114.4,0.0,16,0,61.0,False
ETH014,Health Centre,Amhara,ORS/Zinc,2024-01,128.1,0.0,26,0,111.0,False
ETH014,Health Centre,Amhara,ORS/Zinc,2024-02,81.0,0.0,30,0,81.0,False
ETH014,Health Centre,Amhara,ORS/Zinc,2024-03,48.4,0.0,31,0,50.0,False
ETH014,Health Centre,Amhara,ORS/Zinc,2024-04,48.9,0.0,19,0,31.0,False
ETH014,Health Centre,Amhara,ORS/Zinc,2024-07,22.5,0.0,28,0,21.0,True
ETH014,Health Centre,Amhara,ORS/Zinc,2024-08,99.5,0.0,19,0,63.0,False
ETH014,Health Centre,Amhara,ORS/Zinc,2024-09,60.0,0.0,21,0,42.0,False
ETH014,Health Centre,Amhara,ORS/Zinc,2024-10,24.8,0.0,23,0,19.0,True
ETH014,Health Centre,Amhara,ORS/Zinc,2024-11,0.0,100.0,19,1,0.0,True
ETH014,Health Centre,Amhara,ORS/Zinc,2024-12,0.0,100.0,0,1,0.0,True
ETH014,Health Centre,Amhara,Oxytocin,2024-01,105.0,0.0,18,0,63.0,False
ETH014,Health Centre,Amhara,Oxytocin,2024-02,60.0,0.0,21,0,42.0,False
ETH014,Health Centre,Amhara,Oxytocin,2024-03,33.0,0.0,20,0,22.0,False
ETH014,Health Centre,Amhara,Oxytocin,2024-04,0.0,100.0,22,1,0.0,True
ETH014,Health Centre,Amhara,Oxytocin,2024-05,112.5,0.0,24,0,90.0,False
ETH014,Health Centre,Amhara,Oxytocin,2024-06,63.1,0.0,29,0,61.0,False
ETH014,Health Centre,Amhara,Oxytocin,2024-07,84.4,0.0,16,0,45.0,False
ETH014,Health Centre,Amhara,Oxytocin,2024-08,8.6,0.0,35,0,10.0,True
ETH014,Health Centre,Amhara,Oxytocin,2024-09,35.5,0.0,33,0,39.0,False
ETH014,Health Centre,Amhara,Oxytocin,2024-10,31.6,0.0,19,0,20.0,False
ETH014,Health Centre,Amhara,Oxytocin,2024-11,73.2,0.0,25,0,61.0,False
ETH014,Health Centre,Amhara,Oxytocin,2024-12,71.7,0.0,18,0,43.0,False
ETH015,Health Post,SNNPR,Artemether-Lumefantrine,2024-01,157.5,0.0,4,0,21.0,False
ETH015,Health Post,SNNPR,Artemether-Lumefantrine,2024-02,96.0,0.0,5,0,16.0,False
ETH015,Health Post,SNNPR,Artemether-Lumefantrine,2024-03,10.0,0.0,12,0,4.0,True
ETH015,Health Post,SNNPR,Artemether-Lumefantrine,2024-04,60.0,0.0,7,0,14.0,False
ETH015,Health Post,SNNPR,Artemether-Lumefantrine,2024-05,5.0,0.0,12,0,2.0,True
ETH015,Health Post,SNNPR,Artemether-Lumefantrine,2024-06,30.0,0.0,9,0,9.0,False
ETH015,Health Post,SNNPR,Artemether-Lumefantrine,2024-07,48.0,0.0,10,0,16.0,False
ETH015,Health Post,SNNPR,Artemether-Lumefantrine,2024-08,10.0,0.0,12,0,4.0,True
ETH015,Health Post,SNNPR,Artemether-Lumefantrine,2024-09,1.8,0.0,17,0,1.0,True
ETH015,Health Post,SNNPR,Artemether-Lumefantrine,2024-10,102.0,0.0,5,0,17.0,False
ETH015,Health Post,SNNPR,Artemether-Lumefantrine,2024-11,55.0,0.0,6,0,11.0,False
ETH015,Health Post,SNNPR,Artemether-Lumefantrine,2024-12,80.0,0.0,3,0,8.0,False
ETH015,Health Post,SNNPR,Magnesium Sulphate,2024-01,180.0,0.0,2,0,17.0,False
ETH015,Health Post,SNNPR,Magnesium Sulphate,2024-02,97.5,0.0,4,0,13.0,False
ETH015,Health Post,SNNPR,Magnesium Sulphate,2024-03,100.0,0.0,3,0,10.0,False
ETH015,Health Post,SNNPR,Magnesium Sulphate,2024-04,0.0,100.0,10,1,0.0,True
ETH015,Health Post,SNNPR,Magnesium Sulphate,2024-05,180.0,0.0,2,0,20.0,False
ETH015,Health Post,SNNPR,Magnesium Sulphate,2024-06,70.0,0.0,6,0,14.0,False
ETH015,Health Post,SNNPR,Magnesium Sulphate,2024-07,75.0,0.0,4,0,10.0,False
ETH015,Health Post,SNNPR,Magnesium Sulphate,2024-08,30.0,0.0,5,0,5.0,False
ETH015,Health Post,SNNPR,Magnesium Sulphate,2024-10,60.0,0.0,5,0,10.0,False
ETH015,Health Post,SNNPR,Magnesium Sulphate,2024-11,30.0,0.0,5,0,5.0,False
ETH015,Health Post,SNNPR,Magnesium Sulphate,2024-12,0.0,100.0,5,1,0.0,True
ETH015,Health Post,SNNPR,ORS/Zinc,2024-01,22.5,0.0,12,0,9.0,True
ETH015,Health Post,SNNPR,ORS/Zinc,2024-02,64.3,0.0,7,0,15.0,False
ETH015,Health Post,SNNPR,ORS/Zinc,2024-03,45.0,0.0,6,0,9.0,False
ETH015,Health Post,SNNPR,ORS/Zinc,2024-04,180.0,0.0,3,0,19.0,False
ETH015,Health Post,SNNPR,ORS/Zinc,2024-05,112.5,0.0,4,0,15.0,False
ETH015,Health Post,SNNPR,ORS/Zinc,2024-06,20.0,0.0,9,0,6.0,True
ETH015,Health Post,SNNPR,ORS/Zinc,2024-07,15.0,0.0,4,0,2.0,True
ETH015,Health Post,SNNPR,ORS/Zinc,2024-09,165.0,0.0,2,0,11.0,False
ETH015,Health Post,SNNPR,ORS/Zinc,2024-10,36.0,0.0,5,0,6.0,False
ETH015,Health Post,SNNPR,ORS/Zinc,2024-12,0.0,100.0,0,1,0.0,True
ETH015,Health Post,SNNPR,Oxytocin,2024-02,51.4,0.0,7,0,12.0,False
ETH015,Health Post,SNNPR,Oxytocin,2024-03,150.0,0.0,2,0,10.0,False
ETH015,Health Post,SNNPR,Oxytocin,2024-04,12.9,0.0,7,0,3.0,True
ETH015,Health Post,SNNPR,Oxytocin,2024-05,60.0,0.0,7,0,14.0,False
ETH015,Health Post,SNNPR,Oxytocin,2024-06,22.5,0.0,8,0,6.0,True
ETH015,Health Post,SNNPR,Oxytocin,2024-07,24.0,0.0,10,0,8.0,True
ETH015,Health Post,SNNPR,Oxytocin,2024-09,37.5,0.0,8,0,10.0,False
ETH015,Health Post,SNNPR,Oxytocin,2024-10,45.0,0.0,4,0,6.0,False
ETH015,Health Post,SNNPR,Oxytocin,2024-11,37.5,0.0,8,0,10.0,False
ETH015,Health Post,SNNPR,Oxytocin,2024-12,12.9,0.0,7,0,3.0,True
ETH016,Health Centre,Amhara,Artemether-Lumefantrine,2024-01,155.0,0.0,24,0,124.0,False
ETH016,Health Centre,Amhara,Artemether-Lumefantrine,2024-02,176.7,0.0,18,0,106.0,False
ETH016,Health Centre,Amhara,Artemether-Lumefantrine,2024-03,72.6,0.0,31,0,75.0,False
ETH016,Health Centre,Amhara,Artemether-Lumefantrine,2024-04,77.1,0.0,21,0,54.0,False
ETH016,Health Centre,Amhara,Artemether-Lumefantrine,2024-05,47.1,0.0,21,0,33.0,False
ETH016,Health Centre,Amhara,Artemether-Lumefantrine,2024-06,54.2,0.0,36,0,65.0,False
ETH016,Health Centre,Amhara,Artemether-Lumefantrine,2024-07,25.7,0.0,35,0,30.0,True
ETH016,Health Centre,Amhara,Artemether-Lumefantrine,2024-08,30.0,0.0,41,0,41.0,False
ETH016,Health Centre,Amhara,Artemether-Lumefantrine,2024-09,5.1,0.0,35,0,6.0,True
ETH016,Health Centre,Amhara,Artemether-Lumefantrine,2024-10,84.5,0.0,22,0,62.0,False
ETH016,Health Centre,Amhara,Artemether-Lumefantrine,2024-11,73.3,0.0,18,0,44.0,False
ETH016,Health Centre,Amhara,Artemether-Lumefantrine,2024-12,25.0,0.0,24,0,20.0,True
ETH016,Health Centre,Amhara,Magnesium Sulphate,2024-01,77.1,0.0,21,0,54.0,False
ETH016,Health Centre,Amhara,Magnesium Sulphate,2024-02,51.0,0.0,20,0,34.0,False
ETH016,Health Centre,Amhara,Magnesium Sulphate,2024-03,16.4,0.0,22,0,12.0,True
ETH016,Health Centre,Amhara,Magnesium Sulphate,2024-04,35.2,0.0,29,0,34.0,False
ETH016,Health Centre,Amhara,Magnesium Sulphate,2024-05,30.0,0.0,17,0,17.0,False
ETH016,Health Centre,Amhara,Magnesium Sulphate,2024-07,25.4,0.0,26,0,22.0,True
ETH016,Health Centre,Amhara,Magnesium Sulphate,2024-08,0.0,100.0,22,1,0.0,True
ETH016,Health Centre,Amhara,Magnesium Sulphate,2024-09,20.0,0.0,39,0,26.0,True
ETH016,Health Centre,Amhara,Magnesium Sulphate,2024-10,9.0,0.0,20,0,6.0,True
ETH016,Health Centre,Amhara,Magnesium Sulphate,2024-11,0.0,100.0,6,1,0.0,True
ETH016,Health Centre,Amhara,Magnesium Sulphate,2024-12,91.3,0.0,23,0,70.0,False
ETH016,Health Centre,Amhara,ORS/Zinc,2024-01,100.9,0.0,22,0,74.0,False
ETH016,Health Centre,Amhara,ORS/Zinc,2024-02,55.4,0.0,26,0,48.0,False
ETH016,Health Centre,Amhara,ORS/Zinc,2024-03,27.6,0.0,25,0,23.0,True
ETH016,Health Centre,Amhara,ORS/Zinc,2024-04,68.8,0.0,34,0,78.0,False
ETH016,Health Centre,Amhara,ORS/Zinc,2024-06,19.7,0.0,29,0,19.0,True
ETH016,Health Centre,Amhara,ORS/Zinc,2024-07,0.0,100.0,19,1,0.0,True
ETH016,Health Centre,Amhara,ORS/Zinc,2024-09,57.7,0.0,26,0,50.0,False
ETH016,Health Centre,Amhara,ORS/Zinc,2024-10,41.4,0.0,21,0,29.0,False
ETH016,Health Centre,Amhara,ORS/Zinc,2024-11,120.0,0.0,17,0,68.0,False
ETH016,Health Centre,Amhara,ORS/Zinc,2024-12,83.3,0.0,18,0,50.0,False
ETH016,Health Centre,Amhara,Oxytocin,2024-01,120.0,0.0,18,0,72.0,False
ETH016,Health Centre,Amhara,Oxytocin,2024-03,30.0,0.0,21,0,21.0,False
ETH016,Health Centre,Amhara,Oxytocin,2024-04,75.0,0.0,24,0,60.0,False
ETH016,Health Centre,Amhara,Oxytocin,2024-05,64.7,0.0,19,0,41.0,False
ETH016,Health Centre,Amhara,Oxytocin,2024-06,11.0,0.0,30,0,11.0,True
ETH016,Health Centre,Amhara,Oxytocin,2024-08,50.0,0.0,15,0,25.0,False
ETH016,Health Centre,Amhara,Oxytocin,2024-09,83.8,0.0,24,0,67.0,False
ETH016,Health Centre,Amhara,Oxytocin,2024-10,61.4,0.0,22,0,45.0,False
ETH016,Health Centre,Amhara,Oxytocin,2024-11,24.0,0.0,25,0,20.0,True
ETH017,Health Post,Tigray,Artemether-Lumefantrine,2024-01,140.0,0.0,6,0,28.0,False
ETH017,Health Post,Tigray,Artemether-Lumefantrine,2024-02,63.3,0.0,9,0,19.0,False
ETH017,Health Post,Tigray,Artemether-Lumefantrine,2024-04,25.7,0.0,7,0,6.0,True
ETH017,Health Post,Tigray,Artemether-Lumefantrine,2024-05,0.0,100.0,6,1,0.0,True
ETH017,Health Post,Tigray,Artemether-Lumefantrine,2024-06,0.0,100.0,0,1,0.0,True
ETH017,Health Post,Tigray,Artemether-Lumefantrine,2024-07,0.0,100.0,0,1,0.0,True
ETH017,Health Post,Tigray,Artemether-Lumefantrine,2024-08,42.0,0.0,10,0,14.0,False
ETH017,Health Post,Tigray,Artemether-Lumefantrine,2024-09,12.0,0.0,10,0,4.0,True
ETH017,Health Post,Tigray,Artemether-Lumefantrine,2024-10,0.0,100.0,4,1,0.0,True
ETH017,Health Post,Tigray,Artemether-Lumefantrine,2024-11,35.0,0.0,6,0,7.0,False
ETH017,Health Post,Tigray,Artemether-Lumefantrine,2024-12,115.0,0.0,6,0,23.0,False
ETH017,Health Post,Tigray,Magnesium Sulphate,2024-01,68.2,0.0,11,0,25.0,False
ETH017,Health Post,Tigray,Magnesium Sulphate,2024-02,63.8,0.0,8,0,17.0,False
ETH017,Health Post,Tigray,Magnesium Sulphate,2024-03,26.7,0.0,9,0,8.0,True
ETH017,Health Post,Tigray,Magnesium Sulphate,2024-04,10.0,0.0,6,0,2.0,True
ETH017,Health Post,Tigray,Magnesium Sulphate,2024-05,0.0,100.0,2,1,0.0,True
ETH017,Health Post,Tigray,Magnesium Sulphate,2024-06,0.0,100.0,0,1,0.0,True
ETH017,Health Post,Tigray,Magnesium Sulphate,2024-07,180.0,0.0,4,0,24.0,False
ETH017,Health Post,Tigray,Magnesium Sulphate,2024-08,72.9,0.0,7,0,17.0,False
ETH017,Health Post,Tigray,Magnesium Sulphate,2024-09,42.9,0.0,7,0,10.0,False
ETH017,Health Post,Tigray,Magnesium Sulphate,2024-10,20.0,0.0,6,0,4.0,True
ETH017,Health Post,Tigray,Magnesium Sulphate,2024-11,41.2,0.0,8,0,11.0,False
ETH017,Health Post,Tigray,Magnesium Sulphate,2024-12,36.0,0.0,5,0,6.0,False
ETH017,Health Post,Tigray,ORS/Zinc,2024-02,10.9,0.0,11,0,4.0,True
ETH017,Health Post,Tigray,ORS/Zinc,2024-03,0.0,100.0,4,1,0.0,True
ETH017,Health Post,Tigray,ORS/Zinc,2024-04,45.0,0.0,8,0,12.0,False
ETH017,Health Post,Tigray,ORS/Zinc,2024-05,42.0,0.0,5,0,7.0,False
ETH017,Health Post,Tigray,ORS/Zinc,2024-06,90.0,0.0,6,0,18.0,False
ETH017,Health Post,Tigray,ORS/Zinc,2024-07,78.0,0.0,5,0,13.0,False
ETH017,Health Post,Tigray,ORS/Zinc,2024-08,67.5,0.0,4,0,9.0,False
ETH017,Health Post,Tigray,ORS/Zinc,2024-09,65.0,0.0,6,0,13.0,False
ETH017,Health Post,Tigray,ORS/Zinc,2024-10,35.0,0.0,6,0,7.0,False
ETH017,Health Post,Tigray,Oxytocin,2024-01,135.0,0.0,6,0,27.0,False
ETH017,Health Post,Tigray,Oxytocin,2024-02,132.0,0.0,5,0,22.0,False
ETH017,Health Post,Tigray,Oxytocin,2024-03,135.0,0.0,4,0,18.0,False
ETH017,Health Post,Tigray,Oxytocin,2024-04,60.0,0.0,6,0,12.0,False
ETH017,Health Post,Tigray,Oxytocin,2024-06,51.0,0.0,10,0,17.0,False
ETH017,Health Post,Tigray,Oxytocin,2024-07,72.0,0.0,5,0,12.0,False
ETH017,Health Post,Tigray,Oxytocin,2024-08,180.0,0.0,1,0,11.0,False
ETH017,Health Post,Tigray,Oxytocin,2024-09,25.0,0.0,6,0,5.0,True
ETH017,Health Post,Tigray,Oxytocin,2024-10,120.0,0.0,1,0,4.0,False
ETH017,Health Post,Tigray,Oxytocin,2024-11,90.0,0.0,5,0,15.0,False
ETH017,Health Post,Tigray,Oxytocin,2024-12,82.5,0.0,4,0,11.0,False
ETH018,Health Centre,Tigray,Artemether-Lumefantrine,2024-01,94.6,0.0,26,0,82.0,False
ETH018,Health Centre,Tigray,Artemether-Lumefantrine,2024-03,110.8,0.0,13,0,48.0,False
ETH018,Health Centre,Tigray,Artemether-Lumefantrine,2024-04,21.4,0.0,28,0,20.0,True
ETH018,Health Centre,Tigray,Artemether-Lumefantrine,2024-05,0.0,100.0,20,1,0.0,True
ETH018,Health Centre,Tigray,Artemether-Lumefantrine,2024-06,32.6,0.0,35,0,38.0,False
ETH018,Health Centre,Tigray,Artemether-Lumefantrine,2024-07,5.6,0.0,32,0,6.0,True
ETH018,Health Centre,Tigray,Artemether-Lumefantrine,2024-08,0.0,100.0,6,1,0.0,True
ETH018,Health Centre,Tigray,Artemether-Lumefantrine,2024-09,29.3,0.0,46,0,45.0,True
ETH018,Health Centre,Tigray,Artemether-Lumefantrine,2024-10,31.4,0.0,22,0,23.0,False
ETH018,Health Centre,Tigray,Artemether-Lumefantrine,2024-11,97.5,0.0,20,0,65.0,False
ETH018,Health Centre,Tigray,Artemether-Lumefantrine,2024-12,58.6,0.0,22,0,43.0,False
ETH018,Health Centre,Tigray,Magnesium Sulphate,2024-02,60.0,0.0,33,0,66.0,False
ETH018,Health Centre,Tigray,Magnesium Sulphate,2024-03,56.1,0.0,23,0,43.0,False
ETH018,Health Centre,Tigray,Magnesium Sulphate,2024-04,26.1,0.0,23,0,20.0,True
ETH018,Health Centre,Tigray,Magnesium Sulphate,2024-05,67.8,0.0,27,0,61.0,False
ETH018,Health Centre,Tigray,Magnesium Sulphate,2024-06,31.0,0.0,30,0,31.0,False
ETH018,Health Centre,Tigray,Magnesium Sulphate,2024-07,69.1,0.0,23,0,53.0,False
ETH018,Health Centre,Tigray,Magnesium Sulphate,2024-08,36.2,0.0,24,0,29.0,False
ETH018,Health Centre,Tigray,Magnesium Sulphate,2024-09,4.8,0.0,25,0,4.0,True
ETH018,Health Centre,Tigray,Magnesium Sulphate,2024-11,91.3,0.0,23,0,70.0,False
ETH018,Health Centre,Tigray,Magnesium Sulphate,2024-12,80.5,0.0,19,0,51.0,False
ETH018,Health Centre,Tigray,ORS/Zinc,2024-01,73.0,0.0,30,0,73.0,False
ETH018,Health Centre,Tigray,ORS/Zinc,2024-02,65.2,0.0,23,0,50.0,False
ETH018,Health Centre,Tigray,ORS/Zinc,2024-03,45.0,0.0,20,0,30.0,False
ETH018,Health Centre,Tigray,ORS/Zinc,2024-04,12.9,0.0,21,0,9.0,True
ETH018,Health Centre,Tigray,ORS/Zinc,2024-05,0.0,100.0,9,1,0.0,True
ETH018,Health Centre,Tigray,ORS/Zinc,2024-06,123.0,0.0,20,0,82.0,False
ETH018,Health Centre,Tigray,ORS/Zinc,2024-07,81.8,0.0,22,0,60.0,False
ETH018,Health Centre,Tigray,ORS/Zinc,2024-09,14.3,0.0,23,0,11.0,True
ETH018,Health Centre,Tigray,ORS/Zinc,2024-10,98.8,0.0,24,0,79.0,False
ETH018,Health Centre,Tigray,ORS/Zinc,2024-11,94.7,0.0,19,0,60.0,False
ETH018,Health Centre,Tigray,ORS/Zinc,2024-12,45.0,0.0,24,0,36.0,False
ETH018,Health Centre,Tigray,Oxytocin,2024-01,69.5,0.0,22,0,51.0,False
ETH018,Health Centre,Tigray,Oxytocin,2024-02,19.4,0.0,31,0,20.0,True
ETH018,Health Centre,Tigray,Oxytocin,2024-03,84.3,0.0,21,0,59.0,False
ETH018,Health Centre,Tigray,Oxytocin,2024-04,33.2,0.0,28,0,31.0,False
ETH018,Health Centre,Tigray,Oxytocin,2024-05,64.6,0.0,26,0,56.0,False
ETH018,Health Centre,Tigray,Oxytocin,2024-06,27.9,0.0,29,0,27.0,True
ETH018,Health Centre,Tigray,Oxytocin,2024-07,80.4,0.0,28,0,75.0,False
ETH018,Health Centre,Tigray,Oxytocin,2024-08,82.5,0.0,20,0,55.0,False
ETH018,Health Centre,Tigray,Oxytocin,2024-09,52.5,0.0,20,0,35.0,False
ETH018,Health Centre,Tigray,Oxytocin,2024-12,18.5,0.0,26,0,16.0,True
ETH019,Health Post,SNNPR,Artemether-Lumefantrine,2024-01,80.0,0.0,6,0,16.0,False
ETH019,Health Post,SNNPR,Artemether-Lumefantrine,2024-02,66.0,0.0,5,0,11.0,False
ETH019,Health Post,SNNPR,Artemether-Lumefantrine,2024-03,25.0,0.0,6,0,5.0,True
ETH019,Health Post,SNNPR,Artemether-Lumefantrine,2024-04,67.5,0.0,8,0,18.0,False
ETH019,Health Post,SNNPR,Artemether-Lumefantrine,2024-05,37.5,0.0,8,0,10.0,False
ETH019,Health Post,SNNPR,Artemether-Lumefantrine,2024-06,0.0,100.0,10,1,0.0,True
ETH019,Health Post,SNNPR,Artemether-Lumefantrine,2024-07,0.0,100.0,0,1,0.0,True
ETH019,Health Post,SNNPR,Artemether-Lumefantrine,2024-08,38.6,0.0,7,0,9.0,False
ETH019,Health Post,SNNPR,Artemether-Lumefantrine,2024-09,80.0,0.0,6,0,16.0,False
ETH019,Health Post,SNNPR,Artemether-Lumefantrine,2024-10,180.0,0.0,2,0,14.0,False
ETH019,Health Post,SNNPR,Artemether-Lumefantrine,2024-11,12.0,0.0,10,0,4.0,True
ETH019,Health Post,SNNPR,Magnesium Sulphate,2024-02,180.0,0.0,4,0,27.0,False
ETH019,Health Post,SNNPR,Magnesium Sulphate,2024-03,132.0,0.0,5,0,22.0,False
ETH019,Health Post,SNNPR,Magnesium Sulphate,2024-04,135.0,0.0,4,0,18.0,False
ETH019,Health Post,SNNPR,Magnesium Sulphate,2024-05,180.0,0.0,2,0,16.0,False
ETH019,Health Post,SNNPR,Magnesium Sulphate,2024-06,30.0,0.0,8,0,8.0,False
ETH019,Health Post,SNNPR,Magnesium Sulphate,2024-07,30.0,0.0,4,0,4.0,False
ETH019,Health Post,SNNPR,Magnesium Sulphate,2024-08,51.4,0.0,7,0,12.0,False
ETH019,Health Post,SNNPR,Magnesium Sulphate,2024-09,42.0,0.0,5,0,7.0,False
ETH019,Health Post,SNNPR,Magnesium Sulphate,2024-10,0.0,100.0,7,1,0.0,True
ETH019,Health Post,SNNPR,Magnesium Sulphate,2024-11,85.7,0.0,7,0,20.0,False
ETH019,Health Post,SNNPR,ORS/Zinc,2024-01,180.0,0.0,2,0,34.0,False
ETH019,Health Post,SNNPR,ORS/Zinc,2024-02,115.7,0.0,7,0,27.0,False
ETH019,Health Post,SNNPR,ORS/Zinc,2024-03,132.0,0.0,5,0,22.0,False
ETH019,Health Post,SNNPR,ORS/Zinc,2024-04,80.0,0.0,6,0,16.0,False
ETH019,Health Post,SNNPR,ORS/Zinc,2024-05,23.3,0.0,9,0,7.0,True
ETH019,Health Post,SNNPR,ORS/Zinc,2024-06,0.0,100.0,7,1,0.0,True
ETH019,Health Post,SNNPR,ORS/Zinc,2024-07,60.0,0.0,5,0,10.0,False
ETH019,Health Post,SNNPR,ORS/Zinc,2024-08,7.5,0.0,8,0,2.0,True
ETH019,Health Post,SNNPR,ORS/Zinc,2024-09,0.0,100.0,2,1,0.0,True
ETH019,Health Post,SNNPR,ORS/Zinc,2024-10,144.0,0.0,5,0,24.0,False
ETH019,Health Post,SNNPR,ORS/Zinc,2024-11,150.0,0.0,4,0,20.0,False
ETH019,Health Post,SNNPR,ORS/Zinc,2024-12,170.0,0.0,3,0,17.0,False
ETH019,Health Post,SNNPR,Oxytocin,2024-01,180.0,0.0,2,0,22.0,False
ETH019,Health Post,SNNPR,Oxytocin,2024-03,80.0,0.0,3,0,8.0,False
ETH019,Health Post,SNNPR,Oxytocin,2024-04,63.8,0.0,8,0,17.0,False
ETH019,Health Post,SNNPR,Oxytocin,2024-05,72.0,0.0,5,0,12.0,False
ETH019,Health Post,SNNPR,Oxytocin,2024-06,180.0,0.0,1,0,11.0,False
ETH019,Health Post,SNNPR,Oxytocin,2024-08,30.0,0.0,10,0,10.0,False
ETH019,Health Post,SNNPR,Oxytocin,2024-10,30.0,0.0,3,0,3.0,False
ETH019,Health Post,SNNPR,Oxytocin,2024-11,112.5,0.0,4,0,15.0,False
ETH019,Health Post,SNNPR,Oxytocin,2024-12,120.0,0.0,3,0,12.0,False
ETH020,Health Post,SNNPR,Artemether-Lumefantrine,2024-01,180.0,0.0,3,0,18.0,False
ETH020,Health Post,SNNPR,Artemether-Lumefantrine,2024-02,24.0,0.0,10,0,8.0,True
ETH020,Health Post,SNNPR,Artemether-Lumefantrine,2024-03,0.0,100.0,8,1,0.0,True
ETH020,Health Post,SNNPR,Artemether-Lumefantrine,2024-04,25.7,0.0,7,0,6.0,True
ETH020,Health Post,SNNPR,Artemether-Lumefantrine,2024-05,75.0,0.0,8,0,20.0,False
ETH020,Health Post,SNNPR,Artemether-Lumefantrine,2024-06,36.7,0.0,9,0,11.0,False
ETH020,Health Post,SNNPR,Artemether-Lumefantrine,2024-08,35.5,0.0,11,0,13.0,False
ETH020,Health Post,SNNPR,Artemether-Lumefantrine,2024-09,25.7,0.0,7,0,6.0,True
ETH020,Health Post,SNNPR,Artemether-Lumefantrine,2024-10,90.0,0.0,6,0,18.0,False
ETH020,Health Post,SNNPR,Artemether-Lumefantrine,2024-11,105.0,0.0,4,0,14.0,False
ETH020,Health Post,SNNPR,Magnesium Sulphate,2024-01,84.0,0.0,5,0,14.0,False
ETH020,Health Post,SNNPR,Magnesium Sulphate,2024-02,110.0,0.0,3,0,11.0,False
ETH020,Health Post,SNNPR,Magnesium Sulphate,2024-03,80.0,0.0,3,0,8.0,False
ETH020,Health Post,SNNPR,Magnesium Sulphate,2024-04,4.3,0.0,7,0,1.0,True
ETH020,Health Post,SNNPR,Magnesium Sulphate,2024-05,84.0,0.0,5,0,14.0,False
ETH020,Health Post,SNNPR,Magnesium Sulphate,2024-06,40.0,0.0,6,0,8.0,False
ETH020,Health Post,SNNPR,Magnesium Sulphate,2024-07,48.8,0.0,8,0,13.0,False
ETH020,Health Post,SNNPR,Magnesium Sulphate,2024-08,165.0,0.0,2,0,11.0,False
ETH020,Health Post,SNNPR,Magnesium Sulphate,2024-10,180.0,0.0,3,0,22.0,False
ETH020,Health Post,SNNPR,Magnesium Sulphate,2024-12,26.2,0.0,8,0,7.0,True
ETH020,Health Post,SNNPR,ORS/Zinc,2024-01,90.0,0.0,6,0,18.0,False
ETH020,Health Post,SNNPR,ORS/Zinc,2024-02,105.0,0.0,4,0,14.0,False
ETH020,Health Post,SNNPR,ORS/Zinc,2024-03,40.0,0.0,6,0,8.0,False
ETH020,Health Post,SNNPR,ORS/Zinc,2024-04,75.0,0.0,8,0,20.0,False
ETH020,Health Post,SNNPR,ORS/Zinc,2024-05,180.0,0.0,2,0,18.0,False
ETH020,Health Post,SNNPR,ORS/Zinc,2024-06,37.5,0.0,8,0,10.0,False
ETH020,Health Post,SNNPR,ORS/Zinc,2024-07,45.0,0.0,4,0,6.0,False
ETH020,Health Post,SNNPR,ORS/Zinc,2024-08,72.9,0.0,7,0,17.0,False
ETH020,Health Post,SNNPR,ORS/Zinc,2024-10,2.7,0.0,11,0,1.0,True
ETH020,Health Post,SNNPR,ORS/Zinc,2024-11,72.9,0.0,7,0,17.0,False
ETH020,Health Post,SNNPR,ORS/Zinc,2024-12,55.0,0.0,6,0,11.0,False
ETH020,Health Post,SNNPR,Oxytocin,2024-01,85.0,0.0,6,0,17.0,False
ETH020,Health Post,SNNPR,Oxytocin,2024-02,97.5,0.0,4,0,13.0,False
ETH020,Health Post,SNNPR,Oxytocin,2024-03,67.5,0.0,4,0,9.0,False
ETH020,Health Post,SNNPR,Oxytocin,2024-04,40.0,0.0,12,0,16.0,False
ETH020,Health Post,SNNPR,Oxytocin,2024-05,130.0,0.0,3,0,13.0,False
ETH020,Health Post,SNNPR,Oxytocin,2024-06,35.0,0.0,6,0,7.0,False
ETH020,Health Post,SNNPR,Oxytocin,2024-07,180.0,0.0,4,0,24.0,False
ETH020,Health Post,SNNPR,Oxytocin,2024-08,72.9,0.0,7,0,17.0,False
ETH020,Health Post,SNNPR,Oxytocin,2024-09,140.0,0.0,3,0,14.0,False
ETH020,Health Post,SNNPR,Oxytocin,2024-10,54.0,0.0,5,0,9.0,False
ETH020,Health Post,SNNPR,Oxytocin,2024-11,37.5,0.0,4,0,5.0,False
ETH020,Health Post,SNNPR,Oxytocin,2024-12,66.0,0.0,5,0,11.0,False
ETH021,Health Centre,Oromia,Artemether-Lumefantrine,2024-01,104.0,0.0,15,0,52.0,False
ETH021,Health Centre,Oromia,Artemether-Lumefantrine,2024-02,40.9,0.0,22,0,30.0,False
ETH021,Health Centre,Oromia,Artemether-Lumefantrine,2024-03,17.4,0.0,19,0,11.0,True
ETH021,Health Centre,Oromia,Artemether-Lumefantrine,2024-04,79.6,0.0,23,0,61.0,False
ETH021,Health Centre,Oromia,Artemether-Lumefantrine,2024-05,77.6,0.0,17,0,44.0,False
ETH021,Health Centre,Oromia,Artemether-Lumefantrine,2024-06,20.8,0.0,26,0,18.0,True
ETH021,Health Centre,Oromia,Artemether-Lumefantrine,2024-07,73.2,0.0,34,0,83.0,False
ETH021,Health Centre,Oromia,Artemether-Lumefantrine,2024-08,45.5,0.0,33,0,50.0,False
ETH021,Health Centre,Oromia,Artemether-Lumefantrine,2024-10,2.5,0.0,24,0,2.0,True
ETH021,Health Centre,Oromia,Artemether-Lumefantrine,2024-11,110.0,0.0,21,0,77.0,False
ETH021,Health Centre,Oromia,Artemether-Lumefantrine,2024-12,91.6,0.0,19,0,58.0,False
ETH021,Health Centre,Oromia,Magnesium Sulphate,2024-02,102.7,0.0,26,0,89.0,False
ETH021,Health Centre,Oromia,Magnesium Sulphate,2024-03,65.4,0.0,28,0,61.0,False
ETH021,Health Centre,Oromia,Magnesium Sulphate,2024-04,37.8,0.0,27,0,34.0,False
ETH021,Health Centre,Oromia,Magnesium Sulphate,2024-05,55.0,0.0,12,0,22.0,False
ETH021,Health Centre,Oromia,Magnesium Sulphate,2024-06,62.2,0.0,27,0,56.0,False
ETH021,Health Centre,Oromia,Magnesium Sulphate,2024-07,37.2,0.0,25,0,31.0,False
ETH021,Health Centre,Oromia,Magnesium Sulphate,2024-08,103.0,0.0,23,0,79.0,False
ETH021,Health Centre,Oromia,Magnesium Sulphate,2024-09,57.8,0.0,27,0,52.0,False
ETH021,Health Centre,Oromia,Magnesium Sulphate,2024-10,37.8,0.0,23,0,29.0,False
ETH021,Health Centre,Oromia,Magnesium Sulphate,2024-11,93.3,0.0,27,0,84.0,False
ETH021,Health Centre,Oromia,Magnesium Sulphate,2024-12,66.9,0.0,26,0,58.0,False
ETH021,Health Centre,Oromia,ORS/Zinc,2024-02,85.5,0.0,20,0,57.0,False
ETH021,Health Centre,Oromia,ORS/Zinc,2024-04,57.3,0.0,11,0,21.0,False
ETH021,Health Centre,Oromia,ORS/Zinc,2024-05,113.5,0.0,23,0,87.0,False
ETH021,Health Centre,Oromia,ORS/Zinc,2024-06,94.3,0.0,21,0,66.0,False
ETH021,Health Centre,Oromia,ORS/Zinc,2024-07,69.0,0.0,20,0,46.0,False
ETH021,Health Centre,Oromia,ORS/Zinc,2024-08,13.1,0.0,32,0,14.0,True
ETH021,Health Centre,Oromia,ORS/Zinc,2024-09,0.0,100.0,14,1,0.0,True
ETH021,Health Centre,Oromia,ORS/Zinc,2024-10,0.0,100.0,0,1,0.0,True
ETH021,Health Centre,Oromia,ORS/Zinc,2024-11,121.9,0.0,16,0,65.0,False
ETH021,Health Centre,Oromia,ORS/Zinc,2024-12,51.2,0.0,24,0,41.0,False
ETH021,Health Centre,Oromia,Oxytocin,2024-01,80.6,0.0,35,0,94.0,False
ETH021,Health Centre,Oromia,Oxytocin,2024-02,58.1,0.0,32,0,62.0,False
ETH021,Health Centre,Oromia,Oxytocin,2024-03,44.4,0.0,25,0,37.0,False
ETH021,Health Centre,Oromia,Oxytocin,2024-05,78.8,0.0,24,0,63.0,False
ETH021,Health Centre,Oromia,Oxytocin,2024-06,37.5,0.0,28,0,35.0,False
ETH021,Health Centre,Oromia,Oxytocin,2024-07,31.8,0.0,17,0,18.0,False
ETH021,Health Centre,Oromia,Oxytocin,2024-08,0.0,100.0,18,1,0.0,True
ETH021,Health Centre,Oromia,Oxytocin,2024-09,0.0,100.0,0,1,0.0,True
ETH021,Health Centre,Oromia,Oxytocin,2024-11,53.4,0.0,32,0,57.0,False
ETH021,Health Centre,Oromia,Oxytocin,2024-12,44.3,0.0,23,0,34.0,False
ETH022,Health Centre,Oromia,Artemether-Lumefantrine,2024-01,114.5,0.0,22,0,84.0,False
ETH022,Health Centre,Oromia,Artemether-Lumefantrine,2024-02,110.0,0.0,18,0,66.0,False
ETH022,Health Centre,Oromia,Artemether-Lumefantrine,2024-03,52.5,0.0,24,0,42.0,False
ETH022,Health Centre,Oromia,Artemether-Lumefantrine,2024-04,20.4,0.0,25,0,17.0,True
ETH022,Health Centre,Oromia,Artemether-Lumefantrine,2024-05,0.0,100.0,17,1,0.0,True
ETH022,Health Centre,Oromia,Artemether-Lumefantrine,2024-06,54.7,0.0,34,0,62.0,False
ETH022,Health Centre,Oromia,Artemether-Lumefantrine,2024-07,6.5,0.0,51,0,11.0,True
ETH022,Health Centre,Oromia,Artemether-Lumefantrine,2024-08,66.4,0.0,33,0,73.0,False
ETH022,Health Centre,Oromia,Artemether-Lumefantrine,2024-09,19.8,0.0,44,0,29.0,True
ETH022,Health Centre,Oromia,Artemether-Lumefantrine,2024-10,98.8,0.0,24,0,79.0,False
ETH022,Health Centre,Oromia,Artemether-Lumefantrine,2024-11,44.1,0.0,32,0,47.0,False
ETH022,Health Centre,Oromia,Artemether-Lumefantrine,2024-12,40.5,0.0,20,0,27.0,False
ETH022,Health Centre,Oromia,Magnesium Sulphate,2024-01,167.7,0.0,22,0,123.0,False
ETH022,Health Centre,Oromia,Magnesium Sulphate,2024-02,137.7,0.0,22,0,101.0,False
ETH022,Health Centre,Oromia,Magnesium Sulphate,2024-03,91.2,0.0,25,0,76.0,False
ETH022,Health Centre,Oromia,Magnesium Sulphate,2024-04,54.4,0.0,27,0,49.0,False
ETH022,Health Centre,Oromia,Magnesium Sulphate,2024-05,40.0,0.0,21,0,28.0,False
ETH022,Health Centre,Oromia,Magnesium Sulphate,2024-06,79.6,0.0,26,0,69.0,False
ETH022,Health Centre,Oromia,Magnesium Sulphate,2024-07,36.8,0.0,31,0,38.0,False
ETH022,Health Centre,Oromia,Magnesium Sulphate,2024-08,30.0,0.0,19,0,19.0,False
ETH022,Health Centre,Oromia,Magnesium Sulphate,2024-09,0.0,100.0,19,1,0.0,True
ETH022,Health Centre,Oromia,Magnesium Sulphate,2024-10,49.2,0.0,25,0,41.0,False
ETH022,Health Centre,Oromia,Magnesium Sulphate,2024-11,34.7,0.0,19,0,22.0,False
ETH022,Health Centre,Oromia,Magnesium Sulphate,2024-12,96.3,0.0,19,0,61.0,False
ETH022,Health Centre,Oromia,ORS/Zinc,2024-02,25.4,0.0,26,0,22.0,True
ETH022,Health Centre,Oromia,ORS/Zinc,2024-03,63.5,0.0,26,0,55.0,False
ETH022,Health Centre,Oromia,ORS/Zinc,2024-07,45.8,0.0,19,0,29.0,False
ETH022,Health Centre,Oromia,ORS/Zinc,2024-08,75.0,0.0,22,0,55.0,False
ETH022,Health Centre,Oromia,ORS/Zinc,2024-09,36.0,0.0,25,0,30.0,False
ETH022,Health Centre,Oromia,ORS/Zinc,2024-10,73.8,0.0,26,0,64.0,False
ETH022,Health Centre,Oromia,ORS/Zinc,2024-11,71.1,0.0,19,0,45.0,False
ETH022,Health Centre,Oromia,ORS/Zinc,2024-12,45.0,0.0,18,0,27.0,False
ETH022,Health Centre,Oromia,Oxytocin,2024-02,54.8,0.0,23,0,42.0,False
ETH022,Health Centre,Oromia,Oxytocin,2024-03,22.5,0.0,24,0,18.0,True
ETH022,Health Centre,Oromia,Oxytocin,2024-05,30.0,0.0,30,0,30.0,False
ETH022,Health Centre,Oromia,Oxytocin,2024-06,123.3,0.0,18,0,74.0,False
ETH022,Health Centre,Oromia,Oxytocin,2024-07,86.8,0.0,19,0,55.0,False
ETH022,Health Centre,Oromia,Oxytocin,2024-08,56.8,0.0,19,0,36.0,False
ETH022,Health Centre,Oromia,Oxytocin,2024-09,33.5,0.0,17,0,19.0,False
ETH022,Health Centre,Oromia,Oxytocin,2024-10,85.0,0.0,24,0,68.0,False
ETH022,Health Centre,Oromia,Oxytocin,2024-11,62.7,0.0,22,0,46.0,False
ETH023,Health Centre,Amhara,Artemether-Lumefantrine,2024-01,61.3,0.0,23,0,47.0,False
ETH023,Health Centre,Amhara,Artemether-Lumefantrine,2024-02,37.1,0.0,21,0,26.0,False
ETH023,Health Centre,Amhara,Artemether-Lumefantrine,2024-03,54.4,0.0,27,0,49.0,False
ETH023,Health Centre,Amhara,Artemether-Lumefantrine,2024-04,47.4,0.0,19,0,30.0,False
ETH023,Health Centre,Amhara,Artemether-Lumefantrine,2024-05,91.2,0.0,24,0,73.0,False
ETH023,Health Centre,Amhara,Artemether-Lumefantrine,2024-07,59.0,0.0,29,0,57.0,False
ETH023,Health Centre,Amhara,Artemether-Lumefantrine,2024-08,29.0,0.0,29,0,28.0,True
ETH023,Health Centre,Amhara,Artemether-Lumefantrine,2024-09,0.0,100.0,28,1,0.0,True
ETH023,Health Centre,Amhara,Artemether-Lumefantrine,2024-10,77.5,0.0,24,0,62.0,False
ETH023,Health Centre,Amhara,Artemether-Lumefantrine,2024-11,38.9,0.0,27,0,35.0,False
ETH023,Health Centre,Amhara,Artemether-Lumefantrine,2024-12,104.3,0.0,23,0,80.0,False
ETH023,Health Centre,Amhara,Magnesium Sulphate,2024-01,158.4,0.0,25,0,132.0,False
ETH023,Health Centre,Amhara,Magnesium Sulphate,2024-03,105.0,0.0,24,0,84.0,False
ETH023,Health Centre,Amhara,Magnesium Sulphate,2024-04,79.6,0.0,23,0,61.0,False
ETH023,Health Centre,Amhara,Magnesium Sulphate,2024-06,116.5,0.0,17,0,66.0,False
ETH023,Health Centre,Amhara,Magnesium Sulphate,2024-08,13.3,0.0,27,0,12.0,True
ETH023,Health Centre,Amhara,Magnesium Sulphate,2024-09,77.6,0.0,17,0,44.0,False
ETH023,Health Centre,Amhara,Magnesium Sulphate,2024-10,36.0,0.0,20,0,24.0,False
ETH023,Health Centre,Amhara,Magnesium Sulphate,2024-11,0.0,100.0,24,1,0.0,True
ETH023,Health Centre,Amhara,Magnesium Sulphate,2024-12,37.8,0.0,27,0,34.0,False
ETH023,Health Centre,Amhara,ORS/Zinc,2024-01,35.0,0.0,30,0,35.0,False
ETH023,Health Centre,Amhara,ORS/Zinc,2024-03,66.2,0.0,29,0,64.0,False
ETH023,Health Centre,Amhara,ORS/Zinc,2024-04,57.3,0.0,22,0,42.0,False
ETH023,Health Centre,Amhara,ORS/Zinc,2024-05,12.0,0.0,30,0,12.0,True
ETH023,Health Centre,Amhara,ORS/Zinc,2024-06,139.5,0.0,20,0,93.0,False
ETH023,Health Centre,Amhara,ORS/Zinc,2024-07,86.2,0.0,24,0,69.0,False
ETH023,Health Centre,Amhara,ORS/Zinc,2024-09,70.6,0.0,34,0,80.0,False
ETH023,Health Centre,Amhara,ORS/Zinc,2024-10,66.0,0.0,25,0,55.0,False
ETH023,Health Centre,Amhara,ORS/Zinc,2024-11,56.8,0.0,19,0,36.0,False
ETH023,Health Centre,Amhara,ORS/Zinc,2024-12,10.0,0.0,27,0,9.0,True
ETH023,Health Centre,Amhara,Oxytocin,2024-01,81.4,0.0,28,0,76.0,False
ETH023,Health Centre,Amhara,Oxytocin,2024-02,65.0,0.0,24,0,52.0,False
ETH023,Health Centre,Amhara,Oxytocin,2024-04,111.8,0.0,22,0,82.0,False
ETH023,Health Centre,Amhara,Oxytocin,2024-05,77.0,0.0,23,0,59.0,False
ETH023,Health Centre,Amhara,Oxytocin,2024-06,25.3,0.0,32,0,27.0,True
ETH023,Health Centre,Amhara,Oxytocin,2024-07,86.4,0.0,25,0,72.0,False
ETH023,Health Centre,Amhara,Oxytocin,2024-08,78.0,0.0,20,0,52.0,False
ETH023,Health Centre,Amhara,Oxytocin,2024-09,37.8,0.0,23,0,29.0,False
ETH023,Health Centre,Amhara,Oxytocin,2024-10,100.5,0.0,20,0,67.0,False
ETH023,Health Centre,Amhara,Oxytocin,2024-11,53.8,0.0,24,0,43.0,False
ETH023,Health Centre,Amhara,Oxytocin,2024-12,17.8,0.0,27,0,16.0,True
ETH024,Health Post,Tigray,Artemether-Lumefantrine,2024-01,180.0,0.0,3,0,27.0,False
ETH024,Health Post,Tigray,Artemether-Lumefantrine,2024-02,132.0,0.0,5,0,22.0,False
ETH024,Health Post,Tigray,Artemether-Lumefantrine,2024-03,102.0,0.0,5,0,17.0,False
ETH024,Health Post,Tigray,Artemether-Lumefantrine,2024-04,97.5,0.0,4,0,13.0,False
ETH024,Health Post,Tigray,Artemether-Lumefantrine,2024-05,18.8,0.0,8,0,5.0,True
ETH024,Health Post,Tigray,Artemether-Lumefantrine,2024-06,0.0,100.0,5,1,0.0,True
ETH024,Health Post,Tigray,Artemether-Lumefantrine,2024-07,8.8,0.0,17,0,5.0,True
ETH024,Health Post,Tigray,Artemether-Lumefantrine,2024-08,0.0,100.0,5,1,0.0,True
ETH024,Health Post,Tigray,Artemether-Lumefantrine,2024-09,17.1,0.0,14,0,8.0,True
ETH024,Health Post,Tigray,Artemether-Lumefantrine,2024-10,30.0,0.0,4,0,4.0,False
ETH024,Health Post,Tigray,Artemether-Lumefantrine,2024-11,60.0,0.0,6,0,12.0,False
ETH024,Health Post,Tigray,Magnesium Sulphate,2024-01,40.0,0.0,9,0,12.0,False
ETH024,Health Post,Tigray,Magnesium Sulphate,2024-04,22.5,0.0,8,0,6.0,True
ETH024,Health Post,Tigray,Magnesium Sulphate,2024-05,15.0,0.0,4,0,2.0,True
ETH024,Health Post,Tigray,Magnesium Sulphate,2024-06,114.0,0.0,5,0,19.0,False
ETH024,Health Post,Tigray,Magnesium Sulphate,2024-07,51.4,0.0,7,0,12.0,False
ETH024,Health Post,Tigray,Magnesium Sulphate,2024-09,5.0,0.0,6,0,1.0,True
ETH024,Health Post,Tigray,Magnesium Sulphate,2024-10,45.0,0.0,10,0,15.0,False
ETH024,Health Post,Tigray,Magnesium Sulphate,2024-11,34.3,0.0,7,0,8.0,False
ETH024,Health Post,Tigray,Magnesium Sulphate,2024-12,180.0,0.0,2,0,24.0,False
ETH024,Health Post,Tigray,ORS/Zinc,2024-01,144.0,0.0,5,0,24.0,False
ETH024,Health Post,Tigray,ORS/Zinc,2024-03,21.0,0.0,10,0,7.0,True
ETH024,Health Post,Tigray,ORS/Zinc,2024-04,94.3,0.0,7,0,22.0,False
ETH024,Health Post,Tigray,ORS/Zinc,2024-05,36.0,0.0,10,0,12.0,False
ETH024,Health Post,Tigray,ORS/Zinc,2024-06,42.0,0.0,5,0,7.0,False
ETH024,Health Post,Tigray,ORS/Zinc,2024-07,110.0,0.0,6,0,22.0,False
ETH024,Health Post,Tigray,ORS/Zinc,2024-08,102.0,0.0,5,0,17.0,False
ETH024,Health Post,Tigray,ORS/Zinc,2024-09,97.5,0.0,4,0,13.0,False
ETH024,Health Post,Tigray,ORS/Zinc,2024-10,25.7,0.0,7,0,6.0,True
ETH024,Health Post,Tigray,ORS/Zinc,2024-11,0.0,100.0,6,1,0.0,True
ETH024,Health Post,Tigray,ORS/Zinc,2024-12,78.0,0.0,5,0,13.0,False
ETH024,Health Post,Tigray,Oxytocin,2024-01,125.0,0.0,6,0,25.0,False
ETH024,Health Post,Tigray,Oxytocin,2024-03,27.3,0.0,11,0,10.0,True
ETH024,Health Post,Tigray,Oxytocin,2024-04,12.9,0.0,7,0,3.0,True
ETH024,Health Post,Tigray,Oxytocin,2024-05,96.0,0.0,5,0,16.0,False
ETH024,Health Post,Tigray,Oxytocin,2024-06,18.0,0.0,10,0,6.0,True
ETH024,Health Post,Tigray,Oxytocin,2024-07,0.0,100.0,6,1,0.0,True
ETH024,Health Post,Tigray,Oxytocin,2024-08,0.0,100.0,0,1,0.0,True
ETH024,Health Post,Tigray,Oxytocin,2024-09,0.0,100.0,0,1,0.0,True
ETH024,Health Post,Tigray,Oxytocin,2024-10,140.0,0.0,3,0,14.0,False
ETH024,Health Post,Tigray,Oxytocin,2024-11,30.0,0.0,7,0,7.0,False
ETH025,Health Centre,SNNPR,Artemether-Lumefantrine,2024-01,97.5,0.0,28,0,91.0,False
ETH025,Health Centre,SNNPR,Artemether-Lumefantrine,2024-02,64.1,0.0,29,0,62.0,False
ETH025,Health Centre,SNNPR,Artemether-Lumefantrine,2024-03,38.9,0.0,27,0,35.0,False
ETH025,Health Centre,SNNPR,Artemether-Lumefantrine,2024-04,25.3,0.0,19,0,16.0,True
ETH025,Health Centre,SNNPR,Artemether-Lumefantrine,2024-05,0.0,100.0,16,1,0.0,True
ETH025,Health Centre,SNNPR,Artemether-Lumefantrine,2024-06,38.7,0.0,31,0,40.0,False
ETH025,Health Centre,SNNPR,Artemether-Lumefantrine,2024-07,1.6,0.0,38,0,2.0,True
ETH025,Health Centre,SNNPR,Artemether-Lumefantrine,2024-08,48.6,0.0,37,0,60.0,False
ETH025,Health Centre,SNNPR,Artemether-Lumefantrine,2024-09,12.9,0.0,42,0,18.0,True
ETH025,Health Centre,SNNPR,Artemether-Lumefantrine,2024-10,0.0,100.0,18,1,0.0,True
ETH025,Health Centre,SNNPR,Artemether-Lumefantrine,2024-11,65.0,0.0,30,0,65.0,False
ETH025,Health Centre,SNNPR,Artemether-Lumefantrine,2024-12,120.0,0.0,13,0,52.0,False
ETH025,Health Centre,SNNPR,Magnesium Sulphate,2024-01,95.6,0.0,27,0,86.0,False
ETH025,Health Centre,SNNPR,Magnesium Sulphate,2024-03,38.4,0.0,25,0,32.0,False
ETH025,Health Centre,SNNPR,Magnesium Sulphate,2024-04,84.4,0.0,27,0,76.0,False
ETH025,Health Centre,SNNPR,Magnesium Sulphate,2024-05,57.7,0.0,26,0,50.0,False
ETH025,Health Centre,SNNPR,Magnesium Sulphate,2024-06,25.6,0.0,27,0,23.0,True
ETH025,Health Centre,SNNPR,Magnesium Sulphate,2024-07,0.0,100.0,23,1,0.0,True
ETH025,Health Centre,SNNPR,Magnesium Sulphate,2024-08,43.4,0.0,29,0,42.0,False
ETH025,Health Centre,SNNPR,Magnesium Sulphate,2024-09,18.5,0.0,26,0,16.0,True
ETH025,Health Centre,SNNPR,Magnesium Sulphate,2024-10,117.4,0.0,23,0,90.0,False
ETH025,Health Centre,SNNPR,Magnesium Sulphate,2024-11,128.8,0.0,17,0,73.0,False
ETH025,Health Centre,SNNPR,Magnesium Sulphate,2024-12,74.3,0.0,21,0,52.0,False
ETH025,Health Centre,SNNPR,ORS/Zinc,2024-01,108.9,0.0,19,0,69.0,False
ETH025,Health Centre,SNNPR,ORS/Zinc,2024-02,60.0,0.0,23,0,46.0,False
ETH025,Health Centre,SNNPR,ORS/Zinc,2024-04,66.2,0.0,24,0,53.0,False
ETH025,Health Centre,SNNPR,ORS/Zinc,2024-05,31.2,0.0,26,0,27.0,False
ETH025,Health Centre,SNNPR,ORS/Zinc,2024-07,103.0,0.0,23,0,79.0,False
ETH025,Health Centre,SNNPR,ORS/Zinc,2024-08,101.7,0.0,18,0,61.0,False
ETH025,Health Centre,SNNPR,ORS/Zinc,2024-09,61.5,0.0,20,0,41.0,False
ETH025,Health Centre,SNNPR,ORS/Zinc,2024-10,15.6,0.0,27,0,14.0,True
ETH025,Health Centre,SNNPR,ORS/Zinc,2024-11,0.0,100.0,14,1,0.0,True
ETH025,Health Centre,SNNPR,ORS/Zinc,2024-12,147.5,0.0,12,0,59.0,False
ETH025,Health Centre,SNNPR,Oxytocin,2024-01,139.2,0.0,25,0,116.0,False
ETH025,Health Centre,SNNPR,Oxytocin,2024-02,109.2,0.0,25,0,91.0,False
ETH025,Health Centre,SNNPR,Oxytocin,2024-03,45.8,0.0,36,0,55.0,False
ETH025,Health Centre,SNNPR,Oxytocin,2024-04,38.8,0.0,24,0,31.0,False
ETH025,Health Centre,SNNPR,Oxytocin,2024-06,64.3,0.0,21,0,45.0,False
ETH025,Health Centre,SNNPR,Oxytocin,2024-07,34.3,0.0,21,0,24.0,False
ETH025,Health Centre,SNNPR,Oxytocin,2024-08,56.7,0.0,27,0,51.0,False
ETH025,Health Centre,SNNPR,Oxytocin,2024-10,76.0,0.0,30,0,76.0,False
ETH025,Health Centre,SNNPR,Oxytocin,2024-11,51.4,0.0,28,0,48.0,False
ETH025,Health Centre,SNNPR,Oxytocin,2024-12,27.6,0.0,25,0,23.0,True
ETH026,Health Post,Tigray,Artemether-Lumefantrine,2024-01,66.0,0.0,5,0,11.0,False
ETH026,Health Post,Tigray,Artemether-Lumefantrine,2024-02,80.0,0.0,3,0,8.0,False
ETH026,Health Post,Tigray,Artemether-Lumefantrine,2024-03,94.3,0.0,7,0,22.0,False
ETH026,Health Post,Tigray,Artemether-Lumefantrine,2024-04,180.0,0.0,2,0,20.0,False
ETH026,Health Post,Tigray,Artemether-Lumefantrine,2024-05,55.7,0.0,7,0,13.0,False
ETH026,Health Post,Tigray,Artemether-Lumefantrine,2024-06,25.7,0.0,7,0,6.0,True
ETH026,Health Post,Tigray,Artemether-Lumefantrine,2024-08,42.0,0.0,10,0,14.0,False
ETH026,Health Post,Tigray,Artemether-Lumefantrine,2024-09,0.0,100.0,14,1,0.0,True
ETH026,Health Post,Tigray,Artemether-Lumefantrine,2024-10,56.7,0.0,9,0,17.0,False
ETH026,Health Post,Tigray,Artemether-Lumefantrine,2024-11,97.5,0.0,4,0,13.0,False
ETH026,Health Post,Tigray,Artemether-Lumefantrine,2024-12,48.0,0.0,5,0,8.0,False
ETH026,Health Post,Tigray,Magnesium Sulphate,2024-02,80.0,0.0,6,0,16.0,False
ETH026,Health Post,Tigray,Magnesium Sulphate,2024-03,23.3,0.0,9,0,7.0,True
ETH026,Health Post,Tigray,Magnesium Sulphate,2024-04,85.7,0.0,7,0,20.0,False
ETH026,Health Post,Tigray,Magnesium Sulphate,2024-05,45.0,0.0,8,0,12.0,False
ETH026,Health Post,Tigray,Magnesium Sulphate,2024-06,90.0,0.0,3,0,9.0,False
ETH026,Health Post,Tigray,Magnesium Sulphate,2024-07,96.0,0.0,5,0,16.0,False
ETH026,Health Post,Tigray,Magnesium Sulphate,2024-08,38.6,0.0,7,0,9.0,False
ETH026,Health Post,Tigray,Magnesium Sulphate,2024-09,108.0,0.0,5,0,18.0,False
ETH026,Health Post,Tigray,Magnesium Sulphate,2024-10,105.0,0.0,4,0,14.0,False
ETH026,Health Post,Tigray,Magnesium Sulphate,2024-11,54.0,0.0,5,0,9.0,False
ETH026,Health Post,Tigray,Magnesium Sulphate,2024-12,56.2,0.0,8,0,15.0,False
ETH026,Health Post,Tigray,ORS/Zinc,2024-01,142.5,0.0,4,0,19.0,False
ETH026,Health Post,Tigray,ORS/Zinc,2024-02,33.3,0.0,9,0,10.0,False
ETH026,Health Post,Tigray,ORS/Zinc,2024-03,120.0,0.0,2,0,8.0,False
ETH026,Health Post,Tigray,ORS/Zinc,2024-04,96.0,0.0,5,0,16.0,False
ETH026,Health Post,Tigray,ORS/Zinc,2024-05,38.6,0.0,7,0,9.0,False
ETH026,Health Post,Tigray,ORS/Zinc,2024-06,24.0,0.0,5,0,4.0,True
ETH026,Health Post,Tigray,ORS/Zinc,2024-07,80.0,0.0,6,0,16.0,False
ETH026,Health Post,Tigray,ORS/Zinc,2024-08,23.3,0.0,9,0,7.0,True
ETH026,Health Post,Tigray,ORS/Zinc,2024-09,22.5,0.0,4,0,3.0,True
ETH026,Health Post,Tigray,ORS/Zinc,2024-10,97.5,0.0,4,0,13.0,False
ETH026,Health Post,Tigray,ORS/Zinc,2024-11,9.0,0.0,10,0,3.0,True
ETH026,Health Post,Tigray,ORS/Zinc,2024-12,0.0,100.0,3,1,0.0,True
ETH026,Health Post,Tigray,Oxytocin,2024-02,37.5,0.0,8,0,10.0,False
ETH026,Health Post,Tigray,Oxytocin,2024-03,7.5,0.0,8,0,2.0,True
ETH026,Health Post,Tigray,Oxytocin,2024-04,0.0,100.0,2,1,0.0,True
ETH026,Health Post,Tigray,Oxytocin,2024-05,81.4,0.0,7,0,19.0,False
ETH026,Health Post,Tigray,Oxytocin,2024-06,84.0,0.0,5,0,14.0,False
ETH026,Health Post,Tigray,Oxytocin,2024-07,22.5,0.0,8,0,6.0,True
ETH026,Health Post,Tigray,Oxytocin,2024-08,142.5,0.0,4,0,19.0,False
ETH026,Health Post,Tigray,Oxytocin,2024-09,180.0,0.0,2,0,17.0,False
ETH026,Health Post,Tigray,Oxytocin,2024-10,180.0,0.0,2,0,15.0,False
ETH026,Health Post,Tigray,Oxytocin,2024-11,26.2,0.0,8,0,7.0,True
ETH026,Health Post,Tigray,Oxytocin,2024-12,47.1,0.0,7,0,11.0,False
ETH027,Health Centre,Tigray,Artemether-Lumefantrine,2024-01,48.5,0.0,26,0,42.0,False
ETH027,Health Centre,Tigray,Artemether-Lumefantrine,2024-02,22.5,0.0,24,0,18.0,True
ETH027,Health Centre,Tigray,Artemether-Lumefantrine,2024-04,46.5,0.0,20,0,31.0,False
ETH027,Health Centre,Tigray,Artemether-Lumefantrine,2024-05,91.5,0.0,20,0,61.0,False
ETH027,Health Centre,Tigray,Artemether-Lumefantrine,2024-06,15.8,0.0,40,0,21.0,True
ETH027,Health Centre,Tigray,Artemether-Lumefantrine,2024-07,35.4,0.0,39,0,46.0,False
ETH027,Health Centre,Tigray,Artemether-Lumefantrine,2024-09,30.0,0.0,51,0,51.0,False
ETH027,Health Centre,Tigray,Artemether-Lumefantrine,2024-10,50.5,0.0,19,0,32.0,False
ETH027,Health Centre,Tigray,Artemether-Lumefantrine,2024-11,133.3,0.0,18,0,80.0,False
ETH027,Health Centre,Tigray,Artemether-Lumefantrine,2024-12,47.4,0.0,31,0,49.0,False
ETH027,Health Centre,Tigray,Magnesium Sulphate,2024-01,146.1,0.0,23,0,112.0,False
ETH027,Health Centre,Tigray,Magnesium Sulphate,2024-02,85.9,0.0,29,0,83.0,False
ETH027,Health Centre,Tigray,Magnesium Sulphate,2024-03,101.1,0.0,19,0,64.0,False
ETH027,Health Centre,Tigray,Magnesium Sulphate,2024-05,41.7,0.0,18,0,25.0,False
ETH027,Health Centre,Tigray,Magnesium Sulphate,2024-06,64.6,0.0,26,0,56.0,False
ETH027,Health Centre,Tigray,Magnesium Sulphate,2024-07,32.2,0.0,27,0,29.0,False
ETH027,Health Centre,Tigray,Magnesium Sulphate,2024-08,91.4,0.0,21,0,64.0,False
ETH027,Health Centre,Tigray,Magnesium Sulphate,2024-09,41.1,0.0,27,0,37.0,False
ETH027,Health Centre,Tigray,Magnesium Sulphate,2024-10,93.0,0.0,20,0,62.0,False
ETH027,Health Centre,Tigray,Magnesium Sulphate,2024-12,13.8,0.0,26,0,12.0,True
ETH027,Health Centre,Tigray,ORS/Zinc,2024-01,67.5,0.0,28,0,63.0,False
ETH027,Health Centre,Tigray,ORS/Zinc,2024-02,45.6,0.0,25,0,38.0,False
ETH027,Health Centre,Tigray,ORS/Zinc,2024-03,101.7,0.0,23,0,78.0,False
ETH027,Health Centre,Tigray,ORS/Zinc,2024-04,81.4,0.0,21,0,57.0,False
ETH027,Health Centre,Tigray,ORS/Zinc,2024-05,60.0,0.0,19,0,38.0,False
ETH027,Health Centre,Tigray,ORS/Zinc,2024-06,12.2,0.0,27,0,11.0,True
ETH027,Health Centre,Tigray,ORS/Zinc,2024-07,78.9,0.0,27,0,71.0,False
ETH027,Health Centre,Tigray,ORS/Zinc,2024-09,18.0,0.0,25,0,15.0,True
ETH027,Health Centre,Tigray,ORS/Zinc,2024-10,74.4,0.0,27,0,67.0,False
ETH027,Health Centre,Tigray,ORS/Zinc,2024-11,50.4,0.0,25,0,42.0,False
ETH027,Health Centre,Tigray,ORS/Zinc,2024-12,13.4,0.0,29,0,13.0,True
ETH027,Health Centre,Tigray,Oxytocin,2024-01,34.0,0.0,30,0,34.0,False
ETH027,Health Centre,Tigray,Oxytocin,2024-02,10.8,0.0,25,0,9.0,True
ETH027,Health Centre,Tigray,Oxytocin,2024-03,55.5,0.0,20,0,37.0,False
ETH027,Health Centre,Tigray,Oxytocin,2024-05,25.7,0.0,35,0,30.0,True
ETH027,Health Centre,Tigray,Oxytocin,2024-06,63.3,0.0,27,0,57.0,False
ETH027,Health Centre,Tigray,Oxytocin,2024-07,41.2,0.0,24,0,33.0,False
ETH027,Health Centre,Tigray,Oxytocin,2024-08,111.6,0.0,25,0,93.0,False
ETH027,Health Centre,Tigray,Oxytocin,2024-09,86.2,0.0,24,0,69.0,False
ETH027,Health Centre,Tigray,Oxytocin,2024-10,49.6,0.0,26,0,43.0,False
ETH027,Health Centre,Tigray,Oxytocin,2024-11,11.6,0.0,31,0,12.0,True
ETH027,Health Centre,Tigray,Oxytocin,2024-12,65.0,0.0,24,0,52.0,False
ETH028,Health Centre,Amhara,Artemether-Lumefantrine,2024-01,104.2,0.0,19,0,66.0,False
ETH028,Health Centre,Amhara,Artemether-Lumefantrine,2024-02,43.3,0.0,27,0,39.0,False
ETH028,Health Centre,Amhara,Artemether-Lumefantrine,2024-03,9.0,0.0,30,0,9.0,True
ETH028,Health Centre,Amhara,Artemether-Lumefantrine,2024-04,58.9,0.0,27,0,53.0,False
ETH028,Health Centre,Amhara,Artemether-Lumefantrine,2024-05,33.6,0.0,25,0,28.0,False
ETH028,Health Centre,Amhara,Artemether-Lumefantrine,2024-06,50.2,0.0,40,0,67.0,False
ETH028,Health Centre,Amhara,Artemether-Lumefantrine,2024-07,30.9,0.0,33,0,34.0,False
ETH028,Health Centre,Amhara,Artemether-Lumefantrine,2024-08,38.7,0.0,45,0,58.0,False
ETH028,Health Centre,Amhara,Artemether-Lumefantrine,2024-09,26.1,0.0,31,0,27.0,True
ETH028,Health Centre,Amhara,Artemether-Lumefantrine,2024-10,77.1,0.0,21,0,54.0,False
ETH028,Health Centre,Amhara,Artemether-Lumefantrine,2024-11,43.6,0.0,22,0,32.0,False
ETH028,Health Centre,Amhara,Artemether-Lumefantrine,2024-12,133.1,0.0,16,0,71.0,False
ETH028,Health Centre,Amhara,Magnesium Sulphate,2024-01,153.6,0.0,25,0,128.0,False
ETH028,Health Centre,Amhara,Magnesium Sulphate,2024-02,172.1,0.0,19,0,109.0,False
ETH028,Health Centre,Amhara,Magnesium Sulphate,2024-03,118.6,0.0,22,0,87.0,False
ETH028,Health Centre,Amhara,Magnesium Sulphate,2024-04,100.5,0.0,20,0,67.0,False
ETH028,Health Centre,Amhara,Magnesium Sulphate,2024-05,75.8,0.0,19,0,48.0,False
ETH028,Health Centre,Amhara,Magnesium Sulphate,2024-06,23.3,0.0,27,0,21.0,True
ETH028,Health Centre,Amhara,Magnesium Sulphate,2024-07,58.8,0.0,25,0,49.0,False
ETH028,Health Centre,Amhara,Magnesium Sulphate,2024-08,43.5,0.0,20,0,29.0,False
ETH028,Health Centre,Amhara,Magnesium Sulphate,2024-09,73.6,0.0,22,0,54.0,False
ETH028,Health Centre,Amhara,Magnesium Sulphate,2024-10,25.9,0.0,29,0,25.0,True
ETH028,Health Centre,Amhara,Magnesium Sulphate,2024-11,66.2,0.0,24,0,53.0,False
ETH028,Health Centre,Amhara,Magnesium Sulphate,2024-12,39.1,0.0,23,0,30.0,False
ETH028,Health Centre,Amhara,ORS/Zinc,2024-01,114.0,0.0,30,0,114.0,False
ETH028,Health Centre,Amhara,ORS/Zinc,2024-02,180.0,0.0,16,0,98.0,False
ETH028,Health Centre,Amhara,ORS/Zinc,2024-03,97.8,0.0,23,0,75.0,False
ETH028,Health Centre,Amhara,ORS/Zinc,2024-04,38.2,0.0,33,0,42.0,False
ETH028,Health Centre,Amhara,ORS/Zinc,2024-05,16.7,0.0,27,0,15.0,True
ETH028,Health Centre,Amhara,ORS/Zinc,2024-06,108.0,0.0,25,0,90.0,False
ETH028,Health Centre,Amhara,ORS/Zinc,2024-07,73.8,0.0,26,0,64.0,False
ETH028,Health Centre,Amhara,ORS/Zinc,2024-08,76.7,0.0,18,0,46.0,False
ETH028,Health Centre,Amhara,ORS/Zinc,2024-09,30.0,0.0,23,0,23.0,False
ETH028,Health Centre,Amhara,ORS/Zinc,2024-10,6.3,0.0,19,0,4.0,True
ETH028,Health Centre,Amhara,ORS/Zinc,2024-12,102.0,0.0,15,0,51.0,False
ETH028,Health Centre,Amhara,Oxytocin,2024-01,155.2,0.0,23,0,119.0,False
ETH028,Health Centre,Amhara,Oxytocin,2024-02,97.5,0.0,28,0,91.0,False
ETH028,Health Centre,Amhara,Oxytocin,2024-03,50.3,0.0,34,0,57.0,False
ETH028,Health Centre,Amhara,Oxytocin,2024-04,92.1,0.0,14,0,43.0,False
ETH028,Health Centre,Amhara,Oxytocin,2024-05,23.8,0.0,24,0,19.0,True
ETH028,Health Centre,Amhara,Oxytocin,2024-06,77.8,0.0,27,0,70.0,False
ETH028,Health Centre,Amhara,Oxytocin,2024-07,40.0,0.0,30,0,40.0,False
ETH028,Health Centre,Amhara,Oxytocin,2024-08,14.4,0.0,27,0,13.0,True
ETH028,Health Centre,Amhara,Oxytocin,2024-09,43.3,0.0,27,0,39.0,False
ETH028,Health Centre,Amhara,Oxytocin,2024-10,83.5,0.0,23,0,64.0,False
ETH028,Health Centre,Amhara,Oxytocin,2024-11,57.3,0.0,22,0,42.0,False
ETH029,Health Centre,SNNPR,Artemether-Lumefantrine,2024-02,74.3,0.0,21,0,52.0,False
ETH029,Health Centre,SNNPR,Artemether-Lumefantrine,2024-03,18.8,0.0,32,0,20.0,True
ETH029,Health Centre,SNNPR,Artemether-Lumefantrine,2024-04,0.0,100.0,20,1,0.0,True
ETH029,Health Centre,SNNPR,Artemether-Lumefantrine,2024-05,55.2,0.0,25,0,46.0,False
ETH029,Health Centre,SNNPR,Artemether-Lumefantrine,2024-06,16.0,0.0,30,0,16.0,True
ETH029,Health Centre,SNNPR,Artemether-Lumefantrine,2024-07,0.0,100.0,16,1,0.0,True
ETH029,Health Centre,SNNPR,Artemether-Lumefantrine,2024-08,38.3,0.0,29,0,37.0,False
ETH029,Health Centre,SNNPR,Artemether-Lumefantrine,2024-10,56.8,0.0,19,0,36.0,False
ETH029,Health Centre,SNNPR,Artemether-Lumefantrine,2024-11,30.0,0.0,18,0,18.0,False
ETH029,Health Centre,SNNPR,Artemether-Lumefantrine,2024-12,80.0,0.0,24,0,64.0,False
ETH029,Health Centre,SNNPR,Magnesium Sulphate,2024-01,107.1,0.0,28,0,100.0,False
ETH029,Health Centre,SNNPR,Magnesium Sulphate,2024-02,100.4,0.0,23,0,77.0,False
ETH029,Health Centre,SNNPR,Magnesium Sulphate,2024-03,70.4,0.0,23,0,54.0,False
ETH029,Health Centre,SNNPR,Magnesium Sulphate,2024-04,30.0,0.0,27,0,27.0,False
ETH029,Health Centre,SNNPR,Magnesium Sulphate,2024-05,134.1,0.0,17,0,76.0,False
ETH029,Health Centre,SNNPR,Magnesium Sulphate,2024-06,61.2,0.0,25,0,51.0,False
ETH029,Health Centre,SNNPR,Magnesium Sulphate,2024-07,28.8,0.0,26,0,25.0,True
ETH029,Health Centre,SNNPR,Magnesium Sulphate,2024-08,0.0,100.0,25,1,0.0,True
ETH029,Health Centre,SNNPR,Magnesium Sulphate,2024-09,52.8,0.0,29,0,51.0,False
ETH029,Health Centre,SNNPR,Magnesium Sulphate,2024-10,31.2,0.0,25,0,26.0,False
ETH029,Health Centre,SNNPR,Magnesium Sulphate,2024-11,0.0,100.0,26,1,0.0,True
ETH029,Health Centre,SNNPR,Magnesium Sulphate,2024-12,76.2,0.0,24,0,61.0,False
ETH029,Health Centre,SNNPR,ORS/Zinc,2024-01,102.0,0.0,20,0,68.0,False
ETH029,Health Centre,SNNPR,ORS/Zinc,2024-02,62.7,0.0,22,0,46.0,False
ETH029,Health Centre,SNNPR,ORS/Zinc,2024-03,10.6,0.0,34,0,12.0,True
ETH029,Health Centre,SNNPR,ORS/Zinc,2024-04,0.0,100.0,12,1,0.0,True
ETH029,Health Centre,SNNPR,ORS/Zinc,2024-05,126.0,0.0,20,0,84.0,False
ETH029,Health Centre,SNNPR,ORS/Zinc,2024-06,90.0,0.0,21,0,63.0,False
ETH029,Health Centre,SNNPR,ORS/Zinc,2024-07,55.9,0.0,22,0,41.0,False
ETH029,Health Centre,SNNPR,ORS/Zinc,2024-08,38.3,0.0,18,0,23.0,False
ETH029,Health Centre,SNNPR,ORS/Zinc,2024-10,28.9,0.0,27,0,26.0,True
ETH029,Health Centre,SNNPR,ORS/Zinc,2024-11,0.0,100.0,26,1,0.0,True
ETH029,Health Centre,SNNPR,ORS/Zinc,2024-12,48.3,0.0,23,0,37.0,False
ETH029,Health Centre,SNNPR,Oxytocin,2024-01,144.0,0.0,25,0,120.0,False
ETH029,Health Centre,SNNPR,Oxytocin,2024-02,133.6,0.0,22,0,98.0,False
ETH029,Health Centre,SNNPR,Oxytocin,2024-03,51.7,0.0,36,0,62.0,False
ETH029,Health Centre,SNNPR,Oxytocin,2024-05,6.0,0.0,30,0,6.0,True
ETH029,Health Centre,SNNPR,Oxytocin,2024-06,133.5,0.0,20,0,89.0,False
ETH029,Health Centre,SNNPR,Oxytocin,2024-07,72.7,0.0,26,0,63.0,False
ETH029,Health Centre,SNNPR,Oxytocin,2024-08,27.3,0.0,33,0,30.0,True
ETH029,Health Centre,SNNPR,Oxytocin,2024-10,42.3,0.0,22,0,31.0,False
ETH029,Health Centre,SNNPR,Oxytocin,2024-11,32.0,0.0,15,0,16.0,False
ETH029,Health Centre,SNNPR,Oxytocin,2024-12,0.0,100.0,16,1,0.0,True
ETH030,Health Post,Oromia,Artemether-Lumefantrine,2024-01,180.0,0.0,4,0,26.0,False
ETH030,Health Post,Oromia,Artemether-Lumefantrine,2024-02,126.0,0.0,5,0,21.0,False
ETH030,Health Post,Oromia,Artemether-Lumefantrine,2024-03,127.5,0.0,4,0,17.0,False
ETH030,Health Post,Oromia,Artemether-Lumefantrine,2024-04,42.9,0.0,7,0,10.0,False
ETH030,Health Post,Oromia,Artemether-Lumefantrine,2024-05,30.0,0.0,5,0,5.0,False
ETH030,Health Post,Oromia,Artemether-Lumefantrine,2024-06,0.0,100.0,5,1,0.0,True
ETH030,Health Post,Oromia,Artemether-Lumefantrine,2024-08,67.5,0.0,4,0,9.0,False
ETH030,Health Post,Oromia,Artemether-Lumefantrine,2024-09,15.0,0.0,6,0,3.0,True
ETH030,Health Post,Oromia,Artemether-Lumefantrine,2024-10,180.0,0.0,2,0,16.0,False
ETH030,Health Post,Oromia,Artemether-Lumefantrine,2024-12,90.0,0.0,3,0,9.0,False
ETH030,Health Post,Oromia,Magnesium Sulphate,2024-01,155.0,0.0,6,0,31.0,False
ETH030,Health Post,Oromia,Magnesium Sulphate,2024-02,86.2,0.0,8,0,23.0,False
ETH030,Health Post,Oromia,Magnesium Sulphate,2024-03,46.7,0.0,9,0,14.0,False
ETH030,Health Post,Oromia,Magnesium Sulphate,2024-04,75.0,0.0,4,0,10.0,False
ETH030,Health Post,Oromia,Magnesium Sulphate,2024-05,45.0,0.0,4,0,6.0,False
ETH030,Health Post,Oromia,Magnesium Sulphate,2024-06,108.0,0.0,5,0,18.0,False
ETH030,Health Post,Oromia,Magnesium Sulphate,2024-07,60.0,0.0,6,0,12.0,False
ETH030,Health Post,Oromia,Magnesium Sulphate,2024-08,10.0,0.0,9,0,3.0,True
ETH030,Health Post,Oromia,Magnesium Sulphate,2024-09,150.0,0.0,4,0,20.0,False
ETH030,Health Post,Oromia,Magnesium Sulphate,2024-10,170.0,0.0,3,0,17.0,False
ETH030,Health Post,Oromia,Magnesium Sulphate,2024-12,97.5,0.0,4,0,13.0,False
ETH030,Health Post,Oromia,ORS/Zinc,2024-01,150.0,0.0,3,0,15.0,False
ETH030,Health Post,Oromia,ORS/Zinc,2024-02,82.5,0.0,4,0,11.0,False
ETH030,Health Post,Oromia,ORS/Zinc,2024-03,180.0,0.0,1,0,10.0,False
ETH030,Health Post,Oromia,ORS/Zinc,2024-04,0.0,100.0,10,1,0.0,True
ETH030,Health Post,Oromia,ORS/Zinc,2024-05,126.0,0.0,5,0,21.0,False
ETH030,Health Post,Oromia,ORS/Zinc,2024-06,40.0,0.0,9,0,12.0,False
ETH030,Health Post,Oromia,ORS/Zinc,2024-07,42.0,0.0,5,0,7.0,False
ETH030,Health Post,Oromia,ORS/Zinc,2024-08,5.0,0.0,6,0,1.0,True
ETH030,Health Post,Oromia,ORS/Zinc,2024-09,66.0,0.0,5,0,11.0,False
ETH030,Health Post,Oromia,ORS/Zinc,2024-10,25.0,0.0,6,0,5.0,True
ETH030,Health Post,Oromia,ORS/Zinc,2024-11,7.5,0.0,4,0,1.0,True
ETH030,Health Post,Oromia,ORS/Zinc,2024-12,105.0,0.0,4,0,14.0,False
ETH030,Health Post,Oromia,Oxytocin,2024-01,46.7,0.0,9,0,14.0,False
ETH030,Health Post,Oromia,Oxytocin,2024-03,0.0,100.0,10,1,0.0,True
ETH030,Health Post,Oromia,Oxytocin,2024-04,0.0,100.0,0,1,0.0,True
ETH030,Health Post,Oromia,Oxytocin,2024-05,71.2,0.0,8,0,19.0,False
ETH030,Health Post,Oromia,Oxytocin,2024-07,25.0,0.0,6,0,5.0,True
ETH030,Health Post,Oromia,Oxytocin,2024-08,0.0,100.0,5,1,0.0,True
ETH030,Health Post,Oromia,Oxytocin,2024-10,95.0,0.0,6,0,19.0,False
ETH030,Health Post,Oromia,Oxytocin,2024-11,41.2,0.0,8,0,11.0,False
ETH030,Health Post,Oromia,Oxytocin,2024-12,36.0,0.0,5,0,6.0,False
ETH031,Health Centre,SNNPR,Artemether-Lumefantrine,2024-02,37.8,0.0,27,0,34.0,False
ETH031,Health Centre,SNNPR,Artemether-Lumefantrine,2024-03,12.5,0.0,24,0,10.0,True
ETH031,Health Centre,SNNPR,Artemether-Lumefantrine,2024-04,75.0,0.0,26,0,65.0,False
ETH031,Health Centre,SNNPR,Artemether-Lumefantrine,2024-05,67.5,0.0,20,0,45.0,False
ETH031,Health Centre,SNNPR,Artemether-Lumefantrine,2024-06,6.5,0.0,37,0,8.0,True
ETH031,Health Centre,SNNPR,Artemether-Lumefantrine,2024-07,0.0,100.0,8,1,0.0,True
ETH031,Health Centre,SNNPR,Artemether-Lumefantrine,2024-09,36.0,0.0,40,0,48.0,False
ETH031,Health Centre,SNNPR,Artemether-Lumefantrine,2024-10,27.6,0.0,25,0,23.0,True
ETH031,Health Centre,SNNPR,Artemether-Lumefantrine,2024-11,43.2,0.0,41,0,59.0,False
ETH031,Health Centre,SNNPR,Artemether-Lumefantrine,2024-12,27.1,0.0,31,0,28.0,True
ETH031,Health Centre,SNNPR,Magnesium Sulphate,2024-01,148.7,0.0,23,0,114.0,False
ETH031,Health Centre,SNNPR,Magnesium Sulphate,2024-02,101.5,0.0,26,0,88.0,False
ETH031,Health Centre,SNNPR,Magnesium Sulphate,2024-04,41.1,0.0,27,0,37.0,False
ETH031,Health Centre,SNNPR,Magnesium Sulphate,2024-05,7.0,0.0,30,0,7.0,True
ETH031,Health Centre,SNNPR,Magnesium Sulphate,2024-06,55.6,0.0,27,0,50.0,False
ETH031,Health Centre,SNNPR,Magnesium Sulphate,2024-08,180.0,0.0,15,0,93.0,False
ETH031,Health Centre,SNNPR,Magnesium Sulphate,2024-09,96.8,0.0,22,0,71.0,False
ETH031,Health Centre,SNNPR,Magnesium Sulphate,2024-10,71.4,0.0,21,0,50.0,False
ETH031,Health Centre,SNNPR,Magnesium Sulphate,2024-11,38.2,0.0,22,0,28.0,False
ETH031,Health Centre,SNNPR,Magnesium Sulphate,2024-12,8.2,0.0,22,0,6.0,True
ETH031,Health Centre,SNNPR,ORS/Zinc,2024-01,118.9,0.0,27,0,107.0,False
ETH031,Health Centre,SNNPR,ORS/Zinc,2024-02,115.9,0.0,22,0,85.0,False
ETH031,Health Centre,SNNPR,ORS/Zinc,2024-03,91.4,0.0,21,0,64.0,False
ETH031,Health Centre,SNNPR,ORS/Zinc,2024-04,38.6,0.0,28,0,36.0,False
ETH031,Health Centre,SNNPR,ORS/Zinc,2024-05,84.8,0.0,23,0,65.0,False
ETH031,Health Centre,SNNPR,ORS/Zinc,2024-06,51.2,0.0,24,0,41.0,False
ETH031,Health Centre,SNNPR,ORS/Zinc,2024-07,23.5,0.0,23,0,18.0,True
ETH031,Health Centre,SNNPR,ORS/Zinc,2024-09,47.7,0.0,22,0,35.0,False
ETH031,Health Centre,SNNPR,ORS/Zinc,2024-10,118.6,0.0,22,0,87.0,False
ETH031,Health Centre,SNNPR,ORS/Zinc,2024-11,107.4,0.0,19,0,68.0,False
ETH031,Health Centre,SNNPR,Oxytocin,2024-01,112.1,0.0,19,0,71.0,False
ETH031,Health Centre,SNNPR,Oxytocin,2024-02,88.3,0.0,18,0,53.0,False
ETH031,Health Centre,SNNPR,Oxytocin,2024-03,26.8,0.0,28,0,25.0,True
ETH031,Health Centre,SNNPR,Oxytocin,2024-04,106.4,0.0,22,0,78.0,False
ETH031,Health Centre,SNNPR,Oxytocin,2024-05,63.6,0.0,25,0,53.0,False
ETH031,Health Centre,SNNPR,Oxytocin,2024-06,49.5,0.0,20,0,33.0,False
ETH031,Health Centre,SNNPR,Oxytocin,2024-07,3.0,0.0,30,0,3.0,True
ETH031,Health Centre,SNNPR,Oxytocin,2024-08,0.0,100.0,3,1,0.0,True
ETH031,Health Centre,SNNPR,Oxytocin,2024-09,64.8,0.0,31,0,67.0,False
ETH031,Health Centre,SNNPR,Oxytocin,2024-10,53.8,0.0,24,0,43.0,False
ETH031,Health Centre,SNNPR,Oxytocin,2024-11,19.6,0.0,26,0,17.0,True
ETH031,Health Centre,SNNPR,Oxytocin,2024-12,0.0,100.0,17,1,0.0,True
ETH032,Health Centre,Oromia,Artemether-Lumefantrine,2024-01,92.7,0.0,22,0,68.0,False
ETH032,Health Centre,Oromia,Artemether-Lumefantrine,2024-02,62.7,0.0,22,0,46.0,False
ETH032,Health Centre,Oromia,Artemether-Lumefantrine,2024-03,30.0,0.0,23,0,23.0,False
ETH032,Health Centre,Oromia,Artemether-Lumefantrine,2024-04,78.6,0.0,21,0,55.0,False
ETH032,Health Centre,Oromia,Artemether-Lumefantrine,2024-05,36.0,0.0,25,0,30.0,False
ETH032,Health Centre,Oromia,Artemether-Lumefantrine,2024-06,0.0,100.0,30,1,0.0,True
ETH032,Health Centre,Oromia,Artemether-Lumefantrine,2024-08,27.8,0.0,41,0,38.0,True
ETH032,Health Centre,Oromia,Artemether-Lumefantrine,2024-09,58.3,0.0,36,0,70.0,False
ETH032,Health Centre,Oromia,Artemether-Lumefantrine,2024-10,86.7,0.0,18,0,52.0,False
ETH032,Health Centre,Oromia,Artemether-Lumefantrine,2024-11,44.3,0.0,21,0,31.0,False
ETH032,Health Centre,Oromia,Artemether-Lumefantrine,2024-12,10.4,0.0,23,0,8.0,True
ETH032,Health Centre,Oromia,Magnesium Sulphate,2024-01,93.5,0.0,26,0,81.0,False
ETH032,Health Centre,Oromia,Magnesium Sulphate,2024-02,80.5,0.0,22,0,59.0,False
ETH032,Health Centre,Oromia,Magnesium Sulphate,2024-03,33.2,0.0,28,0,31.0,False
ETH032,Health Centre,Oromia,Magnesium Sulphate,2024-05,34.1,0.0,29,0,33.0,False
ETH032,Health Centre,Oromia,Magnesium Sulphate,2024-06,60.0,0.0,27,0,54.0,False
ETH032,Health Centre,Oromia,Magnesium Sulphate,2024-07,47.1,0.0,21,0,33.0,False
ETH032,Health Centre,Oromia,Magnesium Sulphate,2024-08,15.0,0.0,22,0,11.0,True
ETH032,Health Centre,Oromia,Magnesium Sulphate,2024-09,97.5,0.0,20,0,65.0,False
ETH032,Health Centre,Oromia,Magnesium Sulphate,2024-10,39.6,0.0,28,0,37.0,False
ETH032,Health Centre,Oromia,Magnesium Sulphate,2024-11,5.8,0.0,31,0,6.0,True
ETH032,Health Centre,Oromia,Magnesium Sulphate,2024-12,0.0,100.0,6,1,0.0,True
ETH032,Health Centre,Oromia,ORS/Zinc,2024-01,180.0,0.0,21,0,138.0,False
ETH032,Health Centre,Oromia,ORS/Zinc,2024-02,123.3,0.0,27,0,111.0,False
ETH032,Health Centre,Oromia,ORS/Zinc,2024-03,145.3,0.0,19,0,92.0,False
ETH032,Health Centre,Oromia,ORS/Zinc,2024-04,95.5,0.0,22,0,70.0,False
ETH032,Health Centre,Oromia,ORS/Zinc,2024-05,61.3,0.0,23,0,47.0,False
ETH032,Health Centre,Oromia,ORS/Zinc,2024-06,26.4,0.0,25,0,22.0,True
ETH032,Health Centre,Oromia,ORS/Zinc,2024-07,106.4,0.0,22,0,78.0,False
ETH032,Health Centre,Oromia,ORS/Zinc,2024-08,87.0,0.0,20,0,58.0,False
ETH032,Health Centre,Oromia,ORS/Zinc,2024-10,74.4,0.0,27,0,67.0,False
ETH032,Health Centre,Oromia,ORS/Zinc,2024-11,65.7,0.0,21,0,46.0,False
ETH032,Health Centre,Oromia,ORS/Zinc,2024-12,10.6,0.0,34,0,12.0,True
ETH032,Health Centre,Oromia,Oxytocin,2024-01,115.9,0.0,22,0,85.0,False
ETH032,Health Centre,Oromia,Oxytocin,2024-02,49.7,0.0,32,0,53.0,False
ETH032,Health Centre,Oromia,Oxytocin,2024-03,18.2,0.0,33,0,20.0,True
ETH032,Health Centre,Oromia,Oxytocin,2024-04,36.6,0.0,32,0,39.0,False
ETH032,Health Centre,Oromia,Oxytocin,2024-05,74.4,0.0,25,0,62.0,False
ETH032,Health Centre,Oromia,Oxytocin,2024-06,67.9,0.0,19,0,43.0,False
ETH032,Health Centre,Oromia,Oxytocin,2024-07,17.8,0.0,27,0,16.0,True
ETH032,Health Centre,Oromia,Oxytocin,2024-08,0.0,100.0,16,1,0.0,True
ETH032,Health Centre,Oromia,Oxytocin,2024-10,73.5,0.0,20,0,49.0,False
ETH032,Health Centre,Oromia,Oxytocin,2024-11,33.9,0.0,23,0,26.0,False
ETH032,Health Centre,Oromia,Oxytocin,2024-12,64.8,0.0,25,0,54.0,False
ETH033,Health Centre,SNNPR,Artemether-Lumefantrine,2024-01,85.3,0.0,19,0,54.0,False
ETH033,Health Centre,SNNPR,Artemether-Lumefantrine,2024-02,40.4,0.0,23,0,31.0,False
ETH033,Health Centre,SNNPR,Artemether-Lumefantrine,2024-03,144.0,0.0,20,0,96.0,False
ETH033,Health Centre,SNNPR,Artemether-Lumefantrine,2024-04,66.0,0.0,30,0,66.0,False
ETH033,Health Centre,SNNPR,Artemether-Lumefantrine,2024-05,40.7,0.0,28,0,38.0,False
ETH033,Health Centre,SNNPR,Artemether-Lumefantrine,2024-06,57.7,0.0,39,0,75.0,False
ETH033,Health Centre,SNNPR,Artemether-Lumefantrine,2024-07,34.3,0.0,35,0,40.0,False
ETH033,Health Centre,SNNPR,Artemether-Lumefantrine,2024-08,3.3,0.0,36,0,4.0,True
ETH033,Health Centre,SNNPR,Artemether-Lumefantrine,2024-09,39.1,0.0,43,0,56.0,False
ETH033,Health Centre,SNNPR,Artemether-Lumefantrine,2024-10,30.0,0.0,28,0,28.0,False
ETH033,Health Centre,SNNPR,Artemether-Lumefantrine,2024-11,14.2,0.0,19,0,9.0,True
ETH033,Health Centre,SNNPR,Artemether-Lumefantrine,2024-12,65.0,0.0,18,0,39.0,False
ETH033,Health Centre,SNNPR,Magnesium Sulphate,2024-01,126.0,0.0,25,0,105.0,False
ETH033,Health Centre,SNNPR,Magnesium Sulphate,2024-02,96.0,0.0,25,0,80.0,False
ETH033,Health Centre,SNNPR,Magnesium Sulphate,2024-03,70.0,0.0,24,0,56.0,False
ETH033,Health Centre,SNNPR,Magnesium Sulphate,2024-04,50.0,0.0,21,0,35.0,False
ETH033,Health Centre,SNNPR,Magnesium Sulphate,2024-05,106.4,0.0,22,0,78.0,False
ETH033,Health Centre,SNNPR,Magnesium Sulphate,2024-06,50.7,0.0,29,0,49.0,False
ETH033,Health Centre,SNNPR,Magnesium Sulphate,2024-07,51.7,0.0,18,0,31.0,False
ETH033,Health Centre,SNNPR,Magnesium Sulphate,2024-08,16.5,0.0,20,0,11.0,True
ETH033,Health Centre,SNNPR,Magnesium Sulphate,2024-10,64.8,0.0,25,0,54.0,False
ETH033,Health Centre,SNNPR,Magnesium Sulphate,2024-11,32.3,0.0,26,0,28.0,False
ETH033,Health Centre,SNNPR,Magnesium Sulphate,2024-12,66.6,0.0,32,0,71.0,False
ETH033,Health Centre,SNNPR,ORS/Zinc,2024-01,91.1,0.0,27,0,82.0,False
ETH033,Health Centre,SNNPR,ORS/Zinc,2024-03,39.6,0.0,25,0,33.0,False
ETH033,Health Centre,SNNPR,ORS/Zinc,2024-04,8.1,0.0,26,0,7.0,True
ETH033,Health Centre,SNNPR,ORS/Zinc,2024-06,36.0,0.0,30,0,36.0,False
ETH033,Health Centre,SNNPR,ORS/Zinc,2024-07,83.3,0.0,27,0,75.0,False
ETH033,Health Centre,SNNPR,ORS/Zinc,2024-08,63.8,0.0,24,0,51.0,False
ETH033,Health Centre,SNNPR,ORS/Zinc,2024-10,117.1,0.0,21,0,82.0,False
ETH033,Health Centre,SNNPR,ORS/Zinc,2024-11,72.5,0.0,24,0,58.0,False
ETH033,Health Centre,SNNPR,Oxytocin,2024-01,54.0,0.0,30,0,54.0,False
ETH033,Health Centre,SNNPR,Oxytocin,2024-03,74.3,0.0,21,0,52.0,False
ETH033,Health Centre,SNNPR,Oxytocin,2024-04,52.1,0.0,19,0,33.0,False
ETH033,Health Centre,SNNPR,Oxytocin,2024-05,9.6,0.0,25,0,8.0,True
ETH033,Health Centre,SNNPR,Oxytocin,2024-06,0.0,100.0,8,1,0.0,True
ETH033,Health Centre,SNNPR,Oxytocin,2024-07,0.0,100.0,0,1,0.0,True
ETH033,Health Centre,SNNPR,Oxytocin,2024-08,0.0,100.0,0,1,0.0,True
ETH033,Health Centre,SNNPR,Oxytocin,2024-09,105.0,0.0,22,0,77.0,False
ETH033,Health Centre,SNNPR,Oxytocin,2024-10,62.4,0.0,25,0,52.0,False
ETH033,Health Centre,SNNPR,Oxytocin,2024-12,67.5,0.0,28,0,63.0,False
ETH034,Health Centre,Tigray,Artemether-Lumefantrine,2024-01,55.4,0.0,26,0,48.0,False
ETH034,Health Centre,Tigray,Artemether-Lumefantrine,2024-02,45.8,0.0,19,0,29.0,False
ETH034,Health Centre,Tigray,Artemether-Lumefantrine,2024-03,80.0,0.0,27,0,72.0,False
ETH034,Health Centre,Tigray,Artemether-Lumefantrine,2024-04,33.5,0.0,34,0,38.0,False
ETH034,Health Centre,Tigray,Artemether-Lumefantrine,2024-05,102.2,0.0,27,0,92.0,False
ETH034,Health Centre,Tigray,Artemether-Lumefantrine,2024-07,52.8,0.0,25,0,44.0,False
ETH034,Health Centre,Tigray,Artemether-Lumefantrine,2024-08,15.5,0.0,29,0,15.0,True
ETH034,Health Centre,Tigray,Artemether-Lumefantrine,2024-09,72.6,0.0,31,0,75.0,False
ETH034,Health Centre,Tigray,Artemether-Lumefantrine,2024-10,56.5,0.0,26,0,49.0,False
ETH034,Health Centre,Tigray,Artemether-Lumefantrine,2024-11,43.5,0.0,20,0,29.0,False
ETH034,Health Centre,Tigray,Artemether-Lumefantrine,2024-12,56.5,0.0,26,0,49.0,False
ETH034,Health Centre,Tigray,Magnesium Sulphate,2024-01,158.8,0.0,24,0,127.0,False
ETH034,Health Centre,Tigray,Magnesium Sulphate,2024-02,170.5,0.0,19,0,108.0,False
ETH034,Health Centre,Tigray,Magnesium Sulphate,2024-03,81.7,0.0,29,0,79.0,False
ETH034,Health Centre,Tigray,Magnesium Sulphate,2024-04,73.0,0.0,23,0,56.0,False
ETH034,Health Centre,Tigray,Magnesium Sulphate,2024-06,58.0,0.0,30,0,58.0,False
ETH034,Health Centre,Tigray,Magnesium Sulphate,2024-07,22.7,0.0,33,0,25.0,True
ETH034,Health Centre,Tigray,Magnesium Sulphate,2024-08,70.4,0.0,23,0,54.0,False
ETH034,Health Centre,Tigray,Magnesium Sulphate,2024-09,47.1,0.0,21,0,33.0,False
ETH034,Health Centre,Tigray,Magnesium Sulphate,2024-10,3.0,0.0,30,0,3.0,True
ETH034,Health Centre,Tigray,Magnesium Sulphate,2024-11,0.0,100.0,3,1,0.0,True
ETH034,Health Centre,Tigray,ORS/Zinc,2024-01,147.6,0.0,25,0,123.0,False
ETH034,Health Centre,Tigray,ORS/Zinc,2024-02,106.7,0.0,27,0,96.0,False
ETH034,Health Centre,Tigray,ORS/Zinc,2024-03,60.0,0.0,32,0,64.0,False
ETH034,Health Centre,Tigray,ORS/Zinc,2024-05,34.1,0.0,22,0,25.0,False
ETH034,Health Centre,Tigray,ORS/Zinc,2024-06,180.0,0.0,14,0,90.0,False
ETH034,Health Centre,Tigray,ORS/Zinc,2024-07,78.0,0.0,25,0,65.0,False
ETH034,Health Centre,Tigray,ORS/Zinc,2024-08,100.0,0.0,15,0,50.0,False
ETH034,Health Centre,Tigray,ORS/Zinc,2024-09,27.7,0.0,26,0,24.0,True
ETH034,Health Centre,Tigray,ORS/Zinc,2024-11,22.2,0.0,27,0,20.0,True
ETH034,Health Centre,Tigray,Oxytocin,2024-01,63.6,0.0,25,0,53.0,False
ETH034,Health Centre,Tigray,Oxytocin,2024-02,76.0,0.0,15,0,38.0,False
ETH034,Health Centre,Tigray,Oxytocin,2024-03,70.4,0.0,26,0,61.0,False
ETH034,Health Centre,Tigray,Oxytocin,2024-04,40.4,0.0,26,0,35.0,False
ETH034,Health Centre,Tigray,Oxytocin,2024-05,40.0,0.0,15,0,20.0,False
ETH034,Health Centre,Tigray,Oxytocin,2024-06,44.5,0.0,33,0,49.0,False
ETH034,Health Centre,Tigray,Oxytocin,2024-07,40.0,0.0,21,0,28.0,False
ETH034,Health Centre,Tigray,Oxytocin,2024-08,22.5,0.0,16,0,12.0,True
ETH034,Health Centre,Tigray,Oxytocin,2024-09,131.2,0.0,16,0,70.0,False
ETH034,Health Centre,Tigray,Oxytocin,2024-10,54.0,0.0,25,0,45.0,False
ETH034,Health Centre,Tigray,Oxytocin,2024-11,26.2,0.0,24,0,21.0,True
ETH034,Health Centre,Tigray,Oxytocin,2024-12,66.0,0.0,35,0,77.0,False
ETH035,Health Post,Amhara,Artemether-Lumefantrine,2024-01,42.0,0.0,10,0,14.0,False
ETH035,Health Post,Amhara,Artemether-Lumefantrine,2024-02,30.0,0.0,7,0,7.0,False
ETH035,Health Post,Amhara,Artemether-Lumefantrine,2024-04,90.0,0.0,5,0,15.0,False
ETH035,Health Post,Amhara,Artemether-Lumefantrine,2024-05,60.0,0.0,5,0,10.0,False
ETH035,Health Post,Amhara,Artemether-Lumefantrine,2024-06,3.3,0.0,9,0,1.0,True
ETH035,Health Post,Amhara,Artemether-Lumefantrine,2024-07,20.0,0.0,9,0,6.0,True
ETH035,Health Post,Amhara,Artemether-Lumefantrine,2024-08,0.0,100.0,6,1,0.0,True
ETH035,Health Post,Amhara,Artemether-Lumefantrine,2024-09,60.0,0.0,4,0,8.0,False
ETH035,Health Post,Amhara,Artemether-Lumefantrine,2024-10,77.1,0.0,7,0,18.0,False
ETH035,Health Post,Amhara,Artemether-Lumefantrine,2024-11,60.0,0.0,6,0,12.0,False
ETH035,Health Post,Amhara,Artemether-Lumefantrine,2024-12,150.0,0.0,2,0,10.0,False
ETH035,Health Post,Amhara,Magnesium Sulphate,2024-01,144.0,0.0,5,0,24.0,False
ETH035,Health Post,Amhara,Magnesium Sulphate,2024-02,90.0,0.0,6,0,18.0,False
ETH035,Health Post,Amhara,Magnesium Sulphate,2024-03,78.0,0.0,5,0,13.0,False
ETH035,Health Post,Amhara,Magnesium Sulphate,2024-04,5.5,0.0,11,0,2.0,True
ETH035,Health Post,Amhara,Magnesium Sulphate,2024-06,112.5,0.0,4,0,15.0,False
ETH035,Health Post,Amhara,Magnesium Sulphate,2024-07,15.0,0.0,10,0,5.0,True
ETH035,Health Post,Amhara,Magnesium Sulphate,2024-08,0.0,100.0,5,1,0.0,True
ETH035,Health Post,Amhara,Magnesium Sulphate,2024-09,52.5,0.0,8,0,14.0,False
ETH035,Health Post,Amhara,Magnesium Sulphate,2024-10,54.0,0.0,5,0,9.0,False
ETH035,Health Post,Amhara,Magnesium Sulphate,2024-11,0.0,100.0,9,1,0.0,True
ETH035,Health Post,Amhara,ORS/Zinc,2024-01,180.0,0.0,2,0,16.0,False
ETH035,Health Post,Amhara,ORS/Zinc,2024-02,50.0,0.0,6,0,10.0,False
ETH035,Health Post,Amhara,ORS/Zinc,2024-04,0.0,100.0,5,1,0.0,True
ETH035,Health Post,Amhara,ORS/Zinc,2024-05,102.0,0.0,5,0,17.0,False
ETH035,Health Post,Amhara,ORS/Zinc,2024-06,42.9,0.0,7,0,10.0,False
ETH035,Health Post,Amhara,ORS/Zinc,2024-07,45.0,0.0,4,0,6.0,False
ETH035,Health Post,Amhara,ORS/Zinc,2024-08,6.0,0.0,5,0,1.0,True
ETH035,Health Post,Amhara,ORS/Zinc,2024-10,40.0,0.0,6,0,8.0,False
ETH035,Health Post,Amhara,ORS/Zinc,2024-11,18.0,0.0,5,0,3.0,True
ETH035,Health Post,Amhara,ORS/Zinc,2024-12,75.0,0.0,6,0,15.0,False
ETH035,Health Post,Amhara,Oxytocin,2024-01,70.0,0.0,9,0,21.0,False
ETH035,Health Post,Amhara,Oxytocin,2024-02,180.0,0.0,1,0,20.0,False
ETH035,Health Post,Amhara,Oxytocin,2024-03,170.0,0.0,3,0,17.0,False
ETH035,Health Post,Amhara,Oxytocin,2024-05,50.0,0.0,3,0,5.0,False
ETH035,Health Post,Amhara,Oxytocin,2024-07,54.0,0.0,5,0,9.0,False
ETH035,Health Post,Amhara,Oxytocin,2024-08,84.0,0.0,5,0,14.0,False
ETH035,Health Post,Amhara,Oxytocin,2024-09,40.0,0.0,6,0,8.0,False
ETH035,Health Post,Amhara,Oxytocin,2024-10,10.0,0.0,6,0,2.0,True
ETH035,Health Post,Amhara,Oxytocin,2024-12,180.0,0.0,2,0,17.0,False
ETH036,Health Post,Amhara,Artemether-Lumefantrine,2024-01,135.0,0.0,6,0,27.0,False
ETH036,Health Post,Amhara,Artemether-Lumefantrine,2024-02,85.7,0.0,7,0,20.0,False
ETH036,Health Post,Amhara,Artemether-Lumefantrine,2024-03,45.0,0.0,8,0,12.0,False
ETH036,Health Post,Amhara,Artemether-Lumefantrine,2024-04,6.0,0.0,10,0,2.0,True
ETH036,Health Post,Amhara,Artemether-Lumefantrine,2024-05,0.0,100.0,2,1,0.0,True
ETH036,Health Post,Amhara,Artemether-Lumefantrine,2024-06,0.0,100.0,0,1,0.0,True
ETH036,Health Post,Amhara,Artemether-Lumefantrine,2024-07,56.7,0.0,9,0,17.0,False
ETH036,Health Post,Amhara,Artemether-Lumefantrine,2024-08,16.4,0.0,11,0,6.0,True
ETH036,Health Post,Amhara,Artemether-Lumefantrine,2024-09,0.0,100.0,6,1,0.0,True
ETH036,Health Post,Amhara,Artemether-Lumefantrine,2024-10,30.0,0.0,6,0,6.0,False
ETH036,Health Post,Amhara,Artemether-Lumefantrine,2024-11,37.5,0.0,8,0,10.0,False
ETH036,Health Post,Amhara,Artemether-Lumefantrine,2024-12,45.0,0.0,4,0,6.0,False
ETH036,Health Post,Amhara,Magnesium Sulphate,2024-01,60.0,0.0,7,0,14.0,False
ETH036,Health Post,Amhara,Magnesium Sulphate,2024-02,54.0,0.0,5,0,9.0,False
ETH036,Health Post,Amhara,Magnesium Sulphate,2024-03,15.0,0.0,6,0,3.0,True
ETH036,Health Post,Amhara,Magnesium Sulphate,2024-04,55.0,0.0,6,0,11.0,False
ETH036,Health Post,Amhara,Magnesium Sulphate,2024-05,36.0,0.0,5,0,6.0,False
ETH036,Health Post,Amhara,Magnesium Sulphate,2024-06,115.0,0.0,6,0,23.0,False
ETH036,Health Post,Amhara,Magnesium Sulphate,2024-07,108.0,0.0,5,0,18.0,False
ETH036,Health Post,Amhara,Magnesium Sulphate,2024-08,60.0,0.0,6,0,12.0,False
ETH036,Health Post,Amhara,Magnesium Sulphate,2024-09,21.4,0.0,7,0,5.0,True
ETH036,Health Post,Amhara,Magnesium Sulphate,2024-10,7.5,0.0,4,0,1.0,True
ETH036,Health Post,Amhara,Magnesium Sulphate,2024-11,33.0,0.0,10,0,11.0,False
ETH036,Health Post,Amhara,ORS/Zinc,2024-02,30.0,0.0,9,0,9.0,False
ETH036,Health Post,Amhara,ORS/Zinc,2024-03,95.0,0.0,6,0,19.0,False
ETH036,Health Post,Amhara,ORS/Zinc,2024-04,180.0,0.0,1,0,18.0,False
ETH036,Health Post,Amhara,ORS/Zinc,2024-05,105.0,0.0,4,0,14.0,False
ETH036,Health Post,Amhara,ORS/Zinc,2024-06,5.0,0.0,12,0,2.0,True
ETH036,Health Post,Amhara,ORS/Zinc,2024-07,0.0,100.0,2,1,0.0,True
ETH036,Health Post,Amhara,ORS/Zinc,2024-08,0.0,100.0,0,1,0.0,True
ETH036,Health Post,Amhara,ORS/Zinc,2024-09,0.0,100.0,0,1,0.0,True
ETH036,Health Post,Amhara,ORS/Zinc,2024-10,67.5,0.0,8,0,18.0,False
ETH036,Health Post,Amhara,ORS/Zinc,2024-11,180.0,0.0,2,0,16.0,False
ETH036,Health Post,Amhara,Oxytocin,2024-01,180.0,0.0,2,0,15.0,False
ETH036,Health Post,Amhara,Oxytocin,2024-02,82.5,0.0,4,0,11.0,False
ETH036,Health Post,Amhara,Oxytocin,2024-03,36.0,0.0,5,0,6.0,False
ETH036,Health Post,Amhara,Oxytocin,2024-04,15.0,0.0,4,0,2.0,True
ETH036,Health Post,Amhara,Oxytocin,2024-05,0.0,100.0,2,1,0.0,True
ETH036,Health Post,Amhara,Oxytocin,2024-06,102.0,0.0,5,0,17.0,False
ETH036,Health Post,Amhara,Oxytocin,2024-07,33.8,0.0,8,0,9.0,False
ETH036,Health Post,Amhara,Oxytocin,2024-09,60.0,0.0,5,0,10.0,False
ETH036,Health Post,Amhara,Oxytocin,2024-10,180.0,0.0,1,0,9.0,False
ETH036,Health Post,Amhara,Oxytocin,2024-11,36.7,0.0,9,0,11.0,False
ETH036,Health Post,Amhara,Oxytocin,2024-12,135.0,0.0,2,0,9.0,False
ETH037,Hospital,Oromia,Artemether-Lumefantrine,2024-01,142.2,0.0,96,0,455.0,False
ETH037,Hospital,Oromia,Artemether-Lumefantrine,2024-02,123.4,0.0,89,0,366.0,False
ETH037,Hospital,Oromia,Artemether-Lumefantrine,2024-03,103.9,0.0,82,0,284.0,False
ETH037,Hospital,Oromia,Artemether-Lumefantrine,2024-04,82.1,0.0,76,0,208.0,False
ETH037,Hospital,Oromia,Artemether-Lumefantrine,2024-05,44.3,0.0,84,0,124.0,False
ETH037,Hospital,Oromia,Artemether-Lumefantrine,2024-06,67.4,0.0,117,0,263.0,False
ETH037,Hospital,Oromia,Artemether-Lumefantrine,2024-07,23.3,0.0,148,0,115.0,True
ETH037,Hospital,Oromia,Artemether-Lumefantrine,2024-08,49.8,0.0,150,0,249.0,False
ETH037,Hospital,Oromia,Artemether-Lumefantrine,2024-09,19.8,0.0,150,0,99.0,True
ETH037,Hospital,Oromia,Artemether-Lumefantrine,2024-10,0.3,0.0,98,0,1.0,True
ETH037,Hospital,Oromia,Artemether-Lumefantrine,2024-11,80.5,0.0,98,0,263.0,False
ETH037,Hospital,Oromia,Artemether-Lumefantrine,2024-12,53.1,0.0,95,0,168.0,False
ETH037,Hospital,Oromia,Magnesium Sulphate,2024-01,77.2,0.0,94,0,242.0,False
ETH037,Hospital,Oromia,Magnesium Sulphate,2024-02,52.5,0.0,88,0,154.0,False
ETH037,Hospital,Oromia,Magnesium Sulphate,2024-03,19.7,0.0,93,0,61.0,True
ETH037,Hospital,Oromia,Magnesium Sulphate,2024-05,80.6,0.0,93,0,250.0,False
ETH037,Hospital,Oromia,Magnesium Sulphate,2024-06,53.3,0.0,90,0,160.0,False
ETH037,Hospital,Oromia,Magnesium Sulphate,2024-07,23.9,0.0,89,0,71.0,True
ETH037,Hospital,Oromia,Magnesium Sulphate,2024-08,90.3,0.0,99,0,298.0,False
ETH037,Hospital,Oromia,Magnesium Sulphate,2024-09,61.2,0.0,98,0,200.0,False
ETH037,Hospital,Oromia,Magnesium Sulphate,2024-10,29.4,0.0,101,0,99.0,True
ETH037,Hospital,Oromia,Magnesium Sulphate,2024-11,5.8,0.0,83,0,16.0,True
ETH037,Hospital,Oromia,Magnesium Sulphate,2024-12,0.0,100.0,16,1,0.0,True
ETH037,Hospital,Oromia,ORS/Zinc,2024-01,154.5,0.0,86,0,443.0,False
ETH037,Hospital,Oromia,ORS/Zinc,2024-02,105.6,0.0,98,0,345.0,False
ETH037,Hospital,Oromia,ORS/Zinc,2024-03,70.5,0.0,103,0,242.0,False
ETH037,Hospital,Oromia,ORS/Zinc,2024-04,53.4,0.0,87,0,155.0,False
ETH037,Hospital,Oromia,ORS/Zinc,2024-05,21.7,0.0,90,0,65.0,True
ETH037,Hospital,Oromia,ORS/Zinc,2024-06,104.6,0.0,82,0,286.0,False
ETH037,Hospital,Oromia,ORS/Zinc,2024-07,62.3,0.0,93,0,193.0,False
ETH037,Hospital,Oromia,ORS/Zinc,2024-08,31.6,0.0,94,0,99.0,False
ETH037,Hospital,Oromia,ORS/Zinc,2024-09,104.7,0.0,96,0,335.0,False
ETH037,Hospital,Oromia,ORS/Zinc,2024-10,88.2,0.0,85,0,250.0,False
ETH037,Hospital,Oromia,ORS/Zinc,2024-11,60.4,0.0,83,0,167.0,False
ETH037,Hospital,Oromia,ORS/Zinc,2024-12,26.9,0.0,88,0,79.0,True
ETH037,Hospital,Oromia,Oxytocin,2024-01,139.3,0.0,101,0,469.0,False
ETH037,Hospital,Oromia,Oxytocin,2024-02,112.1,0.0,99,0,370.0,False
ETH037,Hospital,Oromia,Oxytocin,2024-03,96.1,0.0,88,0,282.0,False
ETH037,Hospital,Oromia,Oxytocin,2024-04,69.5,0.0,85,0,197.0,False
ETH037,Hospital,Oromia,Oxytocin,2024-05,35.7,0.0,90,0,107.0,False
ETH037,Hospital,Oromia,Oxytocin,2024-07,71.0,0.0,98,0,232.0,False
ETH037,Hospital,Oromia,Oxytocin,2024-08,48.2,0.0,89,0,143.0,False
ETH037,Hospital,Oromia,Oxytocin,2024-09,96.8,0.0,92,0,297.0,False
ETH037,Hospital,Oromia,Oxytocin,2024-10,65.8,0.0,93,0,204.0,False
ETH037,Hospital,Oromia,Oxytocin,2024-11,38.8,0.0,89,0,115.0,False
ETH037,Hospital,Oromia,Oxytocin,2024-12,59.1,0.0,99,0,195.0,False
ETH038,Health Post,Tigray,Artemether-Lumefantrine,2024-01,27.5,0.0,12,0,11.0,True
ETH038,Health Post,Tigray,Artemether-Lumefantrine,2024-02,3.0,0.0,10,0,1.0,True
ETH038,Health Post,Tigray,Artemether-Lumefantrine,2024-03,56.2,0.0,8,0,15.0,False
ETH038,Health Post,Tigray,Artemether-Lumefantrine,2024-04,10.9,0.0,11,0,4.0,True
ETH038,Health Post,Tigray,Artemether-Lumefantrine,2024-05,75.0,0.0,6,0,15.0,False
ETH038,Health Post,Tigray,Artemether-Lumefantrine,2024-06,20.0,0.0,9,0,6.0,True
ETH038,Health Post,Tigray,Artemether-Lumefantrine,2024-07,0.0,100.0,6,1,0.0,True
ETH038,Health Post,Tigray,Artemether-Lumefantrine,2024-08,0.0,100.0,0,1,0.0,True
ETH038,Health Post,Tigray,Artemether-Lumefantrine,2024-09,0.0,100.0,0,1,0.0,True
ETH038,Health Post,Tigray,Artemether-Lumefantrine,2024-10,70.0,0.0,6,0,14.0,False
ETH038,Health Post,Tigray,Artemether-Lumefantrine,2024-12,157.5,0.0,4,0,21.0,False
ETH038,Health Post,Tigray,Magnesium Sulphate,2024-01,43.3,0.0,9,0,13.0,False
ETH038,Health Post,Tigray,Magnesium Sulphate,2024-02,100.0,0.0,3,0,10.0,False
ETH038,Health Post,Tigray,Magnesium Sulphate,2024-03,120.0,0.0,2,0,8.0,False
ETH038,Health Post,Tigray,Magnesium Sulphate,2024-04,18.0,0.0,5,0,3.0,True
ETH038,Health Post,Tigray,Magnesium Sulphate,2024-06,51.0,0.0,10,0,17.0,False
ETH038,Health Post,Tigray,Magnesium Sulphate,2024-07,72.0,0.0,5,0,12.0,False
ETH038,Health Post,Tigray,Magnesium Sulphate,2024-08,30.0,0.0,6,0,6.0,False
ETH038,Health Post,Tigray,Magnesium Sulphate,2024-09,15.0,0.0,4,0,2.0,True
ETH038,Health Post,Tigray,Magnesium Sulphate,2024-11,0.0,100.0,0,1,0.0,True
ETH038,Health Post,Tigray,Magnesium Sulphate,2024-12,0.0,100.0,0,1,0.0,True
ETH038,Health Post,Tigray,ORS/Zinc,2024-01,90.0,0.0,8,0,24.0,False
ETH038,Health Post,Tigray,ORS/Zinc,2024-02,180.0,0.0,3,0,21.0,False
ETH038,Health Post,Tigray,ORS/Zinc,2024-03,96.0,0.0,5,0,16.0,False
ETH038,Health Post,Tigray,ORS/Zinc,2024-05,21.4,0.0,7,0,5.0,True
ETH038,Health Post,Tigray,ORS/Zinc,2024-06,180.0,0.0,1,0,28.0,False
ETH038,Health Post,Tigray,ORS/Zinc,2024-07,75.0,0.0,8,0,20.0,False
ETH038,Health Post,Tigray,ORS/Zinc,2024-08,45.0,0.0,8,0,12.0,False
ETH038,Health Post,Tigray,ORS/Zinc,2024-09,2.7,0.0,11,0,1.0,True
ETH038,Health Post,Tigray,ORS/Zinc,2024-10,75.0,0.0,8,0,20.0,False
ETH038,Health Post,Tigray,ORS/Zinc,2024-11,30.0,0.0,10,0,10.0,False
ETH038,Health Post,Tigray,ORS/Zinc,2024-12,45.0,0.0,4,0,6.0,False
ETH038,Health Post,Tigray,Oxytocin,2024-02,130.0,0.0,6,0,26.0,False
ETH038,Health Post,Tigray,Oxytocin,2024-04,47.1,0.0,7,0,11.0,False
ETH038,Health Post,Tigray,Oxytocin,2024-05,36.0,0.0,5,0,6.0,False
ETH038,Health Post,Tigray,Oxytocin,2024-07,65.0,0.0,6,0,13.0,False
ETH038,Health Post,Tigray,Oxytocin,2024-09,81.4,0.0,7,0,19.0,False
ETH038,Health Post,Tigray,Oxytocin,2024-10,51.4,0.0,7,0,12.0,False
ETH038,Health Post,Tigray,Oxytocin,2024-12,0.0,100.0,3,1,0.0,True
ETH039,Health Post,Amhara,Artemether-Lumefantrine,2024-02,160.0,0.0,3,0,16.0,False
ETH039,Health Post,Amhara,Artemether-Lumefantrine,2024-04,22.5,0.0,4,0,3.0,True
ETH039,Health Post,Amhara,Artemether-Lumefantrine,2024-06,0.0,100.0,7,1,0.0,True
ETH039,Health Post,Amhara,Artemether-Lumefantrine,2024-07,30.0,0.0,6,0,6.0,False
ETH039,Health Post,Amhara,Artemether-Lumefantrine,2024-08,48.8,0.0,8,0,13.0,False
ETH039,Health Post,Amhara,Artemether-Lumefantrine,2024-09,18.8,0.0,8,0,5.0,True
ETH039,Health Post,Amhara,Artemether-Lumefantrine,2024-11,71.2,0.0,8,0,19.0,False
ETH039,Health Post,Amhara,Artemether-Lumefantrine,2024-12,51.4,0.0,7,0,12.0,False
ETH039,Health Post,Amhara,Magnesium Sulphate,2024-01,174.0,0.0,5,0,29.0,False
ETH039,Health Post,Amhara,Magnesium Sulphate,2024-02,78.8,0.0,8,0,21.0,False
ETH039,Health Post,Amhara,Magnesium Sulphate,2024-03,33.0,0.0,10,0,11.0,False
ETH039,Health Post,Amhara,Magnesium Sulphate,2024-04,17.1,0.0,7,0,4.0,True
ETH039,Health Post,Amhara,Magnesium Sulphate,2024-06,180.0,0.0,1,0,12.0,False
ETH039,Health Post,Amhara,Magnesium Sulphate,2024-07,42.0,0.0,5,0,7.0,False
ETH039,Health Post,Amhara,Magnesium Sulphate,2024-08,48.8,0.0,8,0,13.0,False
ETH039,Health Post,Amhara,Magnesium Sulphate,2024-09,13.3,0.0,9,0,4.0,True
ETH039,Health Post,Amhara,Magnesium Sulphate,2024-10,60.0,0.0,8,0,16.0,False
ETH039,Health Post,Amhara,Magnesium Sulphate,2024-11,38.6,0.0,7,0,9.0,False
ETH039,Health Post,Amhara,Magnesium Sulphate,2024-12,100.0,0.0,6,0,20.0,False
ETH039,Health Post,Amhara,ORS/Zinc,2024-01,174.0,0.0,5,0,29.0,False
ETH039,Health Post,Amhara,ORS/Zinc,2024-02,144.0,0.0,5,0,24.0,False
ETH039,Health Post,Amhara,ORS/Zinc,2024-03,180.0,0.0,3,0,21.0,False
ETH039,Health Post,Amhara,ORS/Zinc,2024-04,75.0,0.0,6,0,15.0,False
ETH039,Health Post,Amhara,ORS/Zinc,2024-05,34.3,0.0,7,0,8.0,False
ETH039,Health Post,Amhara,ORS/Zinc,2024-06,10.0,0.0,6,0,2.0,True
ETH039,Health Post,Amhara,ORS/Zinc,2024-07,67.5,0.0,4,0,9.0,False
ETH039,Health Post,Amhara,ORS/Zinc,2024-08,50.0,0.0,9,0,15.0,False
ETH039,Health Post,Amhara,ORS/Zinc,2024-10,0.0,100.0,10,1,0.0,True
ETH039,Health Post,Amhara,ORS/Zinc,2024-11,0.0,100.0,0,1,0.0,True
ETH039,Health Post,Amhara,Oxytocin,2024-01,66.0,0.0,5,0,11.0,False
ETH039,Health Post,Amhara,Oxytocin,2024-02,17.1,0.0,7,0,4.0,True
ETH039,Health Post,Amhara,Oxytocin,2024-03,10.0,0.0,3,0,1.0,True
ETH039,Health Post,Amhara,Oxytocin,2024-04,180.0,0.0,2,0,21.0,False
ETH039,Health Post,Amhara,Oxytocin,2024-05,180.0,0.0,3,0,18.0,False
ETH039,Health Post,Amhara,Oxytocin,2024-06,105.0,0.0,4,0,14.0,False
ETH039,Health Post,Amhara,Oxytocin,2024-07,54.0,0.0,5,0,9.0,False
ETH039,Health Post,Amhara,Oxytocin,2024-08,80.0,0.0,6,0,16.0,False
ETH039,Health Post,Amhara,Oxytocin,2024-09,10.0,0.0,12,0,4.0,True
ETH039,Health Post,Amhara,Oxytocin,2024-10,0.0,100.0,4,1,0.0,True
ETH039,Health Post,Amhara,Oxytocin,2024-11,45.0,0.0,6,0,9.0,False
ETH039,Health Post,Amhara,Oxytocin,2024-12,15.0,0.0,6,0,3.0,True
ETH040,Health Centre,SNNPR,Artemether-Lumefantrine,2024-01,102.9,0.0,28,0,96.0,False
ETH040,Health Centre,SNNPR,Artemether-Lumefantrine,2024-02,80.8,0.0,26,0,70.0,False
ETH040,Health Centre,SNNPR,Artemether-Lumefantrine,2024-03,50.8,0.0,26,0,44.0,False
ETH040,Health Centre,SNNPR,Artemether-Lumefantrine,2024-04,30.0,0.0,22,0,22.0,False
ETH040,Health Centre,SNNPR,Artemether-Lumefantrine,2024-05,85.7,0.0,28,0,80.0,False
ETH040,Health Centre,SNNPR,Artemether-Lumefantrine,2024-06,33.2,0.0,38,0,42.0,False
ETH040,Health Centre,SNNPR,Artemether-Lumefantrine,2024-07,6.0,0.0,35,0,7.0,True
ETH040,Health Centre,SNNPR,Artemether-Lumefantrine,2024-08,57.1,0.0,31,0,59.0,False
ETH040,Health Centre,SNNPR,Artemether-Lumefantrine,2024-09,13.2,0.0,41,0,18.0,True
ETH040,Health Centre,SNNPR,Artemether-Lumefantrine,2024-10,103.0,0.0,23,0,79.0,False
ETH040,Health Centre,SNNPR,Artemether-Lumefantrine,2024-11,118.1,0.0,16,0,63.0,False
ETH040,Health Centre,SNNPR,Artemether-Lumefantrine,2024-12,45.6,0.0,25,0,38.0,False
ETH040,Health Centre,SNNPR,Magnesium Sulphate,2024-01,78.5,0.0,26,0,68.0,False
ETH040,Health Centre,SNNPR,Magnesium Sulphate,2024-02,38.0,0.0,30,0,38.0,False
ETH040,Health Centre,SNNPR,Magnesium Sulphate,2024-04,98.8,0.0,17,0,56.0,False
ETH040,Health Centre,SNNPR,Magnesium Sulphate,2024-05,24.2,0.0,31,0,25.0,True
ETH040,Health Centre,SNNPR,Magnesium Sulphate,2024-06,73.8,0.0,24,0,59.0,False
ETH040,Health Centre,SNNPR,Magnesium Sulphate,2024-07,50.5,0.0,22,0,37.0,False
ETH040,Health Centre,SNNPR,Magnesium Sulphate,2024-08,11.1,0.0,27,0,10.0,True
ETH040,Health Centre,SNNPR,Magnesium Sulphate,2024-10,44.4,0.0,25,0,37.0,False
ETH040,Health Centre,SNNPR,Magnesium Sulphate,2024-11,53.6,0.0,42,0,75.0,False
ETH040,Health Centre,SNNPR,Magnesium Sulphate,2024-12,95.0,0.0,18,0,57.0,False
ETH040,Health Centre,SNNPR,ORS/Zinc,2024-01,72.2,0.0,27,0,65.0,False
ETH040,Health Centre,SNNPR,ORS/Zinc,2024-02,35.0,0.0,30,0,35.0,False
ETH040,Health Centre,SNNPR,ORS/Zinc,2024-03,81.8,0.0,22,0,60.0,False
ETH040,Health Centre,SNNPR,ORS/Zinc,2024-04,55.7,0.0,21,0,39.0,False
ETH040,Health Centre,SNNPR,ORS/Zinc,2024-05,38.8,0.0,17,0,22.0,False
ETH040,Health Centre,SNNPR,ORS/Zinc,2024-06,55.4,0.0,26,0,48.0,False
ETH040,Health Centre,SNNPR,ORS/Zinc,2024-08,156.0,0.0,15,0,78.0,False
ETH040,Health Centre,SNNPR,ORS/Zinc,2024-09,76.4,0.0,22,0,56.0,False
ETH040,Health Centre,SNNPR,ORS/Zinc,2024-11,10.9,0.0,22,0,8.0,True
ETH040,Health Centre,SNNPR,ORS/Zinc,2024-12,43.3,0.0,27,0,39.0,False
ETH040,Health Centre,SNNPR,Oxytocin,2024-01,58.2,0.0,34,0,66.0,False
ETH040,Health Centre,SNNPR,Oxytocin,2024-02,56.1,0.0,23,0,43.0,False
ETH040,Health Centre,SNNPR,Oxytocin,2024-03,13.0,0.0,30,0,13.0,True
ETH040,Health Centre,SNNPR,Oxytocin,2024-04,75.0,0.0,28,0,70.0,False
ETH040,Health Centre,SNNPR,Oxytocin,2024-05,70.0,0.0,21,0,49.0,False
ETH040,Health Centre,SNNPR,Oxytocin,2024-06,31.3,0.0,24,0,25.0,False
ETH040,Health Centre,SNNPR,Oxytocin,2024-07,83.8,0.0,24,0,67.0,False
ETH040,Health Centre,SNNPR,Oxytocin,2024-08,53.8,0.0,24,0,43.0,False
ETH040,Health Centre,SNNPR,Oxytocin,2024-10,0.0,100.0,17,1,0.0,True
ETH040,Health Centre,SNNPR,Oxytocin,2024-11,63.6,0.0,25,0,53.0,False
ETH040,Health Centre,SNNPR,Oxytocin,2024-12,92.3,0.0,13,0,40.0,False
ETH041,Health Centre,Amhara,Artemether-Lumefantrine,2024-01,127.2,0.0,29,0,123.0,False
ETH041,Health Centre,Amhara,Artemether-Lumefantrine,2024-02,137.7,0.0,22,0,101.0,False
ETH041,Health Centre,Amhara,Artemether-Lumefantrine,2024-03,129.5,0.0,19,0,82.0,False
ETH041,Health Centre,Amhara,Artemether-Lumefantrine,2024-04,46.9,0.0,32,0,50.0,False
ETH041,Health Centre,Amhara,Artemether-Lumefantrine,2024-07,43.8,0.0,39,0,57.0,False
ETH041,Health Centre,Amhara,Artemether-Lumefantrine,2024-08,17.5,0.0,36,0,21.0,True
ETH041,Health Centre,Amhara,Artemether-Lumefantrine,2024-09,52.8,0.0,29,0,51.0,False
ETH041,Health Centre,Amhara,Artemether-Lumefantrine,2024-10,33.8,0.0,24,0,27.0,False
ETH041,Health Centre,Amhara,Artemether-Lumefantrine,2024-11,0.0,100.0,27,1,0.0,True
ETH041,Health Centre,Amhara,Artemether-Lumefantrine,2024-12,51.1,0.0,27,0,46.0,False
ETH041,Health Centre,Amhara,Magnesium Sulphate,2024-01,97.5,0.0,24,0,78.0,False
ETH041,Health Centre,Amhara,Magnesium Sulphate,2024-02,100.0,0.0,18,0,60.0,False
ETH041,Health Centre,Amhara,Magnesium Sulphate,2024-03,24.5,0.0,33,0,27.0,True
ETH041,Health Centre,Amhara,Magnesium Sulphate,2024-04,172.9,0.0,17,0,98.0,False
ETH041,Health Centre,Amhara,Magnesium Sulphate,2024-05,71.4,0.0,29,0,69.0,False
ETH041,Health Centre,Amhara,Magnesium Sulphate,2024-06,99.4,0.0,16,0,53.0,False
ETH041,Health Centre,Amhara,Magnesium Sulphate,2024-07,58.3,0.0,18,0,35.0,False
ETH041,Health Centre,Amhara,Magnesium Sulphate,2024-08,17.7,0.0,22,0,13.0,True
ETH041,Health Centre,Amhara,Magnesium Sulphate,2024-09,58.9,0.0,28,0,55.0,False
ETH041,Health Centre,Amhara,Magnesium Sulphate,2024-10,80.0,0.0,15,0,40.0,False
ETH041,Health Centre,Amhara,Magnesium Sulphate,2024-11,30.0,0.0,20,0,20.0,False
ETH041,Health Centre,Amhara,Magnesium Sulphate,2024-12,78.5,0.0,26,0,68.0,False
ETH041,Health Centre,Amhara,ORS/Zinc,2024-01,57.4,0.0,23,0,44.0,False
ETH041,Health Centre,Amhara,ORS/Zinc,2024-02,39.5,0.0,19,0,25.0,False
ETH041,Health Centre,Amhara,ORS/Zinc,2024-03,1.2,0.0,24,0,1.0,True
ETH041,Health Centre,Amhara,ORS/Zinc,2024-04,0.0,100.0,1,1,0.0,True
ETH041,Health Centre,Amhara,ORS/Zinc,2024-05,104.2,0.0,19,0,66.0,False
ETH041,Health Centre,Amhara,ORS/Zinc,2024-06,40.7,0.0,28,0,38.0,False
ETH041,Health Centre,Amhara,ORS/Zinc,2024-07,73.8,0.0,24,0,59.0,False
ETH041,Health Centre,Amhara,ORS/Zinc,2024-09,19.6,0.0,23,0,15.0,True
ETH041,Health Centre,Amhara,ORS/Zinc,2024-10,118.4,0.0,19,0,75.0,False
ETH041,Health Centre,Amhara,ORS/Zinc,2024-11,102.4,0.0,17,0,58.0,False
ETH041,Health Centre,Amhara,Oxytocin,2024-01,180.0,0.0,18,0,140.0,False
ETH041,Health Centre,Amhara,Oxytocin,2024-02,160.9,0.0,22,0,118.0,False
ETH041,Health Centre,Amhara,Oxytocin,2024-03,123.9,0.0,23,0,95.0,False
ETH041,Health Centre,Amhara,Oxytocin,2024-04,105.7,0.0,21,0,74.0,False
ETH041,Health Centre,Amhara,Oxytocin,2024-05,46.6,0.0,29,0,45.0,False
ETH041,Health Centre,Amhara,Oxytocin,2024-06,12.2,0.0,32,0,13.0,True
ETH041,Health Centre,Amhara,Oxytocin,2024-07,87.9,0.0,28,0,82.0,False
ETH041,Health Centre,Amhara,Oxytocin,2024-08,57.9,0.0,28,0,54.0,False
ETH041,Health Centre,Amhara,Oxytocin,2024-09,43.6,0.0,22,0,32.0,False
ETH041,Health Centre,Amhara,Oxytocin,2024-10,156.7,0.0,18,0,94.0,False
ETH041,Health Centre,Amhara,Oxytocin,2024-11,78.5,0.0,26,0,68.0,False
ETH041,Health Centre,Amhara,Oxytocin,2024-12,62.7,0.0,22,0,46.0,False
ETH042,Health Centre,Amhara,Artemether-Lumefantrine,2024-01,65.7,0.0,21,0,46.0,False
ETH042,Health Centre,Amhara,Artemether-Lumefantrine,2024-03,117.4,0.0,23,0,90.0,False
ETH042,Health Centre,Amhara,Artemether-Lumefantrine,2024-04,70.0,0.0,27,0,63.0,False
ETH042,Health Centre,Amhara,Artemether-Lumefantrine,2024-05,40.0,0.0,27,0,36.0,False
ETH042,Health Centre,Amhara,Artemether-Lumefantrine,2024-07,0.0,100.0,0,1,0.0,True
ETH042,Health Centre,Amhara,Artemether-Lumefantrine,2024-08,54.1,0.0,41,0,74.0,False
ETH042,Health Centre,Amhara,Artemether-Lumefantrine,2024-09,31.7,0.0,36,0,38.0,False
ETH042,Health Centre,Amhara,Artemether-Lumefantrine,2024-12,35.7,0.0,21,0,25.0,False
ETH042,Health Centre,Amhara,Magnesium Sulphate,2024-01,84.4,0.0,27,0,76.0,False
ETH042,Health Centre,Amhara,Magnesium Sulphate,2024-02,96.7,0.0,18,0,58.0,False
ETH042,Health Centre,Amhara,Magnesium Sulphate,2024-03,28.0,0.0,30,0,28.0,True
ETH042,Health Centre,Amhara,Magnesium Sulphate,2024-04,40.6,0.0,34,0,46.0,False
ETH042,Health Centre,Amhara,Magnesium Sulphate,2024-05,23.1,0.0,26,0,20.0,True
ETH042,Health Centre,Amhara,Magnesium Sulphate,2024-06,154.7,0.0,19,0,98.0,False
ETH042,Health Centre,Amhara,Magnesium Sulphate,2024-07,56.5,0.0,34,0,64.0,False
ETH042,Health Centre,Amhara,Magnesium Sulphate,2024-08,41.1,0.0,27,0,37.0,False
ETH042,Health Centre,Amhara,Magnesium Sulphate,2024-09,180.0,0.0,12,0,93.0,False
ETH042,Health Centre,Amhara,Magnesium Sulphate,2024-10,125.0,0.0,18,0,75.0,False
ETH042,Health Centre,Amhara,Magnesium Sulphate,2024-11,67.8,0.0,23,0,52.0,False
ETH042,Health Centre,Amhara,Magnesium Sulphate,2024-12,44.3,0.0,21,0,31.0,False
ETH042,Health Centre,Amhara,ORS/Zinc,2024-01,77.6,0.0,29,0,75.0,False
ETH042,Health Centre,Amhara,ORS/Zinc,2024-02,102.4,0.0,17,0,58.0,False
ETH042,Health Centre,Amhara,ORS/Zinc,2024-04,25.7,0.0,21,0,18.0,True
ETH042,Health Centre,Amhara,ORS/Zinc,2024-05,65.1,0.0,35,0,76.0,False
ETH042,Health Centre,Amhara,ORS/Zinc,2024-06,43.5,0.0,31,0,45.0,False
ETH042,Health Centre,Amhara,ORS/Zinc,2024-07,34.3,0.0,21,0,24.0,False
ETH042,Health Centre,Amhara,ORS/Zinc,2024-08,140.0,0.0,18,0,84.0,False
ETH042,Health Centre,Amhara,ORS/Zinc,2024-09,110.0,0.0,18,0,66.0,False
ETH042,Health Centre,Amhara,ORS/Zinc,2024-10,69.0,0.0,20,0,46.0,False
ETH042,Health Centre,Amhara,ORS/Zinc,2024-11,39.0,0.0,20,0,26.0,False
ETH042,Health Centre,Amhara,ORS/Zinc,2024-12,75.9,0.0,32,0,81.0,False
ETH042,Health Centre,Amhara,Oxytocin,2024-01,148.8,0.0,25,0,124.0,False
ETH042,Health Centre,Amhara,Oxytocin,2024-02,107.8,0.0,27,0,97.0,False
ETH042,Health Centre,Amhara,Oxytocin,2024-03,96.5,0.0,23,0,74.0,False
ETH042,Health Centre,Amhara,Oxytocin,2024-04,55.4,0.0,26,0,48.0,False
ETH042,Health Centre,Amhara,Oxytocin,2024-05,23.3,0.0,27,0,21.0,True
ETH042,Health Centre,Amhara,Oxytocin,2024-06,62.1,0.0,29,0,60.0,False
ETH042,Health Centre,Amhara,Oxytocin,2024-07,82.5,0.0,16,0,44.0,False
ETH042,Health Centre,Amhara,Oxytocin,2024-08,39.5,0.0,19,0,25.0,False
ETH042,Health Centre,Amhara,Oxytocin,2024-09,91.1,0.0,28,0,85.0,False
ETH042,Health Centre,Amhara,Oxytocin,2024-10,55.0,0.0,30,0,55.0,False
ETH042,Health Centre,Amhara,Oxytocin,2024-11,87.9,0.0,14,0,41.0,False
ETH042,Health Centre,Amhara,Oxytocin,2024-12,34.7,0.0,19,0,22.0,False
ETH043,Health Post,Oromia,Artemether-Lumefantrine,2024-01,180.0,0.0,5,0,32.0,False
ETH043,Health Post,Oromia,Artemether-Lumefantrine,2024-02,162.0,0.0,5,0,27.0,False
ETH043,Health Post,Oromia,Artemether-Lumefantrine,2024-03,105.0,0.0,6,0,21.0,False
ETH043,Health Post,Oromia,Artemether-Lumefantrine,2024-04,96.0,0.0,5,0,16.0,False
ETH043,Health Post,Oromia,Artemether-Lumefantrine,2024-05,50.0,0.0,6,0,10.0,False
ETH043,Health Post,Oromia,Artemether-Lumefantrine,2024-06,0.0,100.0,10,1,0.0,True
ETH043,Health Post,Oromia,Artemether-Lumefantrine,2024-07,54.0,0.0,10,0,18.0,False
ETH043,Health Post,Oromia,Artemether-Lumefantrine,2024-08,11.5,0.0,13,0,5.0,True
ETH043,Health Post,Oromia,Artemether-Lumefantrine,2024-09,54.0,0.0,10,0,18.0,False
ETH043,Health Post,Oromia,Artemether-Lumefantrine,2024-10,19.1,0.0,11,0,7.0,True
ETH043,Health Post,Oromia,Artemether-Lumefantrine,2024-11,165.0,0.0,4,0,22.0,False
ETH043,Health Post,Oromia,Artemether-Lumefantrine,2024-12,52.5,0.0,8,0,14.0,False
ETH043,Health Post,Oromia,Magnesium Sulphate,2024-01,180.0,0.0,4,0,25.0,False
ETH043,Health Post,Oromia,Magnesium Sulphate,2024-02,77.1,0.0,7,0,18.0,False
ETH043,Health Post,Oromia,Magnesium Sulphate,2024-03,78.0,0.0,5,0,13.0,False
ETH043,Health Post,Oromia,Magnesium Sulphate,2024-04,48.0,0.0,5,0,8.0,False
ETH043,Health Post,Oromia,Magnesium Sulphate,2024-05,30.0,0.0,4,0,4.0,False
ETH043,Health Post,Oromia,Magnesium Sulphate,2024-06,0.0,100.0,4,1,0.0,True
ETH043,Health Post,Oromia,Magnesium Sulphate,2024-07,21.8,0.0,11,0,8.0,True
ETH043,Health Post,Oromia,Magnesium Sulphate,2024-08,75.0,0.0,6,0,15.0,False
ETH043,Health Post,Oromia,Magnesium Sulphate,2024-09,180.0,0.0,2,0,13.0,False
ETH043,Health Post,Oromia,Magnesium Sulphate,2024-10,48.0,0.0,5,0,8.0,False
ETH043,Health Post,Oromia,Magnesium Sulphate,2024-11,45.0,0.0,8,0,12.0,False
ETH043,Health Post,Oromia,Magnesium Sulphate,2024-12,30.0,0.0,6,0,6.0,False
ETH043,Health Post,Oromia,ORS/Zinc,2024-01,120.0,0.0,4,0,16.0,False
ETH043,Health Post,Oromia,ORS/Zinc,2024-02,66.0,0.0,5,0,11.0,False
ETH043,Health Post,Oromia,ORS/Zinc,2024-03,36.0,0.0,5,0,6.0,False
ETH043,Health Post,Oromia,ORS/Zinc,2024-04,64.3,0.0,7,0,15.0,False
ETH043,Health Post,Oromia,ORS/Zinc,2024-06,12.0,0.0,5,0,2.0,True
ETH043,Health Post,Oromia,ORS/Zinc,2024-07,180.0,0.0,2,0,15.0,False
ETH043,Health Post,Oromia,ORS/Zinc,2024-08,15.0,0.0,10,0,5.0,True
ETH043,Health Post,Oromia,ORS/Zinc,2024-09,45.0,0.0,2,0,3.0,False
ETH043,Health Post,Oromia,ORS/Zinc,2024-10,85.0,0.0,6,0,17.0,False
ETH043,Health Post,Oromia,ORS/Zinc,2024-11,42.9,0.0,7,0,10.0,False
ETH043,Health Post,Oromia,ORS/Zinc,2024-12,20.0,0.0,6,0,4.0,True
ETH043,Health Post,Oromia,Oxytocin,2024-01,46.7,0.0,9,0,14.0,False
ETH043,Health Post,Oromia,Oxytocin,2024-02,75.0,0.0,4,0,10.0,False
ETH043,Health Post,Oromia,Oxytocin,2024-03,30.0,0.0,5,0,5.0,False
ETH043,Health Post,Oromia,Oxytocin,2024-04,0.0,100.0,5,1,0.0,True
ETH043,Health Post,Oromia,Oxytocin,2024-05,0.0,100.0,0,1,0.0,True
ETH043,Health Post,Oromia,Oxytocin,2024-06,0.0,100.0,0,1,0.0,True
ETH043,Health Post,Oromia,Oxytocin,2024-07,180.0,0.0,2,0,27.0,False
ETH043,Health Post,Oromia,Oxytocin,2024-08,132.0,0.0,5,0,22.0,False
ETH043,Health Post,Oromia,Oxytocin,2024-09,52.5,0.0,8,0,14.0,False
ETH043,Health Post,Oromia,Oxytocin,2024-10,110.0,0.0,3,0,11.0,False
ETH043,Health Post,Oromia,Oxytocin,2024-11,11.2,0.0,8,0,3.0,True
ETH043,Health Post,Oromia,Oxytocin,2024-12,51.4,0.0,7,0,12.0,False
ETH044,Health Centre,SNNPR,Artemether-Lumefantrine,2024-01,99.2,0.0,26,0,86.0,False
ETH044,Health Centre,SNNPR,Artemether-Lumefantrine,2024-02,113.3,0.0,18,0,68.0,False
ETH044,Health Centre,SNNPR,Artemether-Lumefantrine,2024-04,15.0,0.0,28,0,14.0,True
ETH044,Health Centre,SNNPR,Artemether-Lumefantrine,2024-05,139.5,0.0,20,0,93.0,False
ETH044,Health Centre,SNNPR,Artemether-Lumefantrine,2024-06,69.6,0.0,28,0,65.0,False
ETH044,Health Centre,SNNPR,Artemether-Lumefantrine,2024-07,29.1,0.0,33,0,32.0,True
ETH044,Health Centre,SNNPR,Artemether-Lumefantrine,2024-08,62.2,0.0,27,0,56.0,False
ETH044,Health Centre,SNNPR,Artemether-Lumefantrine,2024-09,9.1,0.0,43,0,13.0,True
ETH044,Health Centre,SNNPR,Artemether-Lumefantrine,2024-10,0.0,100.0,13,1,0.0,True
ETH044,Health Centre,SNNPR,Artemether-Lumefantrine,2024-11,0.0,100.0,0,1,0.0,True
ETH044,Health Centre,SNNPR,Artemether-Lumefantrine,2024-12,48.6,0.0,29,0,47.0,False
ETH044,Health Centre,SNNPR,Magnesium Sulphate,2024-01,45.6,0.0,27,0,41.0,False
ETH044,Health Centre,SNNPR,Magnesium Sulphate,2024-02,13.9,0.0,28,0,13.0,True
ETH044,Health Centre,SNNPR,Magnesium Sulphate,2024-03,65.7,0.0,21,0,46.0,False
ETH044,Health Centre,SNNPR,Magnesium Sulphate,2024-04,11.8,0.0,33,0,13.0,True
ETH044,Health Centre,SNNPR,Magnesium Sulphate,2024-05,43.6,0.0,33,0,48.0,False
ETH044,Health Centre,SNNPR,Magnesium Sulphate,2024-06,11.1,0.0,35,0,13.0,True
ETH044,Health Centre,SNNPR,Magnesium Sulphate,2024-07,0.0,100.0,13,1,0.0,True
ETH044,Health Centre,SNNPR,Magnesium Sulphate,2024-08,50.0,0.0,21,0,35.0,False
ETH044,Health Centre,SNNPR,Magnesium Sulphate,2024-09,112.2,0.0,23,0,86.0,False
ETH044,Health Centre,SNNPR,Magnesium Sulphate,2024-10,77.5,0.0,24,0,62.0,False
ETH044,Health Centre,SNNPR,Magnesium Sulphate,2024-11,47.5,0.0,24,0,38.0,False
ETH044,Health Centre,SNNPR,Magnesium Sulphate,2024-12,17.5,0.0,24,0,14.0,True
ETH044,Health Centre,SNNPR,ORS/Zinc,2024-01,60.0,0.0,26,0,52.0,False
ETH044,Health Centre,SNNPR,ORS/Zinc,2024-02,30.0,0.0,26,0,26.0,False
ETH044,Health Centre,SNNPR,ORS/Zinc,2024-04,103.5,0.0,20,0,69.0,False
ETH044,Health Centre,SNNPR,ORS/Zinc,2024-05,68.6,0.0,21,0,48.0,False
ETH044,Health Centre,SNNPR,ORS/Zinc,2024-06,38.6,0.0,21,0,27.0,False
ETH044,Health Centre,SNNPR,ORS/Zinc,2024-07,143.3,0.0,18,0,86.0,False
ETH044,Health Centre,SNNPR,ORS/Zinc,2024-09,76.7,0.0,18,0,46.0,False
ETH044,Health Centre,SNNPR,ORS/Zinc,2024-10,11.8,0.0,33,0,13.0,True
ETH044,Health Centre,SNNPR,ORS/Zinc,2024-11,78.2,0.0,33,0,86.0,False
ETH044,Health Centre,SNNPR,ORS/Zinc,2024-12,77.5,0.0,24,0,62.0,False
ETH044,Health Centre,SNNPR,Oxytocin,2024-01,76.4,0.0,33,0,84.0,False
ETH044,Health Centre,SNNPR,Oxytocin,2024-02,90.0,0.0,21,0,63.0,False
ETH044,Health Centre,SNNPR,Oxytocin,2024-03,35.2,0.0,29,0,34.0,False
ETH044,Health Centre,SNNPR,Oxytocin,2024-04,158.8,0.0,17,0,90.0,False
ETH044,Health Centre,SNNPR,Oxytocin,2024-05,120.0,0.0,18,0,72.0,False
ETH044,Health Centre,SNNPR,Oxytocin,2024-06,50.0,0.0,27,0,45.0,False
ETH044,Health Centre,SNNPR,Oxytocin,2024-07,73.8,0.0,13,0,32.0,False
ETH044,Health Centre,SNNPR,Oxytocin,2024-08,4.3,0.0,28,0,4.0,True
ETH044,Health Centre,SNNPR,Oxytocin,2024-09,105.7,0.0,21,0,74.0,False
ETH044,Health Centre,SNNPR,Oxytocin,2024-10,49.3,0.0,28,0,46.0,False
ETH044,Health Centre,SNNPR,Oxytocin,2024-11,46.7,0.0,18,0,28.0,False
ETH044,Health Centre,SNNPR,Oxytocin,2024-12,2.3,0.0,26,0,2.0,True
ETH045,Health Post,Tigray,Artemether-Lumefantrine,2024-01,162.0,0.0,5,0,27.0,False
ETH045,Health Post,Tigray,Artemether-Lumefantrine,2024-02,105.0,0.0,6,0,21.0,False
ETH045,Health Post,Tigray,Artemether-Lumefantrine,2024-03,180.0,0.0,3,0,18.0,False
ETH045,Health Post,Tigray,Artemether-Lumefantrine,2024-05,135.0,0.0,2,0,9.0,False
ETH045,Health Post,Tigray,Artemether-Lumefantrine,2024-06,17.1,0.0,14,0,8.0,True
ETH045,Health Post,Tigray,Artemether-Lumefantrine,2024-07,40.9,0.0,11,0,15.0,False
ETH045,Health Post,Tigray,Artemether-Lumefantrine,2024-08,45.0,0.0,6,0,9.0,False
ETH045,Health Post,Tigray,Artemether-Lumefantrine,2024-10,114.0,0.0,5,0,19.0,False
ETH045,Health Post,Tigray,Artemether-Lumefantrine,2024-11,51.4,0.0,7,0,12.0,False
ETH045,Health Post,Tigray,Artemether-Lumefantrine,2024-12,10.0,0.0,9,0,3.0,True
ETH045,Health Post,Tigray,Magnesium Sulphate,2024-01,48.8,0.0,8,0,13.0,False
ETH045,Health Post,Tigray,Magnesium Sulphate,2024-02,13.3,0.0,9,0,4.0,True
ETH045,Health Post,Tigray,Magnesium Sulphate,2024-03,0.0,100.0,4,1,0.0,True
ETH045,Health Post,Tigray,Magnesium Sulphate,2024-05,17.1,0.0,7,0,4.0,True
ETH045,Health Post,Tigray,Magnesium Sulphate,2024-06,102.0,0.0,5,0,17.0,False
ETH045,Health Post,Tigray,Magnesium Sulphate,2024-07,180.0,0.0,2,0,15.0,False
ETH045,Health Post,Tigray,Magnesium Sulphate,2024-09,0.0,100.0,3,1,0.0,True
ETH045,Health Post,Tigray,Magnesium Sulphate,2024-10,180.0,0.0,2,0,12.0,False
ETH045,Health Post,Tigray,Magnesium Sulphate,2024-11,15.0,0.0,8,0,4.0,True
ETH045,Health Post,Tigray,Magnesium Sulphate,2024-12,0.0,100.0,4,1,0.0,True
ETH045,Health Post,Tigray,ORS/Zinc,2024-01,135.0,0.0,4,0,18.0,False
ETH045,Health Post,Tigray,ORS/Zinc,2024-02,24.0,0.0,10,0,8.0,True
ETH045,Health Post,Tigray,ORS/Zinc,2024-03,4.3,0.0,7,0,1.0,True
ETH045,Health Post,Tigray,ORS/Zinc,2024-04,0.0,100.0,1,1,0.0,True
ETH045,Health Post,Tigray,ORS/Zinc,2024-06,90.0,0.0,5,0,15.0,False
ETH045,Health Post,Tigray,ORS/Zinc,2024-07,26.2,0.0,8,0,7.0,True
ETH045,Health Post,Tigray,ORS/Zinc,2024-08,12.0,0.0,5,0,2.0,True
ETH045,Health Post,Tigray,ORS/Zinc,2024-09,0.0,100.0,2,1,0.0,True
ETH045,Health Post,Tigray,ORS/Zinc,2024-10,0.0,100.0,0,1,0.0,True
ETH045,Health Post,Tigray,ORS/Zinc,2024-11,180.0,0.0,3,0,18.0,False
ETH045,Health Post,Tigray,ORS/Zinc,2024-12,78.0,0.0,5,0,13.0,False
ETH045,Health Post,Tigray,Oxytocin,2024-01,24.0,0.0,10,0,8.0,True
ETH045,Health Post,Tigray,Oxytocin,2024-02,30.0,0.0,4,0,4.0,False
ETH045,Health Post,Tigray,Oxytocin,2024-03,0.0,100.0,4,1,0.0,True
ETH045,Health Post,Tigray,Oxytocin,2024-04,150.0,0.0,4,0,20.0,False
ETH045,Health Post,Tigray,Oxytocin,2024-05,45.0,0.0,8,0,12.0,False
ETH045,Health Post,Tigray,Oxytocin,2024-06,10.0,0.0,9,0,3.0,True
ETH045,Health Post,Tigray,Oxytocin,2024-07,55.7,0.0,7,0,13.0,False
ETH045,Health Post,Tigray,Oxytocin,2024-08,67.5,0.0,4,0,9.0,False
ETH045,Health Post,Tigray,Oxytocin,2024-10,57.0,0.0,10,0,19.0,False
ETH045,Health Post,Tigray,Oxytocin,2024-11,84.0,0.0,5,0,14.0,False
ETH045,Health Post,Tigray,Oxytocin,2024-12,30.0,0.0,7,0,7.0,False
ETH046,Health Post,Amhara,Artemether-Lumefantrine,2024-01,132.9,0.0,7,0,31.0,False
ETH046,Health Post,Amhara,Artemether-Lumefantrine,2024-02,180.0,0.0,3,0,28.0,False
ETH046,Health Post,Amhara,Artemether-Lumefantrine,2024-03,90.0,0.0,7,0,21.0,False
ETH046,Health Post,Amhara,Artemether-Lumefantrine,2024-04,127.5,0.0,4,0,17.0,False
ETH046,Health Post,Amhara,Artemether-Lumefantrine,2024-05,72.0,0.0,5,0,12.0,False
ETH046,Health Post,Amhara,Artemether-Lumefantrine,2024-06,10.0,0.0,9,0,3.0,True
ETH046,Health Post,Amhara,Artemether-Lumefantrine,2024-07,0.0,100.0,3,1,0.0,True
ETH046,Health Post,Amhara,Artemether-Lumefantrine,2024-08,0.0,100.0,0,1,0.0,True
ETH046,Health Post,Amhara,Artemether-Lumefantrine,2024-09,0.0,100.0,0,1,0.0,True
ETH046,Health Post,Amhara,Artemether-Lumefantrine,2024-10,160.0,0.0,3,0,16.0,False
ETH046,Health Post,Amhara,Artemether-Lumefantrine,2024-11,90.0,0.0,4,0,12.0,False
ETH046,Health Post,Amhara,Artemether-Lumefantrine,2024-12,42.0,0.0,5,0,7.0,False
ETH046,Health Post,Amhara,Magnesium Sulphate,2024-01,77.1,0.0,7,0,18.0,False
ETH046,Health Post,Amhara,Magnesium Sulphate,2024-02,47.1,0.0,7,0,11.0,False
ETH046,Health Post,Amhara,Magnesium Sulphate,2024-03,0.0,100.0,11,1,0.0,True
ETH046,Health Post,Amhara,Magnesium Sulphate,2024-04,77.1,0.0,7,0,18.0,False
ETH046,Health Post,Amhara,Magnesium Sulphate,2024-05,47.1,0.0,7,0,11.0,False
ETH046,Health Post,Amhara,Magnesium Sulphate,2024-06,6.7,0.0,9,0,2.0,True
ETH046,Health Post,Amhara,Magnesium Sulphate,2024-07,96.0,0.0,5,0,16.0,False
ETH046,Health Post,Amhara,Magnesium Sulphate,2024-09,102.0,0.0,5,0,17.0,False
ETH046,Health Post,Amhara,Magnesium Sulphate,2024-10,180.0,0.0,2,0,15.0,False
ETH046,Health Post,Amhara,Magnesium Sulphate,2024-11,15.0,0.0,10,0,5.0,True
ETH046,Health Post,Amhara,Magnesium Sulphate,2024-12,115.0,0.0,6,0,23.0,False
ETH046,Health Post,Amhara,ORS/Zinc,2024-01,75.0,0.0,6,0,15.0,False
ETH046,Health Post,Amhara,ORS/Zinc,2024-02,60.0,0.0,5,0,10.0,False
ETH046,Health Post,Amhara,ORS/Zinc,2024-03,30.0,0.0,5,0,5.0,False
ETH046,Health Post,Amhara,ORS/Zinc,2024-04,60.0,0.0,6,0,12.0,False
ETH046,Health Post,Amhara,ORS/Zinc,2024-05,42.0,0.0,5,0,7.0,False
ETH046,Health Post,Amhara,ORS/Zinc,2024-06,5.0,0.0,6,0,1.0,True
ETH046,Health Post,Amhara,ORS/Zinc,2024-07,0.0,100.0,1,1,0.0,True
ETH046,Health Post,Amhara,ORS/Zinc,2024-09,30.0,0.0,10,0,10.0,False
ETH046,Health Post,Amhara,ORS/Zinc,2024-10,12.9,0.0,7,0,3.0,True
ETH046,Health Post,Amhara,ORS/Zinc,2024-11,78.0,0.0,5,0,13.0,False
ETH046,Health Post,Amhara,ORS/Zinc,2024-12,100.0,0.0,3,0,10.0,False
ETH046,Health Post,Amhara,Oxytocin,2024-01,180.0,0.0,4,0,33.0,False
ETH046,Health Post,Amhara,Oxytocin,2024-02,180.0,0.0,3,0,30.0,False
ETH046,Health Post,Amhara,Oxytocin,2024-03,120.0,0.0,6,0,24.0,False
ETH046,Health Post,Amhara,Oxytocin,2024-04,50.0,0.0,9,0,15.0,False
ETH046,Health Post,Amhara,Oxytocin,2024-05,26.2,0.0,8,0,7.0,True
ETH046,Health Post,Amhara,Oxytocin,2024-06,5.0,0.0,6,0,1.0,True
ETH046,Health Post,Amhara,Oxytocin,2024-07,66.0,0.0,5,0,11.0,False
ETH046,Health Post,Amhara,Oxytocin,2024-08,52.5,0.0,4,0,7.0,False
ETH046,Health Post,Amhara,Oxytocin,2024-09,112.5,0.0,4,0,15.0,False
ETH046,Health Post,Amhara,Oxytocin,2024-10,26.2,0.0,8,0,7.0,True
ETH046,Health Post,Amhara,Oxytocin,2024-11,0.0,100.0,7,1,0.0,True
ETH046,Health Post,Amhara,Oxytocin,2024-12,96.0,0.0,5,0,16.0,False
ETH047,Health Centre,Oromia,Artemether-Lumefantrine,2024-01,154.8,0.0,25,0,129.0,False
ETH047,Health Centre,Oromia,Artemether-Lumefantrine,2024-02,138.3,0.0,23,0,106.0,False
ETH047,Health Centre,Oromia,Artemether-Lumefantrine,2024-03,83.6,0.0,28,0,78.0,False
ETH047,Health Centre,Oromia,Artemether-Lumefantrine,2024-04,93.2,0.0,19,0,59.0,False
ETH047,Health Centre,Oromia,Artemether-Lumefantrine,2024-05,31.0,0.0,29,0,30.0,False
ETH047,Health Centre,Oromia,Artemether-Lumefantrine,2024-06,33.3,0.0,45,0,50.0,False
ETH047,Health Centre,Oromia,Artemether-Lumefantrine,2024-07,9.5,0.0,38,0,12.0,True
ETH047,Health Centre,Oromia,Artemether-Lumefantrine,2024-08,0.0,100.0,12,1,0.0,True
ETH047,Health Centre,Oromia,Artemether-Lumefantrine,2024-09,50.6,0.0,35,0,59.0,False
ETH047,Health Centre,Oromia,Artemether-Lumefantrine,2024-10,54.3,0.0,21,0,38.0,False
ETH047,Health Centre,Oromia,Artemether-Lumefantrine,2024-11,49.7,0.0,32,0,53.0,False
ETH047,Health Centre,Oromia,Artemether-Lumefantrine,2024-12,24.8,0.0,29,0,24.0,True
ETH047,Health Centre,Oromia,Magnesium Sulphate,2024-01,87.0,0.0,30,0,87.0,False
ETH047,Health Centre,Oromia,Magnesium Sulphate,2024-02,88.6,0.0,22,0,65.0,False
ETH047,Health Centre,Oromia,Magnesium Sulphate,2024-03,67.5,0.0,20,0,45.0,False
ETH047,Health Centre,Oromia,Magnesium Sulphate,2024-05,105.7,0.0,23,0,81.0,False
ETH047,Health Centre,Oromia,Magnesium Sulphate,2024-06,53.8,0.0,29,0,52.0,False
ETH047,Health Centre,Oromia,Magnesium Sulphate,2024-07,44.3,0.0,21,0,31.0,False
ETH047,Health Centre,Oromia,Magnesium Sulphate,2024-08,114.5,0.0,22,0,84.0,False
ETH047,Health Centre,Oromia,Magnesium Sulphate,2024-09,75.0,0.0,24,0,60.0,False
ETH047,Health Centre,Oromia,Magnesium Sulphate,2024-10,34.3,0.0,28,0,32.0,False
ETH047,Health Centre,Oromia,Magnesium Sulphate,2024-11,92.9,0.0,21,0,65.0,False
ETH047,Health Centre,Oromia,Magnesium Sulphate,2024-12,48.0,0.0,25,0,40.0,False
ETH047,Health Centre,Oromia,ORS/Zinc,2024-01,67.1,0.0,21,0,47.0,False
ETH047,Health Centre,Oromia,ORS/Zinc,2024-02,28.8,0.0,24,0,23.0,True
ETH047,Health Centre,Oromia,ORS/Zinc,2024-03,80.0,0.0,27,0,72.0,False
ETH047,Health Centre,Oromia,ORS/Zinc,2024-04,60.0,0.0,24,0,48.0,False
ETH047,Health Centre,Oromia,ORS/Zinc,2024-05,35.5,0.0,22,0,26.0,False
ETH047,Health Centre,Oromia,ORS/Zinc,2024-07,36.4,0.0,33,0,40.0,False
ETH047,Health Centre,Oromia,ORS/Zinc,2024-08,22.2,0.0,23,0,17.0,True
ETH047,Health Centre,Oromia,ORS/Zinc,2024-09,108.0,0.0,15,0,54.0,False
ETH047,Health Centre,Oromia,ORS/Zinc,2024-10,16.3,0.0,35,0,19.0,True
ETH047,Health Centre,Oromia,ORS/Zinc,2024-11,83.8,0.0,24,0,67.0,False
ETH047,Health Centre,Oromia,ORS/Zinc,2024-12,44.4,0.0,27,0,40.0,False
ETH047,Health Centre,Oromia,Oxytocin,2024-01,169.6,0.0,23,0,130.0,False
ETH047,Health Centre,Oromia,Oxytocin,2024-02,147.3,0.0,22,0,108.0,False
ETH047,Health Centre,Oromia,Oxytocin,2024-03,160.6,0.0,17,0,91.0,False
ETH047,Health Centre,Oromia,Oxytocin,2024-04,75.0,0.0,26,0,65.0,False
ETH047,Health Centre,Oromia,Oxytocin,2024-05,39.6,0.0,28,0,37.0,False
ETH047,Health Centre,Oromia,Oxytocin,2024-06,102.0,0.0,20,0,68.0,False
ETH047,Health Centre,Oromia,Oxytocin,2024-07,51.6,0.0,25,0,43.0,False
ETH047,Health Centre,Oromia,Oxytocin,2024-08,23.8,0.0,24,0,19.0,True
ETH047,Health Centre,Oromia,Oxytocin,2024-09,155.0,0.0,18,0,93.0,False
ETH047,Health Centre,Oromia,Oxytocin,2024-10,66.2,0.0,29,0,64.0,False
ETH047,Health Centre,Oromia,Oxytocin,2024-11,57.3,0.0,22,0,42.0,False
ETH047,Health Centre,Oromia,Oxytocin,2024-12,10.6,0.0,31,0,11.0,True
ETH048,Health Post,SNNPR,Artemether-Lumefantrine,2024-01,180.0,0.0,1,0,34.0,False
ETH048,Health Post,SNNPR,Artemether-Lumefantrine,2024-02,174.0,0.0,5,0,29.0,False
ETH048,Health Post,SNNPR,Artemether-Lumefantrine,2024-03,36.9,0.0,13,0,16.0,False
ETH048,Health Post,SNNPR,Artemether-Lumefantrine,2024-04,50.0,0.0,6,0,10.0,False
ETH048,Health Post,SNNPR,Artemether-Lumefantrine,2024-05,7.5,0.0,8,0,2.0,True
ETH048,Health Post,SNNPR,Artemether-Lumefantrine,2024-06,26.7,0.0,9,0,8.0,True
ETH048,Health Post,SNNPR,Artemether-Lumefantrine,2024-07,0.0,100.0,8,1,0.0,True
ETH048,Health Post,SNNPR,Artemether-Lumefantrine,2024-08,0.0,100.0,0,1,0.0,True
ETH048,Health Post,SNNPR,Artemether-Lumefantrine,2024-10,94.3,0.0,7,0,22.0,False
ETH048,Health Post,SNNPR,Artemether-Lumefantrine,2024-11,80.0,0.0,6,0,16.0,False
ETH048,Health Post,SNNPR,Artemether-Lumefantrine,2024-12,38.6,0.0,7,0,9.0,False
ETH048,Health Post,SNNPR,Magnesium Sulphate,2024-01,180.0,0.0,4,0,34.0,False
ETH048,Health Post,SNNPR,Magnesium Sulphate,2024-02,174.0,0.0,5,0,29.0,False
ETH048,Health Post,SNNPR,Magnesium Sulphate,2024-03,144.0,0.0,5,0,24.0,False
ETH048,Health Post,SNNPR,Magnesium Sulphate,2024-04,60.0,0.0,8,0,16.0,False
ETH048,Health Post,SNNPR,Magnesium Sulphate,2024-06,45.0,0.0,6,0,9.0,False
ETH048,Health Post,SNNPR,Magnesium Sulphate,2024-07,180.0,0.0,3,0,22.0,False
ETH048,Health Post,SNNPR,Magnesium Sulphate,2024-08,64.3,0.0,7,0,15.0,False
ETH048,Health Post,SNNPR,Magnesium Sulphate,2024-09,60.0,0.0,5,0,10.0,False
ETH048,Health Post,SNNPR,Magnesium Sulphate,2024-10,7.5,0.0,8,0,2.0,True
ETH048,Health Post,SNNPR,Magnesium Sulphate,2024-11,41.2,0.0,8,0,11.0,False
ETH048,Health Post,SNNPR,ORS/Zinc,2024-01,90.0,0.0,9,0,27.0,False
ETH048,Health Post,SNNPR,ORS/Zinc,2024-03,47.1,0.0,7,0,11.0,False
ETH048,Health Post,SNNPR,ORS/Zinc,2024-04,11.2,0.0,8,0,3.0,True
ETH048,Health Post,SNNPR,ORS/Zinc,2024-05,90.0,0.0,6,0,18.0,False
ETH048,Health Post,SNNPR,ORS/Zinc,2024-06,78.0,0.0,5,0,13.0,False
ETH048,Health Post,SNNPR,ORS/Zinc,2024-07,67.5,0.0,4,0,9.0,False
ETH048,Health Post,SNNPR,ORS/Zinc,2024-08,180.0,0.0,3,0,26.0,False
ETH048,Health Post,SNNPR,ORS/Zinc,2024-09,100.0,0.0,6,0,20.0,False
ETH048,Health Post,SNNPR,ORS/Zinc,2024-11,65.0,0.0,6,0,13.0,False
ETH048,Health Post,SNNPR,ORS/Zinc,2024-12,100.0,0.0,3,0,10.0,False
ETH048,Health Post,SNNPR,Oxytocin,2024-01,110.0,0.0,6,0,22.0,False
ETH048,Health Post,SNNPR,Oxytocin,2024-02,80.0,0.0,6,0,16.0,False
ETH048,Health Post,SNNPR,Oxytocin,2024-03,66.0,0.0,5,0,11.0,False
ETH048,Health Post,SNNPR,Oxytocin,2024-04,3.0,0.0,10,0,1.0,True
ETH048,Health Post,SNNPR,Oxytocin,2024-06,65.0,0.0,6,0,13.0,False
ETH048,Health Post,SNNPR,Oxytocin,2024-07,48.0,0.0,5,0,8.0,False
ETH048,Health Post,SNNPR,Oxytocin,2024-08,94.3,0.0,7,0,22.0,False
ETH048,Health Post,SNNPR,Oxytocin,2024-09,180.0,0.0,2,0,20.0,False
ETH048,Health Post,SNNPR,Oxytocin,2024-10,55.7,0.0,7,0,13.0,False
ETH048,Health Post,SNNPR,Oxytocin,2024-11,2.5,0.0,12,0,1.0,True
ETH048,Health Post,SNNPR,Oxytocin,2024-12,0.0,100.0,1,1,0.0,True
ETH049,Health Post,Tigray,Artemether-Lumefantrine,2024-01,115.7,0.0,7,0,27.0,False
ETH049,Health Post,Tigray,Artemether-Lumefantrine,2024-02,105.0,0.0,6,0,21.0,False
ETH049,Health Post,Tigray,Artemether-Lumefantrine,2024-03,33.0,0.0,10,0,11.0,False
ETH049,Health Post,Tigray,Artemether-Lumefantrine,2024-04,6.7,0.0,9,0,2.0,True
ETH049,Health Post,Tigray,Artemether-Lumefantrine,2024-05,127.5,0.0,4,0,17.0,False
ETH049,Health Post,Tigray,Artemether-Lumefantrine,2024-06,33.8,0.0,8,0,9.0,False
ETH049,Health Post,Tigray,Artemether-Lumefantrine,2024-07,8.0,0.0,15,0,4.0,True
ETH049,Health Post,Tigray,Artemether-Lumefantrine,2024-08,0.0,100.0,4,1,0.0,True
ETH049,Health Post,Tigray,Artemether-Lumefantrine,2024-10,50.0,0.0,6,0,10.0,False
ETH049,Health Post,Tigray,Artemether-Lumefantrine,2024-11,3.3,0.0,9,0,1.0,True
ETH049,Health Post,Tigray,Artemether-Lumefantrine,2024-12,0.0,100.0,1,1,0.0,True
ETH049,Health Post,Tigray,Magnesium Sulphate,2024-01,180.0,0.0,3,0,21.0,False
ETH049,Health Post,Tigray,Magnesium Sulphate,2024-02,75.0,0.0,6,0,15.0,False
ETH049,Health Post,Tigray,Magnesium Sulphate,2024-03,60.0,0.0,5,0,10.0,False
ETH049,Health Post,Tigray,Magnesium Sulphate,2024-04,70.0,0.0,3,0,7.0,False
ETH049,Health Post,Tigray,Magnesium Sulphate,2024-05,24.0,0.0,10,0,8.0,True
ETH049,Health Post,Tigray,Magnesium Sulphate,2024-07,80.0,0.0,3,0,8.0,False
ETH049,Health Post,Tigray,Magnesium Sulphate,2024-08,65.0,0.0,6,0,13.0,False
ETH049,Health Post,Tigray,Magnesium Sulphate,2024-09,100.0,0.0,3,0,10.0,False
ETH049,Health Post,Tigray,Magnesium Sulphate,2024-10,20.0,0.0,6,0,4.0,True
ETH049,Health Post,Tigray,Magnesium Sulphate,2024-11,142.5,0.0,4,0,19.0,False
ETH049,Health Post,Tigray,Magnesium Sulphate,2024-12,180.0,0.0,2,0,17.0,False
ETH049,Health Post,Tigray,ORS/Zinc,2024-01,45.0,0.0,10,0,15.0,False
ETH049,Health Post,Tigray,ORS/Zinc,2024-02,82.5,0.0,4,0,11.0,False
ETH049,Health Post,Tigray,ORS/Zinc,2024-03,36.0,0.0,5,0,6.0,False
ETH049,Health Post,Tigray,ORS/Zinc,2024-04,72.9,0.0,7,0,17.0,False
ETH049,Health Post,Tigray,ORS/Zinc,2024-05,21.0,0.0,10,0,7.0,True
ETH049,Health Post,Tigray,ORS/Zinc,2024-06,0.0,100.0,7,1,0.0,True
ETH049,Health Post,Tigray,ORS/Zinc,2024-07,0.0,100.0,0,1,0.0,True
ETH049,Health Post,Tigray,ORS/Zinc,2024-08,45.0,0.0,6,0,9.0,False
ETH049,Health Post,Tigray,ORS/Zinc,2024-09,0.0,100.0,9,1,0.0,True
ETH049,Health Post,Tigray,ORS/Zinc,2024-10,30.0,0.0,9,0,9.0,False
ETH049,Health Post,Tigray,ORS/Zinc,2024-11,60.0,0.0,3,0,6.0,False
ETH049,Health Post,Tigray,Oxytocin,2024-01,41.2,0.0,8,0,11.0,False
ETH049,Health Post,Tigray,Oxytocin,2024-02,36.0,0.0,5,0,6.0,False
ETH049,Health Post,Tigray,Oxytocin,2024-03,63.3,0.0,9,0,19.0,False
ETH049,Health Post,Tigray,Oxytocin,2024-05,0.0,100.0,9,1,0.0,True
ETH049,Health Post,Tigray,Oxytocin,2024-06,0.0,100.0,0,1,0.0,True
ETH049,Health Post,Tigray,Oxytocin,2024-08,180.0,0.0,2,0,24.0,False
ETH049,Health Post,Tigray,Oxytocin,2024-09,114.0,0.0,5,0,19.0,False
ETH049,Health Post,Tigray,Oxytocin,2024-10,21.8,0.0,11,0,8.0,True
ETH049,Health Post,Tigray,Oxytocin,2024-11,30.0,0.0,4,0,4.0,False
ETH049,Health Post,Tigray,Oxytocin,2024-12,43.6,0.0,11,0,16.0,False
ETH050,Health Post,Amhara,Artemether-Lumefantrine,2024-01,150.0,0.0,4,0,20.0,False
ETH050,Health Post,Amhara,Artemether-Lumefantrine,2024-02,70.0,0.0,6,0,14.0,False
ETH050,Health Post,Amhara,Artemether-Lumefantrine,2024-04,5.0,0.0,6,0,1.0,True
ETH050,Health Post,Amhara,Artemether-Lumefantrine,2024-05,60.0,0.0,5,0,10.0,False
ETH050,Health Post,Amhara,Artemether-Lumefantrine,2024-06,0.0,100.0,10,1,0.0,True
ETH050,Health Post,Amhara,Artemether-Lumefantrine,2024-07,16.4,0.0,11,0,6.0,True
ETH050,Health Post,Amhara,Artemether-Lumefantrine,2024-08,35.0,0.0,12,0,14.0,False
ETH050,Health Post,Amhara,Artemether-Lumefantrine,2024-09,54.0,0.0,5,0,9.0,False
ETH050,Health Post,Amhara,Artemether-Lumefantrine,2024-10,37.5,0.0,4,0,5.0,False
ETH050,Health Post,Amhara,Artemether-Lumefantrine,2024-11,0.0,100.0,5,1,0.0,True
ETH050,Health Post,Amhara,Artemether-Lumefantrine,2024-12,25.7,0.0,7,0,6.0,True
ETH050,Health Post,Amhara,Magnesium Sulphate,2024-01,110.0,0.0,6,0,22.0,False
ETH050,Health Post,Amhara,Magnesium Sulphate,2024-02,180.0,0.0,3,0,19.0,False
ETH050,Health Post,Amhara,Magnesium Sulphate,2024-03,65.0,0.0,6,0,13.0,False
ETH050,Health Post,Amhara,Magnesium Sulphate,2024-04,35.0,0.0,6,0,7.0,False
ETH050,Health Post,Amhara,Magnesium Sulphate,2024-05,112.5,0.0,4,0,15.0,False
ETH050,Health Post,Amhara,Magnesium Sulphate,2024-06,82.5,0.0,4,0,11.0,False
ETH050,Health Post,Amhara,Magnesium Sulphate,2024-07,135.0,0.0,2,0,9.0,False
ETH050,Health Post,Amhara,Magnesium Sulphate,2024-08,8.6,0.0,7,0,2.0,True
ETH050,Health Post,Amhara,Magnesium Sulphate,2024-09,102.0,0.0,5,0,17.0,False
ETH050,Health Post,Amhara,Magnesium Sulphate,2024-10,16.4,0.0,11,0,6.0,True
ETH050,Health Post,Amhara,Magnesium Sulphate,2024-11,60.0,0.0,6,0,12.0,False
ETH050,Health Post,Amhara,Magnesium Sulphate,2024-12,42.0,0.0,5,0,7.0,False
ETH050,Health Post,Amhara,ORS/Zinc,2024-01,75.0,0.0,6,0,15.0,False
ETH050,Health Post,Amhara,ORS/Zinc,2024-02,82.5,0.0,4,0,11.0,False
ETH050,Health Post,Amhara,ORS/Zinc,2024-03,17.1,0.0,7,0,4.0,True
ETH050,Health Post,Amhara,ORS/Zinc,2024-04,90.0,0.0,6,0,18.0,False
ETH050,Health Post,Amhara,ORS/Zinc,2024-05,30.0,0.0,9,0,9.0,False
ETH050,Health Post,Amhara,ORS/Zinc,2024-06,41.2,0.0,8,0,11.0,False
ETH050,Health Post,Amhara,ORS/Zinc,2024-07,36.0,0.0,5,0,6.0,False
ETH050,Health Post,Amhara,ORS/Zinc,2024-08,0.0,100.0,6,1,0.0,True
ETH050,Health Post,Amhara,ORS/Zinc,2024-09,135.0,0.0,4,0,18.0,False
ETH050,Health Post,Amhara,ORS/Zinc,2024-10,150.0,0.0,3,0,15.0,False
ETH050,Health Post,Amhara,ORS/Zinc,2024-11,45.0,0.0,6,0,9.0,False
ETH050,Health Post,Amhara,ORS/Zinc,2024-12,172.5,0.0,4,0,23.0,False
ETH050,Health Post,Amhara,Oxytocin,2024-01,55.0,0.0,6,0,11.0,False
ETH050,Health Post,Amhara,Oxytocin,2024-02,11.2,0.0,8,0,3.0,True
ETH050,Health Post,Amhara,Oxytocin,2024-03,138.0,0.0,5,0,23.0,False
ETH050,Health Post,Amhara,Oxytocin,2024-04,46.7,0.0,9,0,14.0,False
ETH050,Health Post,Amhara,Oxytocin,2024-05,22.5,0.0,8,0,6.0,True
ETH050,Health Post,Amhara,Oxytocin,2024-06,110.0,0.0,6,0,22.0,False
ETH050,Health Post,Amhara,Oxytocin,2024-07,102.0,0.0,5,0,17.0,False
ETH050,Health Post,Amhara,Oxytocin,2024-08,42.9,0.0,7,0,10.0,False
ETH050,Health Post,Amhara,Oxytocin,2024-09,20.0,0.0,6,0,4.0,True
ETH050,Health Post,Amhara,Oxytocin,2024-11,70.0,0.0,6,0,14.0,False
ETH050,Health Post,Amhara,Oxytocin,2024-12,16.7,0.0,9,0,5.0,True
